0 968.202
0 1701.364
0 1102.29
0 599.328
0 841.688
0 369.45
0 933.418
0 1565.562
0 708.996
0 1523.752
0 949.852
0 517.478
0 296.16
0 690.004
0 1270.24
1 860.002
1 723.65
1 1344.38
1 1533.786
1 990.864
1 560.836
1 2092.738
1 588.796
1 1416.45
1 942.892
1 1018.282
1 1600.444
1 905.294
1 915.016
1 576.07
1 877.98
2 1165.114
2 1122.306
2 1251.346
2 3120.896
2 972.404
2 523.588
2 390.332
2 2376.368
2 532.506
3 589.566
3 724.968
3 1646.566
3 4281.054
3 353.456
3 599.09
3 379.162
4 1182.766
4 2276.46
4 1239.668
4 990.364
4 1095.526
4 1526.826
4 1463.454
4 302.84
4 1121.648
5 693.582
5 1738.594
5 526.416
5 454.006
5 1949.63
5 564.884
5 489.628
5 1354.38
5 750.966
5 1178.572
5 1740.948
5 1492.078
5 577.62
6 3252.86
6 562.788
6 627.454
6 1185.176
6 566.006
6 584.158
6 623.208
6 523.282
7 603.73
7 983.36
7 2673.16
8 1580.934
8 2131.99
8 1963.85
8 1075.784
8 2530.116
8 2204.234
8 3596.448
9 423.914
9 1244.162
9 450.128
9 472.662
9 2220.892
9 909.052
9 1024.018
9 451.724
9 2897.708
9 316.188
9 1619.81
10 710.508
10 2536.582
10 1963.262
10 289.982
10 582.542
10 536.392
10 776.234
10 620.01
10 1194.45
10 834.25
10 624.146
11 911.168
11 563.862
11 527.506
11 2541.214
11 673.056
11 1287.5
11 799.788
12 519.552
12 706.152
12 946.548
12 547.866
12 778.48
12 1204.706
12 762.872
12 673.402
13 2336.25
13 1117.012
13 976.564
13 930.104
13 667.878
13 593.938
13 1730.118
13 1509.912
13 810.33
13 1311.316
13 1112.814
14 394.088
14 444.752
14 1755.252
14 2794.198
14 568.292
14 996.464
14 765.64
14 406.612
14 470.18
14 2546.848
14 1156.968
14 1508.468
15 941.63
15 746.262
15 1483.168
15 3377.6
15 398.184
15 486.374
15 2594.596
15 986.564
16 401.278
16 3192.018
16 735.372
16 995.522
16 1599.216
16 763.836
16 1519.364
16 508.22
16 620.676
16 655.98
16 1639.378
16 691.554
17 4896.608
17 1830.906
17 201.764
17 1771.492
17 751.222
17 551.882
17 829.314
17 723.136
17 1767.166
18 1251.498
18 544.386
18 415.33
18 384.122
18 529.924
18 870.412
18 525.908
18 356.556
19 457.052
19 1370.136
19 1664.494
19 3175.216
19 749.63
19 766.162
19 824.738
19 740.976
20 630.996
20 1361.932
20 1695.464
20 846.96
21 1316.764
21 842.962
21 1003.558
21 1110.338
21 802.466
21 964.71
21 561.034
21 833.334
21 1609.768
21 2785.466
21 772.254
22 644.794
22 1903.984
22 1179.428
22 644.072
22 1634.946
22 799.772
22 912.188
23 488.036
23 547.728
23 2136.118
23 1502.322
23 586.794
24 1318.03
24 722.546
24 774.104
24 1226.27
24 592.916
24 699.432
24 1848.518
24 318.62
24 2837.15
24 1221.144
25 589.46
25 754.482
25 1465.826
25 787.052
25 3531.632
25 1438.162
25 1047.044
25 712.45
25 1423.746
25 1472.116
25 843.564
26 866.402
26 1306.4
26 764.676
26 416.394
26 298.774
26 1189.414
26 752.508
26 1459.932
26 662.74
26 631.114
26 1725.738
26 448.928
26 644.33
27 1756.282
27 323.624
27 527.706
27 882.946
27 659.026
27 2747.172
27 1145.79
27 527.562
27 976.796
27 1374.464
27 975.942
27 689.836
27 1156.552
27 492.078
28 1239.53
28 638.422
28 1403.39
28 724.156
28 608.246
28 1055.826
28 1393.904
28 2157.648
28 1254.072
28 455.396
28 1245.316
28 1646.816
28 424.094
28 1576.53
28 744.184
29 2384.752
29 991.826
29 773.154
29 492.026
29 652.632
29 1076.274
29 2343.844
29 964.26
29 1508.026
30 1749.578
30 2554.24
30 964.262
30 1110.72
30 380.648
30 1210.68
31 427.036
31 479.336
31 838.602
31 703.25
31 763.238
31 2256.254
31 830.898
31 781.468
31 797.956
31 2296.088
31 556.478
31 1837.662
31 1304.044
31 888.878
32 1014.832
32 1685.442
32 905.776
32 2421.242
32 614.864
33 1487.544
33 1713.702
33 394.84
33 434.892
33 837.004
33 1676.616
33 579.1
33 773.706
33 461.79
34 795.108
34 480.848
34 1063.826
34 796.788
34 438.486
34 409.424
34 277.068
34 643.02
35 1056.288
35 1210.298
35 1797.494
35 880.65
35 2199.854
35 388.67
35 1852.27
35 556.264
35 1470.542
36 1186.804
36 519.242
36 790.212
36 837.15
36 560.404
36 1764.786
36 1283.656
36 473.738
36 1212.974
36 490.802
36 2376.768
36 310.11
36 1870.098
37 1683.138
37 1041.244
37 742.038
37 1024.084
37 1898.026
37 1360.06
37 1914.25
38 2219.472
38 1611.926
38 1232.7
38 1729.73
38 1586.086
38 481.128
38 1552.458
38 954.046
38 688.058
38 274.1
38 1701.926
38 1097.32
38 1872.726
39 489.878
39 985.742
39 1006.06
39 703.324
39 1623.686
39 1125.946
39 1420.774
39 723.474
39 736.134
39 401.732
40 326.962
40 629.064
40 3353.23
40 1381.03
40 632.108
40 1293.192
40 577.08
41 985.61
41 1132.77
41 2310.462
41 898.372
41 1565.418
41 589.094
41 2179.21
41 1862.532
41 2516.008
41 773.652
41 361.24
41 1164.934
41 447.798
42 332.16
42 1375.41
42 2131.67
42 3209.732
42 1114.022
42 792.354
42 1159.45
42 924.344
42 507.472
42 1472.03
42 822.268
43 969.464
43 943.75
43 393.09
43 1186.618
43 2454.6
43 732.23
43 832.192
43 1695.354
43 2536.146
44 1563.114
44 1486.646
44 461.872
44 451.51
44 1189.2
44 950.63
44 2393.814
44 851.752
44 1279.994
45 556.388
45 351.412
45 991.93
45 401.174
45 425.572
45 1104.814
46 1372.208
46 728.064
46 643.122
46 1239.34
46 594.566
46 389.656
46 1362.95
46 689.58
46 1576.29
46 703.44
46 372.746
46 917.118
47 710.572
47 482.542
47 1177.794
47 779.636
47 391.962
47 744.19
47 1332.024
47 2486.35
47 948.58
47 738.434
47 1050.514
47 957.314
47 695.79
47 3196.948
47 339.946
47 1269.952
47 423.754
48 278.676
48 461.988
48 1045.11
48 813.186
49 717.824
49 782.928
49 2643.008
49 1122.338
49 337.492
49 595.018
50 554.79
50 1030.29
50 846.024
50 1951.078
50 1170.706
50 809.572
50 1433.632
50 951.554
50 218.026
50 439.676
50 364.052
50 684.976
51 697.138
51 629.328
51 2112.262
51 1001.828
51 539.942
51 1032.888
51 1773.58
51 410.132
52 1447.314
52 2239.162
52 938.812
52 776.066
52 794.516
52 883.782
52 1283.776
52 610.478
52 652.718
53 1881.624
53 2869.8
53 7587.576
53 1200.478
53 2610.986
53 788.068
53 519.972
53 273.808
53 3621.072
53 388.73
54 1224.1
54 1106.74
54 1128.592
54 584.404
54 762.538
54 487.054
54 707.526
54 652.09
54 1845.29
54 1890.12
54 1550.612
54 1040.6
55 1001.368
55 770.422
55 958.014
55 411.494
55 761.698
55 719.41
55 2968.76
55 895.862
55 756.482
55 1457.804
55 1121.306
55 295.668
56 328.76
56 763.504
56 464.146
56 943.32
56 1234.378
56 2275.86
56 632.506
56 548.962
56 612.422
56 968.128
56 1196.578
56 313.688
57 2057.6
57 632.388
57 2666.334
57 2546.958
57 593.302
57 1440.68
57 886.794
58 1095.134
58 1314.488
58 1333.204
58 1117.696
58 965.304
58 539.656
58 531.254
58 932.898
58 784.322
58 752.21
59 1212.744
59 473.402
59 1000.058
59 1109.53
59 922.028
59 1114.732
59 1880.202
59 671.684
59 868.048
59 2699.034
60 759.814
60 761.696
60 672.844
60 1412.084
60 1003.714
60 422.226
60 977.828
60 879.21
60 802.488
60 1010.188
60 1924.8
60 822.452
60 1005.228
61 471.862
61 1288.762
61 1421.066
61 1016.782
61 723.686
61 477.694
61 1460.396
61 1220.226
61 649.296
61 698.224
61 364.746
62 538.04
62 1647.608
62 776.266
62 1350.678
62 460.542
62 841.216
62 1379.4
62 516.104
62 844.394
62 1036.522
62 659.214
63 1984.906
63 1768.854
63 868.87
63 1780.72
63 667.75
63 437.182
64 439.076
64 729.372
64 979.374
64 2468.718
64 782.958
64 2060.68
64 1100.852
64 604.82
64 497.478
64 448.178
65 772.628
65 2018.26
65 295.108
65 1090.572
65 693.234
65 1102.934
65 1453.862
65 1349.32
65 954.83
65 1358.506
65 2070.216
65 926.548
65 2005.564
65 668.26
65 985.848
65 580.692
66 663.492
66 272.136
66 1694.496
66 1865.69
66 1619.3
66 1443.438
66 400.936
66 1194.354
66 754.918
66 1155.774
66 608.978
67 331.116
67 655.41
67 895.8
67 187.064
67 1187.644
67 602.446
68 1156.592
68 322.472
68 3065.404
68 1718.764
68 1467.876
68 632.352
68 1397.338
68 1489.694
68 854.37
69 2583.342
69 568.944
69 1167.086
69 558.824
69 1495.984
69 2138.428
69 752.89
69 1205.54
69 1161.124
69 742.348
69 1507.49
69 1138.014
69 1113.246
70 1196.38
70 1882.236
70 496.014
70 428.73
70 289.31
70 275.04
70 511.662
70 616.04
70 980.442
71 884.852
71 2114.742
71 644.468
71 1861.292
71 2629.19
71 1377.644
71 652.574
71 2076.57
71 1766.018
71 800.28
71 1547.28
71 1230.708
71 1534.502
71 1005.818
72 2033.536
72 798.662
72 507.57
72 1747.996
72 790.908
72 943.326
72 3290.694
72 2421.97
72 1271.348
72 697.702
72 376.334
72 668.742
72 1207.95
72 855.34
72 988.666
72 1261.648
72 453.502
73 2327.172
73 907.682
73 2275.756
73 732.634
73 897.456
73 625.294
73 781.288
73 634.1
73 822.16
73 3423.606
73 414.808
73 600.894
73 1138.784
73 1230.584
73 1404.166
73 1292.888
73 1276.49
74 1416.462
74 1392.292
74 1292.132
74 2770.19
74 447.894
74 718.21
74 1161.754
74 1148.004
74 1336.926
74 999.4
74 1359.544
75 1044.368
75 876.362
75 576.266
75 568.562
75 1425.734
76 777.186
76 453.824
76 937.034
76 999.508
76 610.826
76 2525.068
76 1662.322
76 2837.464
77 388.97
77 1037.426
77 693.868
77 1127.714
77 2439.402
77 552.338
77 627.906
77 732.454
78 1158
78 1071.068
78 780.502
78 834.558
78 1477.08
78 590.96
78 883.888
78 471.528
78 542.572
79 700.536
79 1270.56
79 1401.17
79 404.496
79 536.368
79 1435.154
79 522.858
79 1084.432
79 814.512
80 955.192
80 497.946
80 481.526
80 448.478
80 726.074
81 1690.516
81 569.192
81 693.762
81 1499.186
81 516.81
81 765.276
81 720.04
81 705.482
81 1127.536
81 3511.17
82 1246.778
82 2751.682
82 2053.064
82 554.548
82 806.21
82 1506.712
82 941.614
82 1480.856
82 1132.346
82 564.65
82 1102.618
82 762.128
82 801.674
82 1887.836
82 760.704
82 678.066
82 652.814
82 3264.878
82 849.358
82 487.794
83 1297.658
83 890.306
83 678.052
83 1128.75
83 1388.002
83 1898.984
83 1444.72
83 1423.668
83 1777.226
84 3093.158
84 439.258
84 487.934
84 703.91
84 646.442
84 967.174
84 3360.988
84 518.064
84 575.436
84 618.872
84 568.886
84 833.396
84 845.35
84 693.692
84 513.886
84 1072.566
84 724.854
84 696.786
85 2490.472
85 1313.762
85 399.53
85 962.716
85 734.31
85 1929.364
85 469.082
85 1741.898
85 1007.466
86 1595.74
86 721.77
86 1096.878
86 1723.866
86 1808.384
86 371.92
86 579.448
86 2510.446
86 495.406
86 810.374
86 1411.698
86 2626.87
86 1898.138
86 2136.21
87 891.866
87 1705.214
87 637.126
87 274.154
87 661.488
88 977.378
88 416.838
88 318.596
88 302.87
88 734.09
88 782.542
88 1087.096
88 1309.158
88 3300.298
88 1471.094
88 1309.106
88 1258.08
88 808.412
88 547.198
88 556.704
89 1104.182
89 663.9
89 1319.922
89 492.904
89 969.572
89 1740.576
89 1913.86
90 324.37
90 1828.316
90 1671.544
90 908.462
90 1428.754
90 275.558
90 1192.414
90 1460.662
90 696.864
90 1297.808
91 3388.976
91 1090.524
91 1193.802
91 1084.374
91 1793.068
92 377.258
92 1962.166
92 1379.552
92 954.056
92 1150.604
92 416.602
92 492.036
92 1007.882
92 1658.244
92 1641.498
92 329.834
93 935.206
93 1407.638
93 473.222
93 2270.754
93 611.472
93 1672.176
93 523.128
93 406.714
94 1019.414
94 2103.828
94 1774.016
94 1804.65
94 973.568
94 1001.452
94 1281.082
95 798.522
95 683.53
95 690.014
95 583.944
95 1926.476
95 903.28
95 311.394
95 660.036
95 423.984
95 582.806
96 518.746
96 1170.264
96 1409.51
96 929.516
96 897.74
96 551.782
96 1263.698
96 917.598
97 1072.33
97 1245.138
97 613.226
97 1124.468
97 2088.006
97 646.754
98 1109.398
98 1106.634
98 768.578
98 1035.056
98 544.136
98 1172.778
98 945.802
98 635.216
99 374.174
99 1460.98
99 1145.818
99 1756.32
99 1148.416
99 353.17
99 983.616
99 915.976
100 329.206
100 492.124
100 281.394
100 1225.434
100 854.206
100 918.95
100 2414.752
100 2423.81
101 927.66
101 577.946
101 548.996
101 1539.826
101 2782.438
101 328.38
101 509.41
102 913.57
102 471.17
102 853.624
102 361.59
102 413.964
102 1601.236
102 1934.976
102 976.556
102 849.27
102 798.982
102 1909.554
102 855.874
102 700.54
103 1779.452
103 1089.7
103 1032.316
103 2147.828
103 1236.466
103 1961.328
103 1562.496
103 1959.172
103 725.458
103 559.822
103 459.2
103 1246.678
103 972.364
103 1132.364
104 1139.338
104 682.664
104 3201.374
104 478.182
104 1196.222
104 222.562
104 2091.42
104 489.61
104 532.854
105 3646.042
105 1061.256
105 361.014
105 827.842
106 1818.088
106 2805.668
106 848.834
106 1144.982
106 607.326
106 669.622
106 561.882
107 3911.424
107 373.362
107 1165.388
107 329.38
107 1619.964
107 1748.476
107 906.972
107 1572.042
107 1593.946
107 3138.31
107 1262.934
107 1542.976
107 656.186
107 404.428
108 687.092
108 512.098
108 1637.892
108 775.642
108 970.938
108 3019.654
108 751.698
108 1142.718
108 1278.196
109 770.058
109 599.106
109 2943.992
109 2158.146
109 466.166
109 309.698
109 626.274
109 1391.226
109 743.364
109 600.64
109 1158.816
109 752.652
109 681.18
109 561.222
110 881.16
110 1071.25
110 576.738
110 518.418
110 606.52
110 703.91
110 1525.88
110 687.192
110 1730.708
110 828.646
110 331.66
111 801.144
111 683.092
111 679.188
111 1467.106
111 422.27
111 3335.012
111 943.806
111 729.026
111 1750.592
111 411.33
111 1094.982
111 2918.94
112 573.574
112 847.388
112 1009.928
112 501.026
112 1207.76
112 1214.766
112 833.01
112 914.852
112 389.728
113 1309.894
113 738.114
113 1554.194
113 960.394
113 519.13
113 497.168
113 708.184
113 686.324
113 2118.754
113 2277.676
114 931.074
114 463.16
114 904.514
114 395.048
114 1155.186
114 1047.524
114 2224.318
114 1615.144
114 318.67
114 2667.868
115 2031.186
115 923.84
115 668.542
115 1621.588
115 778.68
115 502.594
115 445.888
115 1815.366
116 634.886
116 2468.502
116 462.982
116 1283.25
116 497.698
116 1410.028
116 621.622
116 1776.41
116 591.786
116 1162.824
116 694.646
117 624.438
117 427.276
117 707.392
117 2027.556
117 1352.088
117 718.396
117 1873.214
117 627.252
117 612.03
118 528.108
118 672.852
118 3285.554
118 410.796
118 1596.664
118 958.268
118 621.052
118 727.854
118 672.076
118 969.74
118 2338.488
119 573.958
119 541.046
119 1512.102
119 2079.954
119 1842.166
119 1177.426
119 1741.992
119 666.334
119 2862.032
119 694.638
120 531.956
120 1093.966
120 569.974
120 719.224
120 1152.06
120 1015.74
120 667.556
120 985.488
120 409.08
120 1053.162
121 523.488
121 593.14
121 628.778
121 1432.06
121 606.596
121 2666.624
121 474.686
121 1121.75
122 3249.11
122 908.276
122 858.802
122 1358.044
122 3591.536
122 301.466
122 701.768
122 578.686
122 200.268
122 861.992
122 1984.862
122 315.378
122 3777.994
122 498.67
122 1623.726
122 3042.058
123 790.542
123 776.262
123 2227.812
123 802.704
123 790.278
123 719.816
123 1307.678
123 1540.826
123 488.882
123 624.484
123 508.454
124 704.52
124 779.614
124 1559.73
124 2767.224
124 855.684
124 476.484
124 729.398
124 311.41
124 822.176
124 4570.746
125 778.894
125 473.23
125 1450.258
125 982.342
125 876.662
125 1077.844
125 816.25
125 923.842
125 536.336
126 2040.794
126 1291.214
126 1175.32
126 1041.53
126 867.198
126 376.81
126 559.98
126 583.29
126 1619.108
126 1448.136
126 562.634
127 793.098
127 870.784
127 492.232
127 1433.106
127 882.378
128 826.06
128 931.436
128 969.588
128 716.988
128 2471.162
128 1150.948
129 732.482
129 546.098
129 1141.55
129 4010.044
129 629.87
129 682.382
129 748.232
129 734.566
129 2345.434
129 1217.448
130 3643.298
130 1887.362
130 1221.142
130 1508.1
130 1269.252
130 759.43
130 1399.476
130 542.198
130 500.734
130 1088.256
130 738.564
130 839.772
130 862.368
130 782.482
130 1227.442
130 380.226
131 638.54
131 1129.578
131 386.006
131 1235.114
131 1364.516
131 428.97
131 1589.766
131 462.538
131 4010.044
132 999.926
132 1112.596
132 322.688
132 588.964
132 799.554
132 1422.03
132 1303.042
132 1313.288
132 844.52
132 1190.006
132 1165.94
132 649.272
133 540.324
133 1260.308
133 618.204
133 2093.264
133 1786.306
133 539.85
133 734.452
133 2840.108
133 634.156
133 2527.818
133 638.686
133 1231.84
133 1360.456
133 1265.494
133 1236.822
133 667.398
133 824.582
134 878.76
134 1070.22
134 747.842
134 273.884
134 1711.342
134 478.612
134 809.692
134 567.876
134 386.32
135 860.868
135 364.098
135 522.036
135 3151.284
135 807.99
135 757.234
135 847.264
135 1290.212
135 635.012
135 367.664
135 482.486
135 396.61
135 1860.972
135 1130.962
135 370.924
135 1247.15
135 863.692
136 495.654
136 354.46
136 2145.988
136 584.124
136 1128.882
136 982.71
136 1426.804
136 466.624
136 1282.858
136 914.422
137 2901.472
137 299.164
137 673.764
137 761.482
137 2600.892
137 1399.698
137 1104.486
137 577.672
138 2433.606
138 1405.24
138 763.078
138 1722.386
138 1295.144
138 662.768
138 2351.714
138 749.2
138 1009.126
138 2541.924
138 892.114
138 772.388
138 1045.578
138 734.828
138 1292.24
139 593.23
139 1368.454
139 317.422
139 4830.042
139 332.394
139 266.788
139 978.694
139 2264.426
139 215.668
140 568.382
140 645.154
140 1616.7
140 602.84
140 893.17
140 1776.248
140 2611.65
140 1300.21
140 587.098
140 1556.138
140 1011.864
140 329.122
140 1040.196
140 940.592
140 1526.534
141 378.426
141 975.554
141 1570
141 2001.746
141 1714.056
141 587.554
141 1072.896
141 499.168
141 3077.522
141 1462.124
141 2936.42
141 615.172
141 936.488
141 1175.32
141 1016.654
142 597.016
142 1641.224
142 1232.916
142 2390.806
142 651.956
142 1540.66
142 1824.166
143 1112.162
143 1479.762
143 3048.058
143 785.054
143 1932.746
143 2570.974
143 1219.516
144 1365.054
144 374.562
144 1136.348
144 323.218
144 1031.276
145 674.482
145 655.988
145 1272.232
145 445.344
145 608.02
145 1099.712
145 962.44
145 854.292
145 5730.632
145 1253.488
145 933.09
146 932.406
146 480.212
146 1672.66
146 1739.748
146 674.48
146 507.926
146 1069.366
146 1437.742
146 1200.972
146 543.928
146 1206.442
146 1167.814
146 432.284
146 1419.274
146 2492.846
147 1500.57
147 1977.336
147 434.998
147 1227.988
147 917.564
147 1206.158
147 2272.112
147 1309.128
147 568.816
147 1342.55
147 552.306
147 1939.634
147 1062.904
147 785.106
147 1638.59
147 1363.182
148 2957.876
148 1201.492
148 917.644
148 922.438
148 613.584
148 1793.608
148 258.46
148 2496.094
148 1449.688
148 398.74
148 2691.294
149 632.57
149 931.334
149 373.516
149 1002.804
149 906.108
149 408.882
149 591.822
149 336.65
149 1328.584
150 1994.016
150 1309.9
150 2731.926
150 1303.332
151 1849.152
151 216.248
151 3433.784
151 1046.256
151 369.2
151 1441.35
151 635.15
151 1448.87
151 560.958
152 936.484
152 925.808
152 704.992
152 485.136
152 351.32
152 1564.582
152 3231.576
152 2903.108
152 738.184
152 1092.926
152 2911.808
153 580.262
153 266.084
153 1410.63
153 2519.994
153 3641.464
153 302.512
153 1071.962
153 1281.652
153 628.72
154 1377.298
154 931.41
154 2227.992
154 307.302
154 659.196
154 3087.23
154 1299.074
154 694.724
154 1606.466
154 1251.358
155 708.71
155 1753.138
155 1336.93
155 1301.6
155 788.312
155 1332.652
155 3231.686
155 835.112
155 783.238
155 1196.29
155 232.562
155 721.492
155 1221.788
155 684.872
155 1241.342
156 717.4
156 683.328
156 826.988
156 1370.836
156 886.662
156 2410.552
156 293.73
156 505.174
156 2557.936
156 1085.378
157 1279.784
157 1945.976
157 2716.558
157 1736.216
157 2440.522
157 1927.838
157 1407.868
157 679.638
157 661.524
158 1147.99
158 551.266
158 563.054
158 552.506
158 994.056
158 411.204
158 1023.738
158 474.566
158 2095.734
158 940.044
158 561.172
158 353.424
158 864.722
158 631.616
159 1696.538
159 498.178
159 1451.894
159 1882.49
159 632.964
160 734.248
160 902.006
160 2803.938
160 1174.204
160 341.042
160 990.426
160 1662.7
160 1787.068
160 937.572
160 675.652
160 159.58
161 707.788
161 477.752
161 759.12
161 1041.462
161 1841.344
161 1770.77
161 3355.57
161 690.396
161 740.51
161 2066.41
161 2189.868
162 871.32
162 1718.948
162 1452.696
162 1613.748
162 1838.964
162 863.162
162 258.236
163 683.1
163 976.298
163 2501.228
163 1585.898
163 850.064
163 492.504
163 1079.94
163 1500.948
163 2671.532
163 1160.028
163 826.224
164 1469.92
164 1304.376
164 3571.176
164 872.488
164 1301.908
164 755.486
164 747.242
164 315.554
164 1241.652
165 614.528
165 3386.194
165 1386.774
165 1196.806
165 1079.622
165 1016.542
165 905.986
165 1594.158
165 1293.278
165 917.918
165 1371.03
165 791.122
165 1190.586
165 639.894
166 1771.914
166 511.5
166 478.822
166 458.722
166 1090.378
166 1357.768
166 1581.856
166 1056.766
166 975.198
166 1627.968
167 1378.502
167 2513.084
167 870.37
167 429.408
167 2425.142
167 534.344
167 903.216
167 1144.316
167 528.806
167 1345.396
167 875.678
167 413.838
167 1375.768
167 892.35
168 2413.28
168 800.762
168 191.706
168 937.116
168 628.632
168 1936.484
168 255.628
168 1013.588
168 330.758
168 511.918
168 523.768
168 2480.128
168 1660.466
168 1015.008
168 3241.742
168 2634.148
168 949.49
168 1024.24
169 873.372
169 1607.804
169 1655.186
169 1635.438
169 2175.692
169 1756.294
169 1145.914
169 766.976
169 978.996
170 486.722
170 947.222
170 1093.558
170 916.88
170 963.418
170 660.8
170 482.126
170 568.22
171 579.616
171 2217.236
171 1502.038
171 1329.67
171 629.514
171 499.86
171 2172.12
172 1802.19
172 1734.66
172 439.086
172 571.448
172 805.782
173 314.388
173 709.196
173 1937.682
173 3470.722
173 303.032
173 338.694
173 2602.708
173 1115.42
173 1153.54
173 1431.156
173 453.02
173 1522.894
174 379.67
174 462.82
174 793.028
174 1835.578
174 1321.02
174 436.25
174 255.848
174 542.854
174 1357.312
174 654.124
174 424.018
174 1068.888
174 1011.064
175 660.804
175 1797.838
175 1740.344
175 697.384
175 1156.542
175 696.484
175 375.752
175 1435.032
175 993.278
175 1213.478
175 965.428
175 1736.13
175 1011.82
175 2220.998
175 1123.028
175 709.234
175 419.404
176 1216.77
176 1977.63
176 646.846
176 2145.572
176 1759.532
177 927.9
177 668.376
177 1444.266
177 2693.052
177 979.016
177 1672.768
177 410.888
177 1075.048
177 584.604
177 708.818
178 2449.894
178 1374.162
178 809.214
178 419.82
178 571.936
178 549.778
178 1437.164
178 530.04
178 1043.39
178 926.276
178 1696.248
178 595.842
178 1634.77
178 681.676
178 600.5
179 1248.042
179 622.586
179 873.144
179 346.886
179 3200.822
179 1778.656
179 921.8
179 500.358
179 309.564
179 791.188
179 2177.218
179 793.896
179 534.576
179 1554.422
180 684.398
180 2067.772
180 371.512
180 1032.708
180 1661.422
180 712.752
180 839.702
180 1946.384
180 3584.018
181 2030.734
181 912.766
181 2278.96
181 712.442
181 1152.486
181 1922.392
181 1062.394
181 1145.344
181 714.778
181 944.808
181 2269.314
181 760.674
181 1294.784
181 827.96
181 1151.95
181 731.308
182 1038.932
182 1352.828
182 863.264
182 1061.842
182 1791.97
182 533.43
182 860.85
182 1672.034
182 836.874
182 932.518
182 1356.084
182 1666.368
183 986.232
183 433.37
183 883.728
183 1075.312
183 5577.432
183 1022.522
183 610.136
183 1254.07
183 1511.096
183 1483.24
184 1765.882
184 718.174
184 853.372
184 390.608
184 1858.626
184 1910.154
185 947.738
185 1387.488
185 912.236
185 781.362
185 962.202
185 374.948
185 1148.478
185 411.608
185 583.986
186 1739.644
186 1579.276
186 809.886
186 554.228
186 309.22
186 1159.608
186 1040.794
186 1426.706
186 1770.024
187 669.482
187 281.968
187 246.94
187 609.726
187 2172.88
187 939.36
187 940.982
187 1097.716
187 785.808
187 536.596
187 661.858
187 872.172
188 1493.69
188 960.132
188 1240.348
188 1085.706
188 1165.104
188 1441.734
188 1617.684
188 2022.152
188 1084.504
188 1618.426
188 1399.258
188 518.674
189 1074.678
189 1237.546
189 2569.72
189 565.096
189 677.938
189 763.014
189 851.886
189 780.396
189 2716.608
189 645.38
190 1731.504
190 1711.688
190 1284.444
190 824.858
190 493.882
190 2188.948
190 1054.142
190 2146.03
190 980.316
190 724.44
190 1207.478
191 959.894
191 1304.01
191 3274.112
191 1730.684
191 2099.154
191 965.536
191 2362.146
191 336.082
191 798.008
191 936.446
191 2782.97
192 814.888
192 817.686
192 404.03
192 1835.824
192 1631.524
192 1069.086
192 740.89
193 319.59
193 1271.986
193 528.414
193 635.44
193 1287.086
193 380.412
193 1265.93
194 450.138
194 1138.284
194 996.194
194 552.668
194 1923.286
194 575.682
194 1863.402
195 549.42
195 1138.85
195 900.38
195 1310.086
195 3157.292
195 2268.034
195 2894.596
195 1692.522
195 1253.964
195 1192.424
195 1181.148
195 885.876
195 637.13
195 1243.018
196 2317.088
196 509.298
196 699.818
196 2529.074
196 516.408
196 1287.134
196 585.942
196 1064.398
196 614.568
196 2506.626
196 394.012
196 1010
196 829.474
196 1378.54
196 640.98
196 2852.308
196 2297.752
196 2411.082
197 492.422
197 470.998
197 717.922
197 826.75
197 1517.278
197 622.53
197 1116.976
197 741.452
198 1755.052
198 2162.24
198 928.326
198 1415.078
198 1509.226
198 1303.386
198 1441.292
198 212.048
198 1872.356
199 1323.7
199 1061.202
199 971.552
199 900.374
199 788.27
199 666.312
199 530.27
199 1281.068
199 1609.304
199 1091.15
199 981.056
199 455.944
200 1442.246
200 807.25
200 1293.034
200 934.61
200 685.218
200 507.4
200 1734.068
201 3418.814
201 1142.724
201 939.25
201 913.202
201 885.558
201 1775.298
201 1570.926
201 2900.386
201 1344.67
202 766.4
202 2622.992
202 1337.212
202 1034.92
202 826.038
202 1937.428
202 670.406
202 951.202
202 1358.572
202 1283.348
202 1324.808
203 1237.028
203 1359.824
203 356.932
203 585.03
203 795.838
203 550.672
203 1018.73
203 1291.598
203 569.734
203 1211.356
203 1744.734
203 1673.51
203 520.114
203 1047.236
204 890.858
204 2563.346
204 931.584
204 422.456
204 640.328
204 516.638
204 1534.276
204 1375.78
204 1162.602
204 1059.59
204 1271.708
205 491.28
205 1695.186
205 1096.124
205 786.072
205 717.41
205 1814.542
205 821.434
205 1025.576
205 471.686
205 4083.74
205 1600.358
205 2347.198
205 278.846
206 1460.218
206 631.786
206 1023.902
206 233.886
206 692.91
206 1817.758
206 784.422
206 757.378
206 682.082
206 524.73
206 709.31
206 840.844
206 588.736
206 436.54
206 358.998
206 513.8
207 2582.654
207 1265.642
207 666.524
207 557.218
207 819.53
207 2355.89
207 1441.748
208 1717.098
208 1284.924
208 405.654
208 636.172
208 1129.874
208 788.712
208 812.834
208 1708.822
208 612.346
209 1025.446
209 2079.184
209 454.044
209 361.57
209 552.018
209 300.336
209 736.582
209 1821.064
209 383.752
209 1439.902
209 2454.672
209 611.872
209 551.636
209 624.408
210 2271.796
210 717.368
210 575.374
210 3129.296
210 628.006
210 842.582
210 913.852
210 3006.778
210 882.33
210 1366.036
211 465.336
211 965.616
211 722.59
211 2197.174
211 785.962
211 1447.818
211 686.71
211 708.548
211 1547.784
211 1257.514
211 1054.55
211 1657.718
211 518.818
211 1086.812
211 2478.914
211 1244.266
211 408.65
212 421.778
212 621.326
212 933.102
212 884.368
212 1105.838
212 1616.224
212 368.798
212 704.096
212 1606.254
212 1550.08
213 354.38
213 646.446
213 456.228
213 654.644
214 629.838
214 1223.184
214 1410.534
214 500.556
214 727.728
214 372.294
215 829.164
215 2270.876
215 3259.59
215 613.496
215 2497.02
215 720.138
215 1735.488
215 1014.266
215 1557.832
215 1284.696
215 2451.434
216 1137.09
216 394.162
216 1244.458
216 563.424
216 1057.842
216 516.71
216 967.048
216 411.944
216 1981.072
216 596.65
216 685.216
217 331.448
217 529.774
217 789.764
217 4240.754
217 761.312
218 2313.852
218 838.14
218 1520.106
218 453.066
218 1034.928
218 1029.092
218 1681.746
218 1062.408
219 726.79
219 1324.778
219 2344.064
219 1467.6
219 3131.776
219 3360.656
220 757.416
220 811.912
220 423.092
220 334.924
220 779.96
220 1531.12
220 1863.492
221 763.87
221 342.786
221 881.852
221 1540.234
221 2466.572
221 677.41
221 814.072
221 642.52
221 2447.284
221 1500.186
222 840.054
222 718.482
222 435.62
222 929.522
222 474.114
222 330.382
222 511.372
222 802.566
222 839.616
222 777.692
223 2111.862
223 701.502
223 3165.224
223 1027.386
223 842.052
224 650.232
224 309.464
224 311.466
224 581.85
224 474.142
224 1087.8
225 705.812
225 812.426
225 360.596
225 898.588
225 1523.146
225 667.968
225 651.792
225 453.182
226 626.554
226 1067.846
226 1191.53
226 942.612
226 1385.134
226 617.706
226 2673.5
226 597.486
226 765.002
226 838.422
226 1401.722
227 1056.308
227 1294.784
227 992.668
227 1222.762
227 1575.03
227 2655.24
228 934.532
228 1356.542
228 503.964
228 1249.978
228 1336.284
228 2583.224
228 585.872
228 825.198
228 3697.034
228 1510.508
228 643.278
228 637.902
229 821.354
229 980.326
229 309.398
229 1132.766
229 981.618
229 882.162
229 1051.392
229 920.658
229 854.836
229 1405.862
229 1017.668
230 897.828
230 487.788
230 680.98
230 2518.532
230 2482.43
230 678.758
230 622.996
230 1548.296
230 1041.83
230 586.416
230 1122.94
230 2232.118
230 1521.518
230 985.316
230 1432.31
231 1317.31
231 1158.754
231 2986.17
231 1772.994
231 736.046
231 213.708
231 748.686
231 1100.094
231 794.57
231 916.642
231 886.388
232 720.86
232 1117.51
232 789.94
232 925.05
233 414.4
233 286.138
233 1989.51
233 426.26
233 1176.442
233 557.258
233 351.056
233 1529.976
233 969.202
233 797.924
234 1188.028
234 1712.882
234 898.388
234 895.034
234 560.462
234 2029.826
234 751.168
234 1008.25
234 1122.13
234 664.194
234 1766.488
235 2420.59
235 3656.818
235 1373.288
235 941.546
235 2184.482
235 1014.66
235 1056.266
235 549.188
235 1324.04
235 730.056
235 358.448
235 326.352
236 383.394
236 1283.242
236 488.784
236 949.732
236 609.416
236 1029.678
236 1011.616
236 1848.742
237 795.81
237 301.386
237 621.92
237 484.326
237 1297.202
237 899.71
237 1020.746
237 899.328
237 613.012
237 280.308
237 2057.21
238 2232.312
238 199.67
238 890.92
238 407.092
238 365.962
238 597.204
238 926.916
238 2086.66
238 249.376
238 1867.372
238 2089.61
239 1036.742
239 188.022
239 633.172
239 1107.776
239 799.712
239 488.958
239 743.056
239 386.982
239 1863.14
240 1105.15
240 657.616
240 692.87
240 952.354
240 2266.506
240 1188.92
240 1512.436
240 742.164
240 626.79
240 187.2
241 458.05
241 1012.122
241 829.562
241 800.33
241 446.974
241 2992.088
241 1395.728
241 1520.524
241 772.75
241 961.082
241 2853.338
241 1016.604
242 2282.838
242 610.422
242 483.438
242 4828.126
242 494.962
242 659.37
242 550.422
242 921.07
242 239.728
242 814.602
242 321.408
242 483.872
242 983.818
242 529.848
243 819.342
243 1565.506
243 659.288
243 1232.554
243 1243.46
243 1257.412
243 714.134
243 1123.496
244 1370.17
244 975.724
244 453.794
244 830.64
244 1032.066
244 617.314
244 1760.78
244 1333.682
245 802.886
245 1487.802
245 1480.384
245 928.446
245 258.98
245 519.826
245 786.35
246 363.142
246 999.338
246 888.35
246 596.808
246 909.042
246 1436.826
246 810.354
247 1305.696
247 380.466
247 502.22
247 939.002
247 1209.32
247 869.834
247 1056.11
247 1286.14
247 492.446
247 540.266
247 1385.624
247 581.038
248 428.124
248 1616.198
248 769.982
248 1210.214
248 687.506
248 2387.774
248 461.21
248 1831.786
248 402.116
249 1497.41
249 2622.874
249 920.812
249 1975.524
249 291.434
249 783.476
250 821.716
250 1560.794
250 3392.148
250 869.992
250 880.49
250 404.05
250 666.014
250 508.958
250 1090.214
251 1627.732
251 730.038
251 2296.512
251 870.254
251 256.04
251 1433.91
251 513.45
252 1660.38
252 2037.22
252 488.356
252 3682.474
252 680.52
252 2594.046
252 912.314
253 634.018
253 631.146
253 695.646
253 1557.196
253 739.984
253 854.7
253 431.21
253 1074.572
253 595.486
253 3232.228
253 1299.206
253 2160.276
254 583.918
254 1019.75
254 703.484
254 1011.022
254 1123.448
254 439.596
254 693.564
254 1286.954
254 443.13
254 649.488
254 1615.334
254 572.118
254 1685.116
254 834.246
255 1753.65
255 427.876
255 1526.414
255 1476.674
255 766.852
255 1324.222
256 789.496
256 1580.142
256 631.076
256 439.756
256 2189.532
256 769.238
256 546.296
256 819.792
257 378.418
257 2319.386
257 839.594
257 1514.91
257 368.298
257 1000.266
258 1307.22
258 545.732
258 1555.46
258 416.162
258 1408.99
258 1886.352
258 1209.122
258 660.974
258 875.816
258 831.292
258 594.244
258 748.908
258 2283.906
258 569.694
258 549.314
258 594.958
258 570.778
259 979.552
259 799.81
259 557.6
259 610.054
259 288.992
259 1183.93
259 3999.054
259 651.268
259 877.48
259 1435.656
259 592.822
260 3123.54
260 978.986
260 536.272
260 601.65
260 512.616
260 1389.06
260 1223.384
260 615.816
260 740.86
260 2975.564
261 445.2
261 1409.012
261 890.408
261 529.66
261 1224.852
261 1321.402
261 463.79
262 251.768
262 897.61
262 3111.63
262 1753.612
262 489.758
262 968.886
262 5620.368
262 1058.654
262 801.432
262 1589.712
262 738.906
262 1950.31
263 2563.768
263 282.268
263 1589.874
263 568.95
263 1221.462
263 875.598
263 1058.678
263 681.508
263 1879.484
263 1017.556
264 1719.356
264 1647.484
264 1311.944
264 1733.774
264 488.704
264 750.712
265 2507.58
265 1071.428
265 1299.03
265 701.368
265 1593.672
265 554.77
265 426.28
265 344.81
265 1487.35
266 1264.444
266 602.874
266 1325.25
266 669.838
266 689.746
266 792.858
266 704.932
267 2649.814
267 2268.536
267 392.03
267 754.174
268 1295.634
268 920.554
268 849.518
268 909.214
268 520.71
268 873.444
268 530.858
268 1291.826
268 1250.962
268 1717.746
268 830.836
268 1036.85
268 1949.884
268 468.818
268 628.948
269 511.638
269 699.65
269 445.802
269 1374.71
269 2789.034
269 1251.62
269 570.996
269 1224.802
269 795.544
269 452.994
269 1586.248
269 1624.584
270 1390.86
270 1292.268
270 1448.41
270 539.974
270 1256.208
270 1536.284
270 1400.352
270 398.348
270 1406.838
271 584.934
271 245.354
271 981.546
271 1235.002
271 874.322
271 483.912
271 1112.106
271 2432.712
271 928.612
271 367.94
271 1327.708
272 700.526
272 1136.62
272 558.626
272 989.182
272 1844.462
272 1150.288
272 1111.788
272 1182.334
272 1379.836
272 2008.762
272 1365.832
273 833.95
273 488.368
273 651.592
273 1833.39
273 659.652
273 765.056
273 749.994
273 1757.766
273 3403.596
274 664.17
274 1054.998
274 2052.916
274 2171.908
274 572.398
274 891.452
274 1112.766
275 647.926
275 164.524
275 648.91
275 636.69
276 587.062
276 1030.618
276 792.624
276 1921.068
276 1177.198
276 1139.096
276 580.524
276 1164.578
276 1162.142
277 1945.68
277 926.814
277 963.12
277 857.202
277 811.944
277 1453.228
277 1076.622
278 651.422
278 711.202
278 427.278
278 825.792
278 894.882
278 250.278
278 1348.058
278 310.642
279 1055.962
279 1674.11
279 1264.548
279 522.494
279 1957.504
279 2436.134
279 1495.682
279 838.24
279 524.414
279 1400.588
279 737.674
280 1512.052
280 763.074
280 983.888
280 1655.316
280 875.006
280 1311.912
280 349.3
280 601.274
280 929.104
280 413.244
280 1030.672
280 284.862
280 2153.598
281 2596.65
281 1793.98
281 457.252
281 1138.226
281 899.886
281 437.642
281 788.38
281 1942.724
281 641.15
281 393.51
281 665.342
281 1468.936
281 564.074
282 744.108
282 708.726
282 1055.8
282 1673.448
282 905.076
282 965.292
282 1233.88
282 1468.134
282 1364.042
282 693.83
283 2177.942
283 602.47
283 893.226
283 484.55
283 2303.872
283 2533.044
283 692.118
283 2345.086
283 1486.814
283 1363.77
283 869.516
284 1159.466
284 666.228
284 2129.414
284 680.082
284 511.416
284 284.564
284 564.378
284 772.91
284 2345.898
284 661.29
284 709.22
285 457.982
285 850.49
285 2368.456
285 1139.098
285 994.038
285 1621.93
285 2220.246
285 593.128
285 2319.532
285 926.022
285 1680.324
285 3002.35
285 1148.208
285 442.49
286 1152.446
286 707.804
286 2076.412
286 319.59
286 517.888
287 1804.966
287 534.208
287 703.122
287 2024.398
287 912.004
287 257.236
287 908.066
288 707.644
288 548.088
288 1355.144
288 1727.04
288 2139.264
288 988.55
288 1743.59
288 480.29
289 381.456
289 1311.318
289 1397.336
289 749.234
289 1007.95
289 993.556
289 641.554
289 665.972
289 496.824
289 811.75
289 458.292
289 1358.868
289 2207.914
290 1313.438
290 2897.032
290 2213.296
291 754.088
291 451.224
291 762.652
291 1209.062
291 800.902
291 1654.358
291 1059.958
291 3548.074
291 2358.944
291 557.32
291 440.844
291 604.61
291 2309.126
291 634.214
292 484.316
292 1815.876
292 3476.408
292 625.514
292 511.634
292 987.71
292 1499.31
292 1209.15
292 687.942
292 895.994
292 2275.874
292 1144.872
292 1099.926
293 843.094
293 605.234
293 862.648
293 495.284
293 933.448
293 4365.742
293 2320.742
293 768.374
293 672.026
293 970.658
293 658.1
293 567.654
293 518.814
294 1446.246
294 3081.276
294 1022.726
294 1031.548
294 4870.364
294 379.16
294 550.718
294 1004.762
294 1671.598
294 1060.89
294 1218.576
294 529.766
295 1817.542
295 828.8
295 211.626
295 1967.538
295 1409.824
295 1297.776
295 1106.342
295 2038.652
295 2101
295 731.514
295 573.016
296 1003.186
296 1139.33
296 1032.298
296 410.076
296 917.258
296 1942.156
296 1348.114
296 1140.584
297 523.198
297 625.45
297 1036.498
297 1324.998
297 866.906
297 913.188
297 367.4
297 2810.84
297 1062.042
298 987.404
298 1004.518
298 634.7
298 760.744
298 1681.602
298 766.978
298 689.17
299 542.164
299 1878.702
299 695.292
299 1370.394
299 619.352
299 2244.682
299 265.924
300 1374.078
300 555.074
300 995.662
300 459.38
300 1006.544
300 259.598
300 963.66
300 4513.396
300 968.316
301 911.416
301 356.438
301 1160.182
301 766.604
301 939.852
301 1425.136
301 814.722
301 1358.786
301 749.066
301 436.55
301 881.964
301 2017.012
302 2906.946
302 1938.906
302 1427.956
302 990.064
302 2140.41
302 1187.078
302 1351.282
302 1324.026
302 413.254
303 637.268
303 1037.294
303 1666.068
303 773.776
303 572.872
303 1389.79
303 595.93
303 697.778
303 4260.916
303 2156.076
303 1296.174
303 586.54
303 779.504
303 472.278
304 395.892
304 582.418
304 855.128
304 604.798
304 413.034
304 1230.784
304 2472.352
304 401.884
304 754.156
305 1193.274
305 991.844
305 669.992
305 694.42
305 475.654
305 2475.908
305 811.92
305 1964.096
305 523.748
305 1135.186
306 1265.26
306 566.734
306 800.566
306 416.688
306 866.048
306 2224.462
306 3009.374
306 903.846
307 934.452
307 1214.014
307 1831.592
307 424.696
307 2530.96
307 1801.976
307 475.512
307 1790.094
307 1006.61
307 302.192
307 2689.93
307 1057.752
307 877.806
308 1010.44
308 884.722
308 2460.246
308 709.844
308 729.596
308 702.382
308 859.268
308 2087.982
308 768.972
308 860.904
308 782.396
308 2233.896
309 339.598
309 334.422
309 935.73
309 728.974
309 554.796
309 576.69
309 468.202
309 692.236
309 965.212
309 699.136
309 708.516
309 1094.748
309 712.16
309 772.584
309 2549.12
309 1019.916
310 1328.382
310 803.324
310 1986.244
310 696.076
310 802.964
310 552.776
310 502.386
310 781.322
310 943.192
310 2502.52
311 529.532
311 895.156
311 906.01
311 718.162
311 637.642
311 1143.82
312 1769.172
312 2030.714
312 561.066
312 988.926
312 555.338
312 514.376
312 1313.902
312 617.002
312 764.458
312 410.642
312 584.206
313 348.196
313 406.012
313 1091.756
313 1778.046
313 813.978
313 671.374
313 1189.416
313 365.932
313 599.13
313 1812.27
313 789.696
313 365.272
313 679.988
314 1120.91
314 1406.542
314 2545.216
314 840.626
314 1159.458
314 824.122
314 1627.732
314 2178.716
314 920.91
315 2144.71
315 1100.838
315 1574.094
315 1543.414
315 1303.182
315 1805.354
315 355.14
315 729.37
315 854.456
316 1086.21
316 943.45
316 884.28
316 480.718
316 1016.574
316 738.544
316 227.61
316 526.966
316 956.83
316 2015.582
316 257.654
316 613.62
317 610.75
317 2911.91
317 456.198
317 1601.672
317 1619.976
317 1757.104
317 478.784
318 1328.416
318 935.068
318 1202.206
318 481.738
318 695.936
318 2464.702
318 1302.242
318 1572.84
319 635.678
319 1561.092
319 1048.236
319 679.574
319 564.418
319 1074.668
319 1310.854
319 984.5
319 2260.696
319 954.744
319 1225.4
320 1348.052
320 780.262
320 1509.714
320 2188.256
320 514.626
320 916.04
320 1006.492
320 1756.422
321 579.928
321 431.038
321 363.622
321 291.976
321 636.446
321 552.534
321 1381.454
322 964.944
322 384.064
322 1150.738
322 906.198
322 645.74
322 1021.62
322 907.21
322 1925.832
322 1242.314
322 1183.8
323 822.264
323 599.218
323 811.732
323 1285.184
323 956.434
323 633.274
323 2463.47
323 403.098
323 247.494
323 486.954
323 1038.02
324 388.174
324 1436.646
324 1826.754
324 1299.522
325 750.75
325 1864.31
325 510.986
325 3394.71
325 618.248
325 1589.982
326 996.048
326 494.288
326 594.974
326 1034.178
326 716.188
326 633.184
326 496.89
326 1802.064
326 1358.686
326 749.37
326 732.432
326 2205.668
326 1280.902
326 1058.608
326 2000.668
326 1243.552
327 1325.014
327 841.796
327 1299.788
327 1108.23
327 557.662
327 1277.586
327 4607.522
327 607.488
327 1385.226
327 2093.766
327 1965.494
327 764.446
327 418.32
328 462.12
328 970.888
328 975.202
328 373.398
328 955.684
328 1030.064
328 1695.04
328 1446.414
329 2181.866
329 1266.048
329 433.478
329 1621.924
329 1570.964
329 1300.944
329 698.558
329 2135.96
329 2566.588
329 1337.362
329 801.194
329 1030.054
329 497.976
330 5455.216
330 1297.97
330 758.78
330 539.106
330 613.54
330 690.47
330 905.048
330 854.442
330 1901.13
330 476.978
330 1043.102
330 1040.86
330 215.76
330 695.098
330 1026.512
331 1781.48
331 382.036
331 1593.562
331 1301.788
331 1005.876
331 1539.29
331 1089.932
331 1214.426
331 651.148
331 1224.55
331 880.046
332 1621.412
332 1672.044
332 503.476
332 924.524
332 539.09
332 1422.798
333 601.144
333 1136.306
333 349.152
333 1823.644
333 1069.406
333 2098.768
333 1243.728
333 2071.378
333 256.866
333 492.204
333 3794.196
333 256.178
333 1438.348
334 1363.798
334 308.646
334 960.736
334 1098.122
334 660.068
334 1143.426
334 396.724
335 1175.228
335 411.544
335 797.086
335 782.72
335 463.298
335 1728.938
336 449.45
336 513.512
336 1609.946
336 912.982
336 1058.84
336 780.548
336 315.662
336 2107.268
336 2667.864
336 1704.174
336 1101.934
336 1343.516
336 963.588
336 984.626
337 1511.982
337 1050.474
337 2599.786
337 611.206
337 777.21
337 651.91
337 1060.504
337 1158.284
337 899.64
337 910.232
337 3589.932
337 880.44
337 1142.752
338 647.476
338 639.56
338 884.12
338 1695.32
338 843.726
338 1118.518
338 1806.294
338 1537.92
338 484.384
339 3019.218
339 1003.68
339 1817.088
339 3139.372
339 1112.73
339 1264.396
339 2891.22
339 1499.024
339 605.094
339 821.656
339 1166.014
340 1563.702
340 591.148
340 493.08
340 1334.456
340 1539.496
340 1677.824
340 975.694
340 509.2
341 1686.148
341 3045.872
341 2941.724
341 1377.324
341 785.55
341 544.662
341 1016.178
341 868.472
341 638.5
341 2037.536
341 750.482
341 1757.54
341 677.19
342 1218.182
342 2936.52
342 1152.37
342 354.348
342 493.92
342 546.698
342 1587.14
342 764.554
342 639.746
342 2343.214
342 1598.374
342 1134.306
342 1498.816
343 839.306
343 418.416
343 1089.316
343 567.752
343 515.082
343 3339.622
343 520.038
343 422.472
343 382.57
344 1151.73
344 1049.062
344 446.964
344 586.254
344 1174.314
345 811
345 1592.978
345 733.202
345 1645.634
345 355.16
345 2699.592
345 1198.73
345 750.714
346 1012.418
346 627.606
346 483.9
346 534.672
346 1569.698
346 1591.298
346 2106.328
346 1466.726
346 884.642
347 1099.836
347 2518.692
347 553.04
347 796.66
347 769.698
347 741.12
347 903.678
347 525.544
347 539.948
347 543.304
347 717.01
347 959.756
347 1961.388
347 1058.154
347 755.466
347 599.646
348 1240.696
348 1369.512
348 2372.192
348 711.788
348 171.52
348 1659.784
349 831.296
349 2590.682
349 569.254
349 1059.984
349 1656.608
349 1000.464
349 2351.332
349 852.648
349 2602.518
350 322.392
350 765.67
350 1996.422
350 595.326
350 3116.902
350 826.518
350 826.12
350 2896.81
350 1467.754
350 428.476
350 1637.404
351 413.49
351 1718.094
351 1003.054
351 719.38
351 1364.258
351 645.114
351 272.698
351 754.332
351 469.016
351 1288.968
351 1848.148
351 1676.83
351 612.158
351 1207.9
351 1057.92
352 1886.112
352 490.942
352 1243.092
352 1581.396
352 732.404
352 572.214
352 848.488
352 477.708
352 293.572
352 1050.422
352 783.37
353 2541.788
353 1420.244
353 1733.864
353 2270.904
353 1448.3
353 876.772
353 1172.106
353 940.132
353 1864.116
353 3589.84
354 936.494
354 912.236
354 613.26
354 363.048
354 1210.694
354 901.136
354 731.688
354 414.892
355 1019.686
355 652.082
355 808.14
355 663.294
355 594.74
355 1419.898
355 774.698
356 858.73
356 699.02
356 914.474
356 379.33
356 993.878
356 1318.542
356 1552.562
356 1186.574
356 1568.93
356 786.184
356 575.732
357 892.212
357 523.966
357 2739.298
357 834.288
357 480.434
357 962.638
357 964.634
357 499.816
357 603.772
357 933.522
357 1278.172
358 1705.36
358 638.062
358 813.356
358 1221.688
358 1531.014
358 2538.968
358 456.634
358 1849.842
359 474.642
359 877.01
359 332.246
359 1447.924
359 491.944
359 1023.194
359 734.612
359 816.486
359 543.332
359 991.094
360 647.592
360 714.53
360 1228.74
360 754.864
360 2033.184
360 369.244
360 530.332
360 856.322
360 899.354
360 473.812
360 497.862
360 676.504
360 780.19
360 2023.56
361 3537.46
361 1748.672
361 1064.478
361 881.204
361 1374.446
361 1041.418
361 778.35
361 1314.378
361 584.232
361 1155.492
361 2578.964
361 435.85
361 525.616
362 590.56
362 270.662
362 510.392
362 1313.608
362 1260.166
362 611.664
362 774.206
363 607.104
363 1833.54
363 850.534
363 903.594
363 1628.706
363 899.532
363 1145.284
363 603.03
364 1350.912
364 2140.494
364 1981.416
364 920.166
364 4098.11
365 1147.934
365 1723.72
365 595.416
365 666.692
365 363.068
365 2584.052
365 857.224
365 616.588
365 1864.176
366 920.402
366 997.98
366 1479.196
366 1108.96
366 2437.846
366 1931.28
366 499.588
366 2657.132
367 1366.446
367 811.21
367 1073.088
367 810.862
367 1319.96
367 531.64
367 490.738
367 1328.734
367 845.894
367 1697.28
368 570.74
368 1163.27
368 549.572
368 600.142
368 1264.142
368 570.964
368 441.342
368 1774.836
368 1685.33
368 2456.618
369 651.094
369 370.812
369 878.004
369 734.178
369 1655.666
369 805.498
369 596
369 815.356
370 946.296
370 640.428
370 1611.656
370 823.56
370 1001.306
371 317.058
371 1503.034
371 1154.656
371 598.308
371 1402.884
372 1030.75
372 586.352
372 653.796
372 465.618
372 349.484
372 1371.824
373 1717.602
373 613.376
373 553.27
373 1326.678
373 1519.144
373 651.064
373 1836.046
373 2832.604
373 1110.14
373 1279.21
374 1952.908
374 982.586
374 249.902
374 3598.382
374 491.308
374 440.888
374 2074.51
374 333.944
375 619.294
375 997.44
375 1427.618
375 459.74
375 1640.178
375 1455.836
375 629.972
375 1003.918
376 1353.15
376 1365.62
376 629.774
376 447.464
376 357.894
376 1587.166
376 2305.832
376 697.488
376 311.72
376 1094.554
376 945.404
376 455.558
376 770.39
376 978.942
376 744.052
376 1831.114
377 1576.82
377 571.796
377 932.152
377 992.29
377 1118.894
377 1429.184
377 1109.962
378 614.4
378 1270.278
378 928.028
378 2180.826
378 584.6
378 612.048
378 875.972
378 1381.718
378 410.236
378 1329.288
378 721.782
379 845.334
379 567.606
379 1990.066
379 701.774
379 1358.628
379 578.108
379 949.84
379 2114.51
379 1398.674
379 1676.79
379 474.066
379 850.446
379 1504.528
379 1798.126
379 1443.788
380 687.936
380 689.388
380 228.592
380 1271.156
380 1880.046
380 1209.8
380 1121.838
380 1462.798
380 302.65
380 423.288
380 1011.02
381 313.462
381 1280.43
381 942.968
381 2914.896
381 820.204
381 2130
381 797.952
381 2055.516
381 1825.238
381 2173.266
382 812.348
382 1613.258
382 641.102
382 857.046
382 1208.422
382 2208.512
382 1824.12
382 2153.8
383 529.424
383 863.154
383 1054.384
383 702.22
383 815.718
383 755.816
383 897.828
383 1207.312
383 1424.024
383 1842.332
384 1057.998
384 1574.88
384 269.378
384 431.442
384 4385.156
384 540.256
384 1127.408
384 281.162
384 756.004
384 894.372
384 614.402
384 459.722
384 757.768
385 864.12
385 1273.152
385 1240.102
385 674.956
385 558.436
385 519.504
385 723.202
386 703.622
386 2279.444
386 994.68
386 3354.18
386 824.86
386 439.628
386 821.792
386 518.75
386 1842.408
386 747.484
386 1264.314
386 760.896
387 784.228
387 1213.784
387 594.452
387 1766.85
387 867.084
387 2110.782
387 1452.462
388 1071.324
388 484.208
388 612.924
388 602.734
388 1268.572
388 1815.028
388 2920.556
388 725.108
388 1282.124
388 1580.662
389 560.68
389 2012.97
389 1677.722
389 358.804
389 447.586
389 672.864
389 1135.094
389 1088.412
389 1132.384
390 422.432
390 555.756
390 1643.362
390 313.762
390 822.274
390 1199.084
390 2475.456
391 667.378
391 668.826
391 2479.984
391 484.666
391 722.756
391 1341.282
391 678.752
391 2391.39
391 1244.814
391 538.972
391 1829.232
391 1613.154
391 560.83
391 802.108
391 646.614
391 970.146
391 1828.9
392 349.22
392 850.77
392 815.134
392 1060.028
392 643.13
392 1145.158
392 2898.18
392 1282.048
392 442.576
392 459.652
392 458.052
392 2946.778
393 965.85
393 881.172
393 1229.286
393 480.102
393 826.588
393 3626.532
393 2369.428
393 811.708
393 926.594
393 1205.434
393 2435.262
394 2233.32
394 681.096
394 986.692
394 2069.566
394 2430.532
394 441.228
394 533.85
394 1299.828
394 978.062
395 804.48
395 1723.878
395 353.914
395 819.832
395 1056.444
395 394.864
395 644.35
396 340.172
396 1009.044
396 1859.802
396 1103.896
396 1539.892
396 2299.944
396 3231.984
396 1323.928
397 1157.544
397 267.838
397 312.93
397 1026.368
397 650.8
398 1353.304
398 767.828
398 688.094
398 699.128
398 455.61
398 467.876
398 1058.738
398 1041.224
398 243.816
399 1387.188
399 878.488
399 698.114
399 819.752
399 2139.172
399 1545.732
399 774.616
399 1168.772
399 1526.236
399 478.972
400 1371.362
400 848.456
400 279.046
400 343.408
400 1636.398
400 1251.314
401 931.252
401 1886.444
401 1481.72
401 284.542
401 1345.154
401 1065.966
401 1335.036
401 2861.376
402 480.682
402 734.494
402 524.646
402 746.062
402 368.332
402 768.698
403 724.648
403 846.758
403 1324.508
403 400.684
403 1103.46
403 823.184
403 3631.484
403 2367.004
403 1896.346
403 411.7
403 297.736
403 784.242
403 2227.048
403 903.924
404 488.21
404 1574.608
404 2444.004
404 1317.734
404 1382.746
404 1190.282
404 1205.928
404 1245.322
404 345.47
404 491.146
404 688.804
404 2389.62
405 805.142
405 535.904
405 610.126
405 515.818
405 392.574
405 823.936
405 675.116
405 782.612
405 765.904
405 3271.28
405 776.832
405 410.06
405 813.89
406 1122.464
406 1040.76
406 371.416
406 418.77
406 1737.446
406 717.214
406 714.9
406 853.71
406 413.712
406 844.924
406 831.6
406 1425.62
406 310.81
407 1213.586
407 1149.214
407 4478.59
407 2148.448
407 3063.576
407 929.718
407 470.33
407 1863.676
407 1043.576
407 723.144
408 1004.188
408 437.366
408 952.282
408 581.676
408 1255.386
409 3891.168
409 2153.204
409 402.294
409 977.314
409 368.738
409 827.154
409 1669.16
409 1413.172
409 587.91
409 393.696
410 2501.154
410 731.98
410 573.098
410 1194.522
410 985.94
411 1209.762
411 1508.598
411 4283.054
411 1231.016
411 224.776
411 1854.698
411 553.934
412 2628.37
412 490.7
412 697.76
412 351.172
412 1614.624
412 1482.074
412 1496.258
412 829.052
412 501.21
412 333.772
412 322.804
412 849.942
412 660.074
413 598.792
413 989.484
413 2692.018
413 1781.012
413 1215.11
413 726.578
413 2307.212
413 918.944
413 2820.556
414 900.18
414 823.3
414 534.994
414 1136.864
414 1962.942
414 821.134
414 1204.44
414 993.472
414 733.08
414 1235.792
414 1952.988
414 557.594
414 243.854
415 768.712
415 409.528
415 507.722
415 414.924
415 1971.588
415 731.57
415 1665.936
415 1518.832
415 465.134
415 393.226
415 1990.046
415 1831.276
415 1183.256
415 867.52
415 1885.174
415 797.37
415 502.652
416 787.328
416 940.674
416 960.642
416 1857.372
416 1214.298
416 286.082
416 318.784
416 844.012
417 508.134
417 1996.54
417 1101.51
417 228.04
417 2185.726
417 853.014
417 289.716
417 1310.45
417 376.574
418 617.764
418 1051.036
418 1540.936
418 925.934
418 264.83
418 449.942
418 346.628
419 859.368
419 2074.558
419 480.458
419 1252.974
419 656.716
419 4819.612
419 1255.68
419 559.898
419 648.526
419 962.674
419 246.896
419 1580.254
419 1776.998
420 1006.846
420 1171.346
420 1738.03
420 1880.652
420 1184.314
420 556.708
420 601.626
420 1115.006
420 617.88
420 1378.926
420 2868.262
420 413.134
421 673.49
421 1825.728
421 3817.62
421 516.336
421 1756.284
421 2011.094
421 2268.336
421 453.39
421 744.8
421 994.716
421 1732.412
422 1580.96
422 613.546
422 627.846
422 380.304
422 2152.954
422 2066.452
422 888.834
422 1407.08
423 1019.724
423 585.774
423 318.588
423 706.854
423 885.416
423 1091.964
423 371.652
423 536.104
423 614.974
423 696.174
423 631.59
423 919.26
423 387.468
423 411.196
423 1216.878
423 1432.28
424 497.332
424 2115.248
424 535.084
424 594.67
424 460.57
424 448.83
425 1839.712
425 1879.504
425 843.634
425 948.326
425 825.13
425 2205.72
425 914.872
425 237.794
426 445.732
426 681.86
426 750.446
426 297.882
426 1033.064
426 1296.406
426 756.028
426 1111.024
426 1111.748
426 2395.144
426 2053.588
427 471.658
427 1049.902
427 485.508
427 1004.952
427 523.95
427 908.972
427 546.584
428 623.404
428 430.534
428 966.07
428 950.992
428 605.884
428 930.704
428 1196.03
428 767.952
429 536.188
429 2575.682
429 635.29
429 1104.358
429 322.386
429 852.564
429 392.696
429 1554.168
429 906.866
430 897.594
430 2224.372
430 2990.74
430 1270.966
430 1038.864
430 1576.296
430 4294.54
430 614.368
430 1312.83
430 678.432
430 1652.778
431 401.046
431 431.494
431 1261.462
431 1258.224
431 759.89
431 1185.71
431 2468.06
431 1028.034
431 443.768
431 425.71
431 358.51
431 2241.42
431 1620.618
432 1029.898
432 723.88
432 898.182
432 777.052
432 1256.856
432 2194.268
432 2368.848
432 1075.054
432 382.218
433 844.308
433 927.306
433 1815.168
433 1240.256
433 2798.978
433 632.644
433 1466.036
434 1614.468
434 602.794
434 1268.682
434 451.416
434 351.05
434 1226.236
434 1940.652
434 825.67
434 1807.64
434 1799.148
434 902.128
434 830.822
435 1303.58
435 2517.784
435 797.458
435 500.478
435 438.838
436 507.672
436 3320.738
436 964.018
436 1421.928
436 383.122
436 442.47
436 852.046
436 750.058
436 1152.05
436 1146.036
436 746.814
436 739.958
437 2948.408
437 508.114
437 662.7
437 1161.594
437 1023.122
437 1428.526
437 958.73
437 482.654
437 1495.134
438 516.75
438 501.484
438 1039.96
438 629.994
438 1933.692
438 897.312
438 444.214
438 413.778
438 3677.898
439 1446.966
439 712.254
439 723.708
439 542.422
439 1840.012
439 1206.198
439 1078.87
439 1808.65
440 438.104
440 837.736
440 1221.556
440 1437.288
440 273.892
440 219.304
441 3066.436
441 902.754
441 582.396
441 1714.718
441 755.214
441 2064.068
441 1706.418
441 834.79
441 2668.36
441 808.606
441 835.702
441 1405.152
442 1241.46
442 1047.26
442 2901.112
442 602.312
442 1544.932
442 1241.996
442 793.438
443 1275.454
443 440.894
443 508.902
443 586.776
443 1109.272
443 631.904
443 940.178
443 1617.006
443 846.768
443 1228.09
443 1248.242
443 923.172
443 1126.698
443 363.18
443 984.954
443 893.456
443 641.356
443 479.394
443 637.862
443 4323.21
443 404.75
443 1295.798
444 531.236
444 1052.064
444 1778.63
444 1613.658
444 2700.506
444 1085.936
444 345.666
444 693.094
444 626.454
444 1050.386
444 797.524
444 220.482
445 652.018
445 459.514
445 1621.012
445 552.9
445 692.872
445 583.83
445 1072.714
446 649.918
446 643.97
446 757.836
446 606.974
446 696.332
446 1165.282
447 1486.542
447 1807.51
447 367.346
447 1021.44
447 488.306
448 947.002
448 766.6
448 783.192
448 4254.32
448 842.826
448 440.294
448 1072.508
449 1366.032
449 686.504
449 1319.572
449 1037.604
449 1447.558
449 585.92
449 944.286
449 2049.162
449 844.262
449 1013.392
450 3199.842
450 2799.67
450 489.222
450 381.046
450 1246.774
450 576.448
450 1553.406
450 3213.072
450 471.022
450 1707.552
450 409.67
451 517.868
451 1334.564
451 777.604
451 1228.35
451 1083.868
451 1430.73
451 790.074
451 763.076
451 1577.334
451 592.796
451 1763.618
452 1841.936
452 2519.766
452 896.256
452 670.234
452 983.798
452 458.198
452 1256.882
452 1658.602
452 659.468
453 738.07
453 461.662
453 363.49
453 1437.186
453 1611.754
453 2939.022
453 1063.912
453 2216.274
454 770.168
454 687.564
454 334.686
454 1872.014
454 2013.018
454 1034.78
454 506.808
455 954.128
455 618.382
455 2311.424
455 888.204
455 743.052
455 1170.3
455 956.18
455 637.17
455 1928.66
455 350.16
455 445.676
455 854.702
456 656.636
456 411.63
456 649.198
456 400.308
456 1400.444
456 258.548
456 495.27
456 1075.104
456 1522.392
456 662.752
456 1215.606
456 1823.87
457 893.466
457 943.62
457 508.26
457 604.916
457 547.37
457 474.346
457 1638.482
458 1872.118
458 1432.118
458 863.824
458 540.802
458 2397.646
458 518.792
458 2443.67
459 624.882
459 530.468
459 768.942
459 643.958
459 1245.47
459 579.06
459 700.044
459 705.414
459 939.68
459 1229.494
459 1110.4
459 727.508
459 1045.012
459 432.456
460 775.102
460 1327.722
460 1201.146
460 998.192
460 1489.208
460 547.464
460 2255.868
460 751.778
461 1129.404
461 653.498
461 515.062
461 1399.146
461 945.534
461 1437.464
461 656.062
462 2986.444
462 645.482
462 1514.926
462 3662.806
462 566.638
462 1175.614
462 638.206
462 973.908
463 2030.47
463 916.28
463 415.32
463 387.534
463 615.208
463 640.12
463 822.494
463 853.04
463 1228.772
463 1316.522
463 1005.806
464 761.738
464 556.586
464 577.766
464 1321.708
464 460.392
464 506.144
464 385.282
464 3845.688
464 508.784
464 1763.698
465 4045.122
465 622.008
465 1698.79
465 987.388
465 1026.262
465 719.936
465 2323.324
466 1622.764
466 1282.914
466 412.69
466 1375.53
466 792.082
466 628.586
466 1554.72
466 831.976
467 3454.138
467 1998.342
467 1292.592
467 2097.546
467 2587.072
467 389.436
467 425.964
468 1503.588
468 361.95
468 1247.56
468 2223.928
468 884.89
468 1020.066
468 586.494
469 1817.04
469 484.774
469 522.9
469 1177.448
469 398.112
469 1359.65
469 1584.898
469 968.802
469 1598.842
469 1368.188
470 1651.882
470 1268.93
470 766.506
470 314.098
470 257.78
470 923.624
470 785.032
470 1482.734
470 902.558
470 2439.478
470 633.654
470 790.35
471 771.99
471 859.49
471 1687.274
471 761.754
471 303.222
471 1069.76
471 1369.58
471 946.46
472 1299.73
472 376.856
472 869.598
472 1515.716
472 1099.584
473 479.886
473 477.376
473 678.346
473 665.16
473 660.9
473 329.826
473 827.728
473 1554.71
473 2452.076
473 820.854
473 502.394
474 452.584
474 1577.726
474 1221.12
474 732.64
474 712.694
474 827.764
474 919.73
474 1361.754
474 1487.9
474 1959.352
474 1209.084
474 1735.262
474 1883.742
474 2040.132
475 481.936
475 876.602
475 458.548
475 661.514
475 774.766
475 716.014
475 1166.464
475 1057.64
475 1465.258
475 620.44
476 502.84
476 1070.562
476 1153.178
476 731.996
476 757.718
476 1074.842
476 908.266
476 1758.408
477 605.094
477 523.876
477 566.596
477 1229.57
477 3340.206
477 699.932
477 527.152
477 690.226
477 1453.602
477 1116.13
477 1348.288
477 2797.726
478 2003.82
478 590.372
478 3525.084
478 1078.15
478 805.856
478 686.642
478 760.994
478 1066.098
478 1166.864
478 1071.838
478 513.608
479 1359.55
479 956.224
479 1779.056
479 852.332
479 485.398
479 665.95
479 1627.042
480 1217.726
480 2026.76
480 904.812
480 1207.776
480 1212.326
480 1276.594
480 252.014
480 1510.58
481 1334.824
481 678.3
481 2949.632
481 1074.76
481 2210.718
481 441.202
481 501.256
481 2383.396
481 1733.328
481 1084.95
481 338.554
482 537.36
482 2316.688
482 1150.452
482 947.962
482 350.396
482 492.226
482 853.066
482 1551.144
482 1024.346
482 524.218
482 1575.044
482 297.254
482 1093.98
483 2777.424
483 1081.78
483 886.432
483 2806.842
483 2287.092
483 566.386
483 566.79
483 1021.196
483 1930.856
483 681.698
483 676.122
483 524.066
483 888.9
484 845.952
484 598.874
484 1436.148
484 3280.892
484 302.606
484 896.814
484 641.616
484 1397.428
484 902.932
484 780.13
485 798.76
485 401.204
485 1799.008
485 253.238
485 821.666
485 571.258
485 500.94
485 1115.77
485 687.384
486 1104.936
486 541.04
486 461.318
486 607.184
486 1636.002
486 609.472
486 2989.474
486 964.85
486 3230.862
487 538.824
487 1873.43
487 381.614
487 418.856
487 668.716
487 680.864
488 2022.4
488 919.714
488 798.966
488 502.546
488 680.832
488 1783.704
488 807.792
488 253.558
488 1642.582
488 1558.034
489 427.098
489 1628.04
489 1705.452
489 1060
489 707.602
489 921.708
489 835.608
490 1188.95
490 990.176
490 450.508
490 748.116
490 341.342
490 383.912
490 1011.388
490 3425.312
490 643.512
491 1020.356
491 1530.826
491 745.832
491 576.302
491 957.33
491 866.756
491 1378.8
491 1598.658
491 1210.012
492 616.44
492 393.34
492 1493.42
492 2288.68
492 1165.834
492 1227.162
492 1339.482
492 926.874
492 1096.01
493 826.228
493 572.614
493 574.132
493 2473.152
493 729.116
493 3266.176
493 1638.096
493 1570.658
493 547.924
493 829.332
493 897.07
493 1031.156
493 1268.496
493 816.702
494 731.482
494 560.508
494 1274.442
494 251.426
494 1372.96
494 935.654
494 397.438
494 1939.71
494 715.726
494 1934.172
494 1468.49
495 1152.096
495 1990.972
495 1464.44
495 549.766
495 1475.286
495 762.334
495 613.164
495 2880.472
496 857.316
496 1304.188
496 911.896
496 2757.692
496 879.192
496 891.792
496 958.654
496 340.512
496 841.842
496 1643.578
496 217.87
497 1975.44
497 1074.414
497 1100.45
497 3942.536
497 629.506
497 2393.912
497 2110.922
497 1128.664
497 3915.98
498 594.744
498 747.784
498 697.684
498 243.032
498 338.744
498 362.818
498 1378.428
498 1311.168
498 997.21
499 1001.902
499 1561.682
499 2175.21
499 312.268
499 609.896
499 882.004
499 693.828
499 523.13
499 383.334
499 1348.418
499 535.074
499 706.85
500 417.288
500 999.162
500 718.718
500 815.248
500 1790.066
500 825.634
500 967.426
501 1201.31
501 492.298
501 2432.662
501 878.784
501 573.874
501 868.414
501 1424.048
501 817.868
501 2096.042
501 1637.408
501 1244.766
501 1119.102
501 1592.56
501 384.79
501 497.674
501 1989.414
502 1853.198
502 1698.052
502 356.83
502 201.982
502 951.874
502 2297.37
502 302.156
502 3096.402
502 1691.434
502 473.366
503 1038.152
503 741.37
503 2053.996
503 782.306
503 817.906
503 1727.758
503 2893.022
503 1165.602
503 1281.746
503 1039.436
503 1246.254
504 1048.506
504 845.104
504 1057.828
504 735.054
504 839.092
504 1854.742
504 2065.014
504 2934.204
504 3090.48
504 1497.634
505 1560.018
505 776.85
505 518.318
505 671.566
505 798.454
505 2059.002
505 1167.058
505 531.584
505 927.936
505 517.774
505 1400.994
505 1233.214
506 2269.926
506 1458.51
506 437.936
506 656.06
506 658.488
506 2078.694
506 1607.242
507 265.52
507 693
507 630.368
507 316.23
507 4381.844
507 997.246
507 715.99
507 670.44
507 597.854
507 625.338
507 1331.032
507 1679.524
507 880.95
507 2023.008
507 606.434
508 2485.102
508 522.14
508 1163.064
508 714.682
508 1236.426
508 2935.748
509 1492.292
509 1446.688
509 1761.21
509 869.092
509 788.528
509 2867.822
509 593.332
509 857.258
510 1062.952
510 1250.632
510 1164.63
510 342.806
510 820.91
510 3155.756
511 378.97
511 2561.082
511 1013.194
511 1085.428
511 863.904
511 730.002
511 881.34
511 590.21
511 971.184
512 1003.938
512 338.89
512 2036.502
512 708.108
512 1023.53
512 2175.922
512 570.808
512 332.34
512 477.09
512 558.172
512 1365.092
512 569.394
512 3374.064
512 1423.164
513 947.214
513 1430.23
513 2040.042
513 889.484
513 830.908
513 725.622
513 2017.164
513 667.094
513 1093.33
513 712.764
513 556.454
513 487.206
513 1248.204
514 1723.342
514 590.732
514 483.726
514 433.008
514 2690.744
514 1489.022
514 1014.548
514 971.92
514 723.548
514 642.062
514 451.156
514 1353.868
514 727.352
514 1456.46
514 578.624
515 2972.912
515 1414.08
515 2722.844
515 668.57
515 419.296
516 842.512
516 1991.236
516 1388.592
516 2455.992
516 1216.18
516 3109.088
516 969.416
516 1017.772
517 1007.338
517 873.358
517 293.006
517 622.178
517 1032.042
517 1024.16
517 931.792
517 705.63
517 940.236
517 475.372
517 525.022
517 982.37
517 735.876
517 927.55
518 4608.844
518 666.188
518 292.328
518 1361.984
518 1696.032
518 1772.234
518 479.548
518 979.826
518 366.74
518 1446.254
518 1240.274
518 743.592
518 515.642
519 314.728
519 1014.522
519 2565.072
519 1625.018
519 1149.288
519 1859.09
519 2689.712
520 1046.856
520 1166.918
520 412.182
520 514.17
520 1285.472
520 633.4
520 887.104
520 295.106
520 3548.122
520 743.344
520 1235.918
520 1117.23
520 828.482
520 785.14
520 1618.766
520 918.782
521 1280.398
521 464.428
521 415.006
521 2716.464
521 1026.26
521 899.826
521 535.618
521 805.902
521 949.532
521 639.776
521 992.4
521 1269.306
522 808.85
522 1844.064
522 709.47
522 901.938
522 1149.496
522 1059.132
522 1361.262
522 1183.582
522 1732.964
522 785.72
522 471.416
522 1641.026
522 1564.182
522 625.174
522 1364.676
522 1074.704
522 2187.156
522 1287.602
523 1721.252
523 3554.426
523 692.562
523 632.826
523 1240.462
523 620.898
523 683.21
523 376.22
523 1326.39
523 575.064
523 691.312
524 515.526
524 631.552
524 1178.462
524 2715.482
524 348.29
524 1164.578
524 520.9
524 511.228
524 1164.476
525 2557.052
525 650.29
525 458.94
525 1550.712
525 763.704
525 1119.54
525 1316.79
525 634.154
525 783.22
525 528.98
525 3312.372
525 466.482
526 1063.638
526 1261.902
526 905.782
526 435.58
526 983.422
526 760.368
526 959.398
526 715.942
526 827.268
526 843.218
526 699.234
527 498.432
527 898.05
527 284.548
527 778.5
527 1546.454
527 864.556
527 752.444
527 932.328
527 882.436
527 582.992
527 1459.8
527 1238.018
527 1280.346
527 1447.43
527 697.48
528 580.458
528 2083.128
528 876.186
528 834.746
528 621.524
529 1586.476
529 1056.676
529 882.208
529 505.326
529 1250.08
529 1504.444
529 600.538
529 575.586
529 1194.964
529 2063.344
529 553.442
529 1316.052
530 1472.438
530 895.636
530 1029.652
530 495.476
530 2336.572
530 3132.084
530 546.962
531 602.214
531 1099.144
531 713.852
531 616.342
531 848.612
531 1258.038
531 970.182
531 513.022
532 2252.3
532 2746.19
532 1659.87
532 871.698
532 647.778
532 581.17
532 2749.802
532 1600.566
532 339.862
532 1303.556
532 613.416
533 1740.988
533 1658.134
533 1144.322
533 3028.806
534 1201.876
534 1410.628
534 685.334
534 1328.546
534 1963.878
534 822.186
534 531.642
534 1235.52
535 738.25
535 1544.596
535 324.78
535 999.484
535 943.194
535 321.518
535 1936.28
535 4540.15
535 1042.546
535 597.65
535 453.804
535 452.68
536 952.442
536 1379.508
536 814.162
536 2745.19
536 368.392
536 491.56
536 800.378
536 1452.152
536 514.454
537 1305.04
537 2195.536
537 1126.528
537 991.95
537 817.31
537 380.524
537 632.092
537 792.052
537 305.812
537 658.28
538 536.36
538 1079.98
538 2406.6
538 596.284
538 1847.578
538 427.208
539 533.198
539 579.78
539 1320.43
539 1609.312
539 1089.786
539 1095.078
539 832.602
539 527.856
540 612.992
540 650.312
540 730.674
540 1562.098
540 1908.522
540 982.896
540 2100.134
540 372.588
540 676.698
540 2244.368
541 719.224
541 700.674
541 973.068
541 872.412
541 638.372
541 3733.49
541 1947.222
541 1922.252
541 1562.732
541 2124.684
541 1157.918
541 589.13
541 1904.726
541 620.106
542 2358.13
542 525.776
542 3555.562
542 1018.142
542 2213.462
542 3202.942
542 285.242
543 616.904
543 2548.908
543 559.282
543 248.272
543 1437.15
543 572.904
544 562.078
544 1604.296
544 1295.994
544 836.692
544 817.826
544 535.582
544 1796.998
544 1000.426
544 901.448
544 681.966
545 789.932
545 1051.378
545 892.128
545 987.512
545 680.128
545 630.624
545 461.846
546 1122.762
546 398.314
546 593.28
546 400.146
546 636.988
546 667.706
546 1601.838
546 603.062
546 1427.518
546 678.464
546 1289.472
547 1491.556
547 293.666
547 1055.174
547 543.234
547 414.62
547 368.188
547 454.282
547 1662.464
548 688.47
548 989.382
548 1019.338
548 703.91
548 535.646
548 1288.408
548 1298.678
548 460.74
548 2777.68
548 587.276
549 1657.84
549 1042.842
549 702.504
549 1474.686
549 381.842
549 592.084
549 1501.568
549 1159.824
549 479.938
549 1185.586
549 952.906
549 1923.198
550 3550.02
550 538.798
550 1706.268
550 1485.032
550 992.338
550 1473.886
550 2886.962
550 1784.008
550 1852.826
550 385.412
550 619.548
550 594.822
551 657.274
551 2029.854
551 1402.614
551 596.704
551 968.342
551 650.156
551 1311.554
551 824.01
551 1367.378
551 1364.404
551 1699.99
551 588.766
552 1392.288
552 396.552
552 886.766
552 771.464
552 1893.29
552 3313.484
552 1468.016
552 684.55
552 715.042
552 1087.398
552 1023.836
552 410.592
552 385.834
552 1012.446
552 788.196
553 703.336
553 869.932
553 1180.766
553 1535.922
553 1113.11
554 875.13
554 1742.284
554 744.618
554 564.252
555 3052.074
555 1177.138
555 846.016
555 481.742
555 719.08
555 758.798
555 960.868
556 1163.612
556 860.518
556 1077.868
556 607.512
556 1194.778
556 1094.906
556 503.82
556 1757.496
556 2198.986
556 542.826
557 938.658
557 683.094
557 784.436
557 1999.814
557 1125.666
557 626.162
557 1454.774
557 1055.556
558 2785.078
558 678.246
558 507.784
558 397.13
558 4010.624
558 455.632
558 5119.736
558 1382.526
558 566.168
558 1031.988
558 515.446
558 741.042
558 968.608
558 1063.542
558 1153.948
559 1329.198
559 2489.006
559 900.002
559 464.588
559 1850.476
559 670.06
559 1222.868
559 696.258
559 563.586
559 1310.09
560 892.072
560 1166.694
560 444.16
560 312.974
560 532.634
560 1373.882
560 1266.466
560 1515.272
560 1913.502
560 568.258
560 2106.174
560 1746.348
561 988.18
561 1009.34
561 466.326
561 487.326
561 2389.776
561 676.576
561 578.436
561 1047.412
561 604.108
561 979.054
561 680.14
561 956.482
561 487.348
561 584.126
561 1218.172
561 1250.242
561 901.472
562 452.698
562 878.182
562 501.844
562 995.252
562 389.806
562 1594.5
562 1064.99
562 484.446
563 1370.848
563 1112.984
563 437.464
563 605.172
563 831.674
563 339.344
563 971.426
563 558.148
563 950.542
563 542.154
563 790.188
563 544.032
563 415.93
564 695.012
564 485.274
564 1094.494
564 1025.834
564 1558.474
564 863.458
564 557.304
565 565.128
565 1013.648
565 1983.286
565 624.776
565 723.14
565 466.112
565 605.706
565 880.312
565 1607.518
565 966.166
565 842.36
565 588.386
565 2171.686
565 1771.672
565 837.03
566 1581.098
566 3369.6
566 4904.832
566 805.492
566 1459.736
566 929.216
566 1390.584
566 1173.228
567 1532.38
567 1716.98
567 2019.148
567 1773.394
567 1440.81
567 2162.214
567 1820.976
567 852.888
567 2957.792
567 1323.5
567 410.124
567 1008.786
568 937.742
568 2516.916
568 902.576
568 945.364
568 1469.692
568 458.858
568 935.702
568 301.496
568 1084.47
568 995.042
569 493.718
569 1390.914
569 1434.772
569 680.364
570 703.766
570 1467.702
570 665.468
570 3120.018
570 1054.596
570 1608.286
570 1143.85
570 6259.508
570 1062.03
570 934.986
570 573.52
570 599.126
571 869.482
571 1435.564
571 597.02
571 1039.188
571 410.064
571 1154.834
572 441.58
572 2837.118
572 2297.568
572 1902.016
572 485.674
572 1079.114
572 460.73
572 588.476
572 900.782
572 2211.574
572 768.492
572 1832.984
572 615.738
572 547.566
572 567.3
572 333.79
573 1092.506
573 1139.774
573 467.35
573 2764.698
573 1201.262
573 622.122
573 1929.392
573 2273.372
573 2450.022
573 1148.082
573 2267.642
573 946.646
573 1146.874
573 2993.526
573 1086.338
573 647.768
573 1485.29
573 621.482
574 2452.418
574 694.37
574 563.614
574 1415.23
574 1435.626
574 607.064
574 1025.672
574 837.508
575 639.158
575 2490.13
575 2263.05
575 814.31
575 682.776
575 2060.596
575 1804.322
575 883.27
576 1041.704
576 2609.028
576 1087.076
577 758.738
577 900.91
577 656.906
577 2293.41
577 487.348
577 608.014
577 1885.424
577 1950.406
577 1650.882
577 640.972
578 1315.05
578 575.214
578 1077.318
578 1872.848
578 563.066
578 687.272
578 778.904
578 804.55
578 1705.62
578 586.754
578 1030.404
578 906.148
579 567.244
579 1726.022
579 3589.604
579 1702.516
579 376.046
580 1121.588
580 2034.654
580 700.284
580 1089.9
580 563.508
580 1057.62
580 322.49
580 451.086
580 579.558
580 1250.814
580 638.754
580 369.612
581 764.954
581 479.594
581 1572.784
581 599.614
581 509.242
581 4628.318
581 1256.866
581 1769.07
581 250.79
581 735.758
581 688.2
581 479.578
581 1294.05
581 281.236
581 1721.348
581 1306.396
582 1348.464
582 896.192
582 2172.022
582 953.188
582 785.936
582 621.146
582 651.246
582 875.396
582 1352.678
582 714.192
582 1203.46
583 3348.838
583 377.984
583 1416.504
583 369.952
583 951.172
583 452.862
583 257.042
583 2869.644
584 2168.916
584 1338.604
584 435.228
584 340.234
584 1198.88
584 363.502
584 502.69
585 1891.982
585 723.02
585 722.748
585 1269.244
585 1734.916
585 770.112
585 1026.816
585 831.084
585 1186.556
585 1448.296
585 1562.27
585 954.898
585 421.066
585 521.454
585 984.322
585 1106
585 2202.636
585 962.81
585 1497.792
585 748.932
586 1107.8
586 1050.62
586 721.366
586 774.638
586 1448.508
586 3761.904
586 930.998
586 1744.38
586 1285.172
586 633.7
586 1782.714
587 818.194
587 1784.962
587 1121.576
587 875.378
587 705.104
587 942.518
587 1125.736
587 562.988
587 757.212
587 736.36
587 1199.194
588 1246.62
588 937.144
588 1087.842
588 1530.886
588 994.97
588 1002.24
588 607.102
588 1446.958
588 857.14
588 3228.948
588 602.704
589 404.924
589 601.968
589 1132.17
589 3579.024
589 846.54
589 309.134
589 2604.32
589 505.048
589 922.678
590 1681.334
590 1033.602
590 1636.156
590 959.06
590 647.894
590 481.356
590 273.186
590 2365.022
590 861.948
590 933.034
590 1242.504
590 1405.832
590 1059.156
591 935.342
591 1210.298
591 673.58
591 1713.312
591 575.066
591 359.666
591 549.092
591 562.97
591 1270.09
591 379.206
591 536.794
591 1427.824
591 4273.83
592 591.64
592 1037.134
592 408.744
592 1482.45
592 1306.23
592 708.182
592 1386.738
592 850.172
592 815.396
592 452.124
593 626.546
593 1754.232
593 1310.124
593 2233.102
593 1764.698
593 1791.7
593 264.308
593 879.344
593 1054.212
593 2023.732
593 1671.182
593 848.596
593 794.552
593 828.576
593 2881.378
593 688.648
593 290.21
593 1731.292
594 1854.486
594 374.596
594 2726.93
594 2571.098
594 878.034
594 1686.55
595 1278.474
595 1171.06
595 1496.092
595 1565.542
595 1542.576
595 1266.918
595 639.156
595 1852.366
596 2918.048
596 1875.416
596 1416.194
596 745.068
596 1112.304
597 586.172
597 574.372
597 3095.212
598 1544.844
598 1357.102
598 679.192
598 668.278
598 1773.344
598 416.158
598 717.558
598 2940.958
598 2366.766
598 1712.264
599 1117.066
599 439.796
599 628.644
599 736.676
599 1003.1
599 543.364
599 1639.154
600 631.092
600 519.366
600 526.832
600 328.664
600 871.694
600 431.896
600 525.656
600 822.93
600 2091.31
600 705.304
600 1756.776
600 3077.82
600 1328.494
600 1606.314
600 2468.662
600 470.54
600 914.538
600 541.674
600 241.694
601 1199.15
601 284.206
601 662.632
601 949.13
601 458.656
601 3902.826
601 469.508
601 2305.748
601 309.092
601 466.776
601 442.818
601 1857.232
602 972.6
602 1528.774
602 1223.466
602 1771.73
602 569.836
602 263.404
602 645.03
603 796.67
603 1200.536
603 882.398
603 1282.9
603 540.302
603 885.978
603 1227.76
603 506.068
603 619.22
603 747.842
604 899.13
604 1688.822
604 834.012
604 979.048
604 893.674
604 905.516
604 692.41
604 607.216
604 628.63
604 2801.416
604 454.274
604 826.084
604 799.258
605 926.756
605 1555.662
605 724.986
605 2892.946
605 1093.9
605 1120.118
605 2342.462
605 612.936
606 777.302
606 823.456
606 2026.91
607 852.21
607 2259.736
607 504.022
607 2665.752
607 458.384
607 1019.106
607 1838.942
607 945.274
607 743.016
607 1047.596
607 874.016
608 2281.598
608 892.174
608 321.866
608 889.068
608 668.076
608 612.858
608 679.366
608 508.656
608 270.88
608 1809.24
608 1003.064
608 1111.086
608 1110.726
609 1353.956
609 1977.972
609 1058.056
609 544.612
609 972.262
609 813.582
609 693.146
610 2603.114
610 451.406
610 1511.292
610 1444.522
610 329.504
610 747.74
610 610.788
610 675.266
610 1188.892
610 616.402
610 1270.8
610 1008.96
611 730.876
611 473.946
611 445.176
611 1061.638
611 1259.096
611 1882.858
611 1129.78
611 543.37
611 360.938
612 1195.858
612 1873.08
612 666.564
612 1801.792
612 2000.418
612 703.438
612 714.566
612 1358.256
612 795.02
613 402.414
613 793.548
613 679.598
613 898.638
613 423.3
613 1157.584
613 1258.182
613 618.916
613 1084.1
613 220.478
613 743.814
613 979.448
613 623.32
614 357.626
614 2770.716
614 1343.718
614 277.744
614 816.796
614 1152.268
614 395.506
614 1263.9
614 1962.418
614 470.404
614 1552.402
614 1291.718
615 262.018
615 1787.922
615 465.924
615 972.99
615 605.252
615 1894.91
615 772.972
615 3586.344
615 2206.986
615 918.566
615 1178.642
616 618.016
616 2159.646
616 777.018
616 529.296
616 512.654
616 784.22
616 1618.962
616 1855.446
616 2368.46
616 1060.282
617 1470.18
617 2887.594
617 2466.168
617 558.592
617 2033.696
617 292.13
617 1191.59
617 1476.876
617 796.6
617 1151.102
617 1538.838
618 1183.222
618 1849.286
618 445.568
618 770.554
618 2979.682
618 1026.29
618 820.408
618 1468.322
619 698.804
619 813.786
619 1407.994
619 450.652
619 655.952
619 1860.794
619 837.236
620 842.386
620 750.74
620 2652.296
620 989.358
620 553.078
620 1648.108
621 653.706
621 945.946
621 1310.732
621 1455.408
621 2111.588
621 642.752
621 1300.978
621 491.064
621 498.35
621 424.188
621 1976.074
621 1112.558
621 586.31
621 1533.69
622 857.408
622 971.836
622 2251.116
622 806.954
622 2748.794
622 1242.894
622 833.404
622 462.444
622 916.13
622 1351.034
622 609.296
622 1578.724
623 670.562
623 800.672
623 2348.52
623 1286.2
623 1118.116
623 1487.374
623 764.982
623 1737.682
623 346.52
623 395.454
623 574.674
623 239.672
623 465.122
623 699.542
624 2126.966
624 956.704
624 1364.978
624 1166.022
624 2787.104
624 946.952
624 826.028
624 276.002
624 1337.05
624 305.482
625 1581.078
625 1549.9
625 906.388
625 482.47
625 1584.012
625 467.096
625 1447.126
625 1136.05
625 1650.94
625 759.996
625 572.78
626 1064.274
626 2185.774
626 825.96
626 294.072
626 1119.288
626 540.382
626 3184.778
626 1206.778
626 1431.326
626 984.036
627 1472.35
627 1444.396
627 813.964
627 1271.416
627 1202.776
627 1035.34
627 2193.784
627 1187.756
627 367.108
627 1397.51
627 710.748
627 1482.102
627 613.836
627 838.35
628 1215.494
628 1992.196
628 707.27
628 1327.156
628 1642.334
628 854.786
628 266.432
628 2224.86
628 529.58
629 1950.008
629 1557.298
629 1685.17
629 961.326
629 1434.102
629 1683.426
629 1603.894
629 482.746
629 1306.72
629 1335.416
629 829.576
630 1260.258
630 830.806
630 516.972
630 543.912
630 541.73
630 2050.518
630 470.71
630 1329.88
630 1625.582
631 2373.41
631 690.796
631 1683.842
631 1021.168
631 1016.414
631 1467.846
631 1820.38
631 1204.878
631 542.64
631 1012.298
631 2535.812
631 1343.488
631 869.332
631 439.134
632 1898.736
632 753.526
632 898.252
632 458.948
632 1213.07
632 202.406
632 483.904
632 1712.056
632 2293.67
632 488.668
632 2641.14
632 953.074
632 990.03
632 6147.114
633 781.994
633 1167.798
633 2261.462
633 517.578
633 750.354
633 973.37
633 2610.544
633 444.59
633 2206.68
633 865.268
633 926.71
633 1051.498
633 1934.932
633 1686.412
633 1509.926
633 1589.332
634 1438.728
634 550.532
634 1036.784
634 907.286
634 1624.674
634 809.244
634 1431.776
634 649.178
634 873.828
635 701.526
635 993.694
635 3780.26
635 540.45
635 1656.662
635 507.808
635 2757.364
635 352.12
635 1070.874
636 903.108
636 1924.238
636 5254.994
636 849.268
636 1050.844
636 1084.88
636 598.092
636 762.378
636 2387.416
636 678.252
637 1908.928
637 657.938
637 3258.202
637 647.912
637 1223.832
638 3353.61
638 1056.038
638 1150.842
638 984.43
638 1142.796
638 508.194
638 1400.722
638 992.018
638 1314.214
638 1636.724
638 1752.51
639 2454.648
639 1607.976
639 710.97
639 373.602
639 918.28
639 551.246
639 2625.938
639 1419.41
639 1120.306
639 614.812
639 774.398
640 670.41
640 1067.64
640 2563.82
640 1581.36
640 401.912
640 2497.786
640 1078.488
640 690.948
640 1674.056
640 970.314
640 950.896
640 540.69
640 594.85
641 857.006
641 1366.45
641 1267.828
641 895.698
641 1031.91
641 1767.89
641 1000.686
641 803.368
641 1187.956
641 1778.494
642 1540.528
642 848.588
642 1102.324
642 2009.428
642 2283.778
642 1330.414
642 759.166
642 539.416
642 611.018
642 367.232
643 488.25
643 971.44
643 1451.228
643 1753.886
643 970.502
643 769.658
643 1759.996
643 499.236
643 2109.6
644 850.52
644 754.904
644 3095.408
644 1188.48
644 1012.436
645 1400.906
645 327.48
645 368.272
645 696.112
645 3379.168
645 2269.424
645 1053.902
645 567.234
645 1376.21
645 822.808
645 674.552
645 1308.394
645 1315.254
645 529.216
645 1160.782
645 631.32
646 587.79
646 1094.3
646 464.374
646 1339.862
646 1355.61
646 432.006
646 1372.286
646 353.756
646 3311.712
646 1613.36
647 309.664
647 809.522
647 943.86
647 288.016
647 2316.354
648 641.21
648 1732.24
648 1163.408
648 617.914
648 833.048
648 1102.398
648 1292.53
648 895.968
648 718.996
649 445.148
649 1445.584
649 1547.672
649 521.992
649 552.282
649 852.91
649 733.66
649 314.286
649 845.84
649 674.36
650 1082.404
650 780.968
650 1839.1
650 1987.748
650 613.188
650 1300.756
650 266.138
650 545.532
650 1209.202
650 976.93
650 967.404
650 570.158
650 1791.592
651 1770.342
651 2086.854
651 731.574
651 1015.048
651 339.964
651 1486.038
651 1082.796
651 5685.192
651 964.87
651 4865.46
651 397.068
652 634.124
652 1627.538
652 804.22
652 1274.444
652 767.14
652 720.402
652 524.942
652 587.748
652 675.89
652 948.402
652 2023.33
652 1625.474
653 1263.494
653 1657.138
653 2181.892
653 2223.748
653 1248.002
653 541.198
653 529.362
653 973.978
653 647.628
653 924.286
653 1327.122
653 406.192
653 630.688
653 363.34
653 585.33
653 750.576
653 797.456
654 379.452
654 375.376
654 1423.004
654 451.634
654 616.672
654 901.9
654 1360.552
654 1368.42
654 424.542
654 947.282
654 1002.274
654 948.796
654 674.82
655 2371.018
655 289.93
655 2625.53
655 1824.264
655 1809.816
655 491.208
655 255.282
656 1010.94
656 695.256
656 1158.894
656 1774.972
656 919.536
656 1041.678
656 1793.228
656 1746.184
657 795.404
657 1034.84
657 784.624
657 1917.496
657 378.868
657 744.614
657 1252.364
657 769.646
657 629.068
657 1077.312
658 2454.452
658 782.194
658 1262.098
658 596.25
658 619.126
658 2208.85
658 2779.088
658 1931.108
658 799.818
658 651.488
658 2104.072
658 564.44
658 1513.224
658 1297.108
658 472.768
659 1266.066
659 1594.218
659 1176.048
659 582.442
659 1137.08
659 1091.476
660 999.976
660 2949.226
660 850.168
660 2124.632
661 708.728
661 952.614
661 460.77
661 405.544
661 839.738
661 1253.762
661 663.658
661 675.12
661 642.56
661 987.554
662 1290.244
662 966.776
662 433.198
662 694.494
662 925.636
662 786.788
662 671.82
662 611.456
662 707.432
663 1019.396
663 1177.932
663 852.816
663 483.57
663 732.268
663 1142.41
663 1835.496
663 340.79
663 537.906
663 883.452
664 1132.234
664 1996.654
664 1009.218
664 829.712
664 1779.386
664 737.708
664 2253.36
664 1307.146
664 1433.876
664 639.178
664 980.004
664 820.23
665 897.918
665 419.624
665 1423.16
665 1540.106
665 405.232
665 511.264
665 982.464
665 1392.938
665 303.724
665 482.142
665 599.938
665 1133.96
666 890.06
666 664.688
666 239.914
666 574.074
666 628.184
666 1248.348
666 1829.636
666 1143.292
666 1405.2
667 642.72
667 508.564
667 1370.842
667 1352.888
667 526.242
668 173.644
668 665.116
668 1092.504
668 1863.322
668 631.062
668 870.908
668 532.532
668 1161.634
668 667.296
668 1150.83
668 825.706
668 535.034
668 780.976
668 710.096
668 2157.756
669 868.142
669 927.316
669 761.424
669 789.03
669 589.732
669 1651.176
669 861.468
669 1091.968
670 1605.856
670 630.994
670 650.99
670 697.504
670 1242.37
670 4123.002
670 1760.908
670 962.572
671 801.202
671 1862.888
671 426.254
671 1282.994
671 891.33
671 864.67
671 459.934
671 567.894
671 1156.552
671 664.43
672 721.622
672 996.352
672 404.78
672 1417.774
672 1281.2
672 1186.288
672 1604.87
672 532.538
672 622.268
673 2582.608
673 1084.04
673 433.578
673 461.742
673 1476.434
673 2845.988
673 1775.432
673 825.73
673 792.85
673 493.33
673 783.512
673 496.804
674 719.268
674 2802.176
674 750.476
674 1312.346
674 773.252
674 323.764
674 1275.474
675 538.15
675 1733.54
675 1643.416
675 1448.24
675 604.752
675 672.346
675 1644.678
676 511.064
676 827.66
676 333.228
676 863.65
676 461.856
676 930.586
676 574.232
676 445.668
676 823.078
676 1343.678
676 498.612
676 895.282
677 1806.592
677 1794.284
677 1680.526
677 2609.096
677 1251.122
677 321.502
677 1008.11
677 1754.41
677 879.548
677 2942.2
677 908.632
677 595.692
677 613.92
678 331.302
678 640.542
678 958.406
678 516.466
678 1142.712
678 1069.526
678 1739.16
678 834.404
678 528.418
678 1497.222
678 693.06
678 615.892
678 1165.068
679 427.22
679 2848.314
679 452.05
679 2480.394
679 1539.346
679 1951.898
679 724.272
679 799.036
679 543.332
679 310.708
679 1022.39
679 2673.786
679 1216.388
679 1180.4
679 520.292
679 1151.832
679 1165.478
680 609.544
680 379.99
680 1002.914
680 2394.828
680 2252.102
680 584.096
680 1465.502
680 875.716
680 1012.944
680 566.828
681 1747.692
681 567.354
681 317.272
681 3325.59
681 308.24
681 779.47
681 1083.978
681 1199.522
682 558.612
682 477.42
682 1492.052
682 822.85
682 1131.752
682 973.33
682 1243.944
682 646.726
682 1146.4
682 629.47
683 861.764
683 1102.39
683 600.712
683 979.756
683 537.15
684 556.278
684 1250.428
684 766.072
684 1425.608
684 447.772
684 597.67
684 693.424
684 703.286
684 763.7
684 758.282
684 766.426
685 2181.084
685 458.928
685 1062.964
685 2847.65
685 1190.866
685 321.852
685 2102.058
686 333.036
686 1007.49
686 708.744
686 474.856
686 1776.814
686 3719.186
686 2993.112
686 1851.822
687 839.154
687 542.962
687 611.646
687 1971.424
687 731.79
687 1249.504
687 1079.892
687 864.654
687 371.676
687 730.56
687 1085.1
687 1062.544
687 575.664
687 1121.804
687 535.388
687 1388.556
687 539.992
687 1070.854
688 737.268
688 1337.422
688 1060.292
688 1920.192
688 638.658
688 1604.578
688 412.944
689 1462.28
689 1326.792
689 483.538
689 897.582
689 433.928
689 416.04
689 469.942
689 887.248
690 661.16
690 858.194
690 811.074
690 1843.94
690 1216.412
690 1491.1
690 822.886
690 1222.576
690 590.896
690 1324.27
690 1130.562
691 1671.234
691 652.446
691 1911.564
691 416.044
691 744.458
691 809.526
691 266.966
691 1843.144
691 1148.468
691 1136.498
691 498.564
691 600.534
691 268.358
692 1028.876
692 458.668
692 723.44
692 532.508
692 894.642
692 966.65
692 752.056
692 1878.436
692 692.708
692 935.988
692 1617.464
692 638.328
692 698.644
692 1613.948
693 229.968
693 1038.45
693 2679.548
693 760.6
693 195.532
694 873.85
694 527.534
694 1328.596
694 575.156
694 494.308
694 834.004
694 804.008
694 1603.754
694 703.38
694 1970.1
694 749.242
694 1102.312
694 2357.762
695 849.76
695 641.536
695 1444.11
695 614.666
695 1159.652
695 3849.788
695 638.602
695 1175.958
696 1112.6
696 866.578
696 723.892
696 390.924
696 1002.038
696 1268.086
696 1239.778
696 1433.024
696 763.278
696 796.594
696 1626.624
697 543.048
697 825.452
697 785.958
697 2643.296
697 1217.9
697 788.368
697 627.246
697 576.36
697 1666.58
697 1262.62
697 1065.456
697 798.864
697 1098.68
697 849.224
697 1873.362
697 616.674
698 726.848
698 1278.16
698 1173.302
698 1296.802
698 453.67
698 750.01
698 1126.382
698 270.542
699 1605.668
699 952.66
699 407.888
699 800.912
699 737.004
699 924.348
699 835.15
699 543.948
699 2713.652
699 985.54
699 1052.336
699 952.24
699 570.166
699 690.298
699 352.928
700 2511.584
700 1186.16
700 864.77
700 903.99
700 1193.988
700 601.392
700 574.384
700 1004.236
700 476.976
700 2204.138
701 1493.664
701 528.248
701 2454.252
701 1435.766
701 3912.75
701 732.468
701 1242.472
701 1258.904
701 1924.338
701 701.57
701 1955.094
701 1854.562
702 3252.66
702 1042.01
702 2559.476
702 303.128
702 761.41
702 848.206
703 1310.866
703 1004.254
703 478.972
703 308.15
703 1308.452
703 3733.364
703 1842.13
703 590.306
703 977.442
704 1267.618
704 1165.636
704 2761.2
704 260.08
704 807.99
704 680.796
704 969.52
704 1053.616
704 1345.18
704 1067.456
705 1062.49
705 1065.29
705 299.88
705 2320.198
705 402.298
705 535.536
705 2250.81
705 360.844
705 1310.484
705 971.646
705 1942.8
705 362.884
705 309.33
706 1173.342
706 2962.336
706 3445.298
706 1502.566
706 3086.564
706 2114.642
706 1341.166
706 768.702
706 1121.444
707 1531.814
707 553.742
707 1265.06
707 1252.704
707 1422.07
707 1148.522
707 467.86
707 1328.236
707 1635.226
707 891.818
707 1513.034
707 1761.666
708 257.178
708 779.878
708 473.84
708 834.014
708 1257.204
708 993.284
708 2095.764
709 902.896
709 669.844
709 1038.42
709 2190.538
709 754.938
709 1238.138
709 411.816
709 398.932
709 203.932
709 648.76
709 1442.344
709 1462.378
709 766.076
710 1798.548
710 2311.18
710 2986.746
710 344.658
710 430
710 1390.914
710 617.858
710 1649.14
710 516.004
710 1620.378
710 853.978
710 1523.704
710 923.366
710 2210.69
710 788.85
711 406.824
711 1308.86
711 975.352
711 533.756
711 851.332
711 1449.206
711 502.628
711 531.256
711 2124.16
711 575.024
711 954.614
712 1603.732
712 1061.48
712 475.814
712 4017.908
712 524.702
712 1885.31
712 354.168
712 2722.312
712 260.246
712 986.506
712 282.48
712 1329.602
712 601.444
713 1860.106
713 818.336
713 703.114
713 422.834
713 2183.242
713 1857.768
713 1614.69
713 2384.938
713 1670.09
714 973.028
714 316.898
714 678.414
714 874.096
714 1537.692
715 645.78
715 949.844
715 224.474
715 1847.866
715 397.322
715 1270.814
715 494.684
715 1589.068
715 1323.716
716 485.494
716 745.712
716 295.432
716 645.864
717 1416.484
717 1353.056
717 1237.448
717 454.16
717 1325.746
717 2388.266
717 530.628
717 503.68
717 1180.02
717 666.62
717 1203.896
717 596.83
717 631.866
717 2394.824
717 999.766
717 1919.15
717 1760.316
717 1804.268
717 395.564
718 650.998
718 653.044
718 1063.808
718 872.054
718 704.918
718 289.65
718 1052.552
718 1183.636
719 699.406
719 1143.124
719 575.192
719 757.672
719 2881.192
719 635.39
719 1276.658
720 683.036
720 1191.814
720 428.1
720 2805.97
720 2056.802
720 1974.502
720 717.648
720 4027.532
720 242.302
721 3659.748
721 634.382
721 1548.716
721 2148.916
721 1732.49
721 402.184
722 1490.546
722 458.752
722 974.428
722 1589.556
722 644.828
722 1408.76
722 285.554
722 867.742
722 762.852
722 578.95
723 1562.166
723 812.004
723 616.008
723 2337.344
723 484.6
723 1180.946
723 1012.784
723 997.304
723 656.856
723 2172.436
723 605.908
723 243.28
723 719.076
723 398.974
724 903.488
724 2925.77
724 877.772
724 2641.518
724 424.51
724 540.088
724 2819.906
724 456.158
725 2092.322
725 697.828
725 1397.416
725 2400.65
725 2789.698
725 4013.634
726 445.26
726 897.832
726 874.036
726 997.394
726 1037.212
726 2481.852
727 1171.086
727 314.068
727 1279.296
727 1817.22
727 551.286
727 1400.756
727 877.474
727 548.566
727 386.61
727 703.306
727 907.482
727 636.614
727 1527
728 1091.074
728 2572.87
728 514.276
728 502.108
728 703.3
728 1710.432
728 780.428
728 1073.148
728 575.858
728 312.564
728 1070.34
729 470.04
729 2910.33
729 2837.062
729 998.044
729 608.816
729 1636.312
729 1077.174
729 578.088
729 679.326
729 281.882
730 452.97
730 762.596
730 1889.962
730 1789.016
730 1115.332
730 676.676
730 651.332
730 1053.124
730 950.754
730 1191.464
730 1357.808
731 4012.274
731 956.97
731 572.404
731 2352.932
731 1010.602
731 1092.13
731 1422.334
732 1545.344
732 640.458
732 421.532
732 849.55
732 5699.704
732 970.1
732 3806.7
732 1230.864
733 341.942
733 1219.702
733 710.476
733 999.664
733 1065.168
733 907.894
733 3027.088
733 603.786
733 552.802
733 1479.532
733 1472.71
733 291.726
733 509.408
733 1230.724
733 621.764
734 3371.66
734 452.444
734 914.79
734 1939.644
734 1039.14
734 410.704
734 996.98
734 1089.48
734 965.338
735 2092.272
735 1490.622
735 892.886
735 2431.552
735 836.846
735 3256.692
735 989.808
735 589.34
735 1320.454
736 2311.818
736 2876.67
736 576.148
736 1197.506
736 366.632
736 2566.12
736 2310.486
736 881.88
736 323.924
736 1374.032
736 392.97
736 593.072
736 1373.888
736 403.464
737 1074.608
737 970.07
737 971.06
737 1156.79
737 770.592
737 1410.65
737 888.136
737 1680.488
737 1051.212
737 338.1
737 785.024
738 680.244
738 1033.45
738 523.08
738 1398.744
738 348.54
738 1338.418
738 1713.076
738 1401.022
738 1378.842
738 2317.056
738 731.312
738 1382.702
738 3178.496
738 575.002
738 655.324
738 801.872
738 1047.358
738 330.59
738 558.91
739 1456.428
739 2305.49
739 980.11
739 525.732
739 1370.914
739 805.026
739 1093.082
739 369.536
739 2118.86
739 976.836
740 1143.478
740 273.812
740 780.816
740 308.522
740 787.82
740 682.476
740 1654.112
740 1470.266
740 1971.46
740 520.186
741 1432.768
741 1102.28
741 2965.532
741 604.652
741 1428.736
741 536.478
741 1275.532
741 539.274
741 931.668
741 970.914
741 1282.666
741 600.234
742 551.89
742 3065.546
742 953.044
742 1842.892
742 2214.266
742 1744.544
742 3019.074
742 1591.452
742 358.044
742 1420
742 387.344
742 1012.372
742 2749.334
743 1244.984
743 2155.778
743 674.336
743 1935.554
743 888.86
743 1482.628
743 2053.92
743 1090.288
743 527.136
743 2205.9
743 1239.838
743 1036.94
744 1050.766
744 759.36
744 2298.992
744 570.226
744 1750.474
744 2239.954
744 1395.696
744 770.344
744 1174.228
744 3618.918
744 1832.89
744 1077.464
744 1505.066
745 588.314
745 739.45
745 535.866
745 729.206
745 2092.822
745 1568.026
745 789.548
745 1415.324
745 430.298
745 1338.178
745 883.874
745 2634.29
745 828.834
745 314.564
746 1029.69
746 739.754
746 1057.94
746 934.992
746 1624.638
746 1088.122
746 459.028
746 1421.116
746 884.516
746 1625.328
746 528.678
746 1982.578
746 882.05
746 329.326
746 954.408
746 1120.024
747 574.046
747 378.834
747 765.55
747 629.684
747 683.08
747 1549.098
747 1548.94
747 1510.214
748 701.196
748 1339.34
748 646.044
748 757.294
748 1160.738
749 625.904
749 258.592
749 1331.612
749 1070.302
749 500.472
749 3531.55
749 1358.952
749 605.78
749 497.95
749 1608.794
749 1191.538
749 2452.076
749 1623.504
750 870.588
750 566.848
750 510.564
750 785.386
750 1442.786
750 1586.084
750 601.422
750 939.492
750 256.47
750 1171.194
750 1575.356
751 1724.55
751 2591.248
751 1682.948
751 192.798
751 762.338
751 333.084
751 1034.688
751 1363.784
751 2045.914
751 511.064
751 851.742
751 2279.862
752 1088.552
752 1909.818
752 820.154
752 668.79
752 1784.838
752 1656.808
752 2085.624
752 2409.056
752 579.808
753 930.182
753 1272.866
753 366.69
753 2371.406
753 813.786
753 638.306
753 1130.998
753 1491.54
753 594.276
753 829.16
754 967.31
754 364.58
754 1384.866
754 150.894
754 4354.18
754 1268.708
754 1538.768
754 1135.162
754 342.084
754 1040.524
754 850.364
754 1322.814
754 1530.286
755 1412.63
755 1583.198
755 583.256
755 637.952
755 577.494
755 574.584
755 1730.134
755 435.104
755 505.516
755 1336.636
755 837.396
755 3896.326
756 1488.648
756 623.998
756 659.066
756 1263.654
756 845.938
756 1329.118
756 308.698
756 694.968
756 488.136
756 291.374
756 839.582
757 459.164
757 868.068
757 1113.716
757 607.638
758 418.458
758 2159.034
758 1762.494
758 729.36
758 782.966
758 679.96
758 1902.08
758 1625.396
758 3244.824
758 617.934
759 641.302
759 2663.576
759 731.52
759 818.802
759 641.364
759 980.716
759 2976.04
759 1715.832
759 1452.48
759 506.794
759 2156.512
760 956.672
760 732.894
760 685.476
760 1004.942
760 392.886
760 1966.26
760 501.63
760 1204.232
760 1039.378
760 514.83
760 2109.344
761 877.136
761 585.96
761 736.416
761 746.828
761 371.534
761 668.026
761 398.106
761 1147.366
761 862.908
761 888.328
761 1695.684
762 379.366
762 1941.848
762 1134.578
762 424.81
762 277.308
762 636.308
762 1327.844
763 515.314
763 213.406
763 1105.284
763 2064.374
763 1998.444
763 500.822
763 1720.494
763 1513.252
763 3549.75
763 1875.88
763 256.918
764 1676.442
764 1086.236
764 1062.462
764 1232.294
764 2107.494
764 343.42
764 1916.244
764 1910.488
765 1734.56
765 1316.22
765 564.226
765 886.542
765 1830.974
765 1557.908
765 659.658
765 495.854
765 722.066
765 1801.516
765 735.446
766 1064.432
766 680.934
766 506.498
766 1123.432
766 2742.642
766 1025.556
766 849.906
766 752.248
766 1853.792
767 614.03
767 946.708
767 660.616
767 805.224
767 627.818
767 1414.578
767 1313.124
767 1672.502
767 619.41
767 921.988
767 788.376
768 999.346
768 933.884
768 543.214
768 2041.102
768 346.594
768 1964.664
768 1508.756
768 2397.342
768 1724.11
768 641.412
769 1119.302
769 1912.41
769 830.16
769 629.586
769 1063.45
769 1061.366
769 1917.982
769 1824.944
770 2088.532
770 685.934
770 1891.222
770 1198.046
770 1127.314
770 821.98
770 1360.048
770 1348.646
770 3693.426
770 390.866
770 1152.638
770 1449.738
770 1697.144
770 537.09
770 488.378
771 1674.022
771 1942.604
771 1414.372
771 1729.81
771 2981.212
771 810.13
771 1523.588
771 1582.07
771 613.672
771 756.996
772 667.942
772 1096.822
772 1082.738
772 1406.522
772 959.498
772 1081.89
772 1519.668
772 911.51
773 1223.788
773 917.486
773 821.896
773 735.008
773 1694.972
773 731.612
773 534.674
773 1016.27
773 971.2
773 521.072
773 760.352
774 327.038
774 480.804
774 1270.93
774 1079.856
774 872.554
774 936.456
774 409.274
774 1195.248
774 626.212
774 1281.014
774 789.518
775 1243.256
775 747.098
775 543.21
775 738.246
775 273.98
775 654.856
776 598.958
776 1120.662
776 500.06
776 1932.306
776 819.488
776 1427.386
776 351.414
776 844.462
776 3891.346
776 1165.554
776 1866.32
777 1578.148
777 491.054
777 1001.666
777 1484.302
777 1135.698
777 745.392
777 1282.34
777 1345.15
777 677.318
777 1240.528
777 546.196
777 491.728
777 740.664
777 852.986
777 1772.936
777 1116.544
777 616.682
778 1051.964
778 1549.146
778 2185.454
778 266.916
778 1913.096
778 3038.982
778 568.566
778 658.832
778 1861.556
779 502.524
779 1126.186
779 1802.526
779 1890.402
779 290.884
779 784.11
779 1560.806
780 2501.174
780 1456.116
780 557.964
780 1823.922
780 432.76
780 688.882
780 796.696
780 533.374
780 496.824
780 922.662
780 1255.832
781 418.304
781 881.026
781 652.052
781 827.536
781 3076.796
781 234.756
781 1283.28
781 529.254
782 639
782 1615.328
782 1035.306
782 1598.33
782 793.824
782 491.486
782 1572.972
782 1147.694
782 1461.902
782 2131.606
782 1905.034
783 1362.588
783 1839.846
783 550.168
783 3886.756
783 2519.41
783 2150.17
783 872.39
783 697.348
783 692.268
783 1753.91
783 1296.324
783 1203.008
783 1143.066
783 1121.012
783 964.62
784 508.77
784 685.048
784 3258.974
784 1073.018
784 746.19
784 3519.214
784 3282.284
784 681.842
785 1570.914
785 858.66
785 220.814
785 3462.31
785 374.912
785 743.568
785 1692.536
785 1067.006
786 1798.908
786 922.042
786 960.304
786 813.11
786 1876.604
786 528.414
786 873.27
786 1246.034
786 279.774
787 2994.872
787 2376.048
787 694.578
787 649.864
787 1455.126
787 618.142
787 1095.12
787 688.576
787 626.54
787 2581.458
787 1467.1
787 1912.114
787 697.328
787 961.906
788 750.01
788 1732.332
788 1142.58
788 2276.528
788 1272.132
788 1384.808
788 943.714
788 487.042
788 820.204
788 2319.078
788 492.988
789 1830.046
789 1598.84
789 1155.976
789 2660.092
789 661.812
789 665.808
789 1504.786
789 817.338
789 943.184
789 1673.572
789 1153.188
789 232.902
790 698.228
790 1124.538
790 1676.052
790 482.304
790 1149.138
790 1018.896
790 1152.966
790 277
790 1856.336
790 2349.212
790 936.256
790 1301.768
790 934.618
790 410.262
791 3202.2
791 1722.054
791 1455.41
791 1501.542
791 1100.67
791 404.852
791 1857.248
791 948.87
791 2858.334
791 495.29
791 275.644
791 587.778
791 1833.344
791 597.098
792 834.636
792 1988.71
792 3308.088
792 596.794
792 597.494
792 376.954
792 681.948
792 1718.348
792 343.726
792 882.36
793 829.184
793 363.226
793 1003.96
793 914.654
793 2348.176
793 388.072
793 755.364
793 823.39
794 487.222
794 2068.268
794 871.424
794 415.438
794 504.82
794 365.93
794 718.812
794 311.858
794 472.93
794 976.586
794 692.118
794 1589.092
794 522.844
794 414.532
795 789.73
795 964.542
795 1871.974
795 1111.64
795 2233.484
795 3465.84
795 794.484
795 2201.726
795 602.67
796 652.438
796 314.934
796 1016.532
796 522.716
796 826.216
796 894.278
796 2016.934
796 935.794
796 545.206
797 1063.912
797 288.48
797 736.33
797 545.652
797 1139.112
797 1211.956
797 751.668
797 2648.774
797 1294.468
797 1179.854
797 1061.784
797 2395.53
797 2165.484
797 807.41
797 818.95
798 1482.424
798 442.056
798 812.138
798 2007.434
798 1416.436
798 1697.274
798 1614.3
798 876.124
798 1197.386
799 957.78
799 1795.836
799 845.294
799 292.854
799 1221.924
800 1349.594
800 475.038
800 843.196
800 464.934
800 534.412
800 847.372
800 519.638
800 427.104
800 1229.934
800 291.706
801 720.63
801 1854.776
801 850.946
801 1210.554
801 470.108
801 1284.448
801 1238.144
801 542.722
801 4536.75
801 474.496
801 1044.474
801 1175.148
801 631.722
802 438.704
802 282.302
802 1009.278
802 2901.378
802 595.336
802 1160.48
802 828.12
802 507.372
802 992.442
802 489.202
802 471.306
802 1228.968
803 199.928
803 729.546
803 682.062
803 1013.508
804 1236.58
804 482.392
804 602.634
804 1007.906
804 786.194
804 832.18
805 1453.414
805 1286.258
805 822.964
805 1104.54
805 1441.824
805 1013.472
805 1821.802
805 1384.922
805 808.094
805 363.946
805 2539.076
806 988.714
806 1309.688
806 1785.28
806 324.448
806 2662.71
806 549.872
806 675.986
806 1163.76
806 2275.868
806 505.252
806 566.466
806 1647.578
806 463.832
806 1509.938
807 425.12
807 731.106
807 1021.346
807 2235.73
807 643.194
807 2237.936
807 496.55
807 1533.368
807 1269.502
807 951.862
807 799.796
807 1071.634
808 1148.262
808 619.836
808 264.218
808 1866.476
808 1261.728
808 1279.048
808 1305.998
808 698.882
809 591.392
809 1694.798
809 1490.55
809 1152.89
809 478.374
809 456.38
809 1309.12
809 655.662
810 1363.162
810 1809.456
810 687.13
810 474.984
810 1884.214
811 420.9
811 3116.192
811 3397.638
811 1296.122
811 730.042
811 3427.842
811 850.432
811 1708.248
811 1257.466
811 1288.65
811 918.252
812 1533.402
812 2186.31
812 220.376
812 3906.96
812 1485.934
812 370.46
812 4470.57
812 2111.4
812 317.12
812 1156.716
813 475.108
813 2802.934
813 990.444
813 1633.722
813 678.852
813 581.646
813 5021.192
813 1509.922
813 1611.454
814 1537.62
814 1248.364
814 408.512
814 890.386
814 1767.178
814 1536.11
814 346.126
815 318.678
815 711.708
815 403.5
815 974.044
815 503
815 2621.036
815 2872.88
815 610.75
815 792.006
815 1425.972
815 1469.596
816 420.348
816 299.308
816 630.716
816 577.51
816 1090.944
816 507.686
816 566.746
816 1707.102
816 827.366
816 1009.334
817 1301.72
817 1118.322
817 479.142
817 529.152
817 928.822
817 1043.22
817 1029.872
817 1034.316
817 1800.308
817 2218.394
818 744.018
818 534.234
818 3839.242
818 1217.446
818 1097.832
818 1371.342
818 3173.466
818 401.588
818 695.65
818 1065.888
818 628.918
819 1007.608
819 464.508
819 499.95
819 1088.1
819 1762.256
819 507.892
819 3967.434
819 1014.678
819 1426.19
819 1299.548
819 1651.11
819 800.81
819 295.404
819 569.482
819 593.876
820 2160.79
820 703.074
820 662.898
820 1987.242
820 1976.75
820 389.886
820 1223.286
820 824.014
821 915.49
821 614.506
821 618.108
821 482.28
821 735.546
821 240.39
821 1614.722
821 313.394
821 1948.136
821 916.236
822 1925.162
822 2743.54
822 708.064
822 433.77
822 896.28
822 1572.034
822 2318.526
823 266.472
823 961.522
823 504.54
823 936.518
823 559.436
823 4176.474
823 776.208
823 673.7
824 234.81
824 784.604
824 1852.064
824 467.84
824 757.042
824 1734.156
825 3145.718
825 671.628
825 1340.124
825 729.112
825 1185.09
825 488.542
825 471.25
825 1223.254
825 940.2
825 1356.788
826 1153.788
826 3078.224
826 544.92
826 1266.408
826 1465.272
826 437.898
826 379.898
826 528.014
826 2234.354
826 564.996
826 1004.036
826 862.622
827 536.836
827 575.918
827 581.974
827 2767.738
827 638.442
827 1069.686
827 863.738
827 604.81
827 2041.89
828 1791.946
828 1775.702
828 757.444
828 661.848
828 2678.828
828 1215.992
828 2948.824
828 347.8
828 2679.176
829 663.258
829 785.42
829 2000.418
829 1003.144
829 2907.598
829 1015.738
829 478.248
829 710.264
829 390.174
829 968.008
830 1198.89
830 1795.33
830 2315.684
830 2231.604
830 825.7
830 1075.154
830 2018.344
830 1060.076
830 524.38
830 424.164
830 492.402
830 802.358
830 1341.834
830 1208.204
831 1148.038
831 612.752
831 927.562
831 545.978
831 2205.57
831 2167.57
831 1589.326
831 2088.458
831 1390.752
831 260.202
831 873.984
831 1599.126
832 406.334
832 514.29
832 452.942
832 1539.118
832 3479.238
832 1326.436
833 991.334
833 740.44
833 1172.024
833 1711.718
833 1316.072
833 1129.664
833 1052.346
833 689.456
834 2557.702
834 665.154
834 2152.706
834 1052.19
834 208.722
834 699.772
834 1228.098
834 737.174
834 289.144
834 3822.43
834 1167.352
834 1341.004
835 1117.192
835 1424.5
835 3345.83
835 2640.038
835 1048.788
835 1774.634
835 797.336
835 499.964
835 516.478
835 889.468
835 1988.94
835 427.412
835 979.528
835 828.446
835 867.45
835 427.458
835 851.808
835 1459.858
835 3351.29
836 1160.462
836 1098.784
836 829.034
836 340.972
836 1607.656
836 727.254
836 395.302
837 756.84
837 431.318
837 875.888
837 658.08
837 750.17
837 1568.652
837 556.706
837 1156.772
837 573.352
837 1082.59
838 1204.276
838 1216.348
838 1664.376
838 1511.144
838 1492.082
838 2097.972
838 833.748
838 588.586
838 987.086
838 1144.96
839 2089.208
839 1766.832
839 511.278
839 2096.118
839 1024.302
840 910.328
840 2353.976
840 650.332
840 4185.818
840 233.922
840 870.9
840 1096.004
840 679.286
840 1505.95
841 822.582
841 950.084
841 2348.324
841 674.126
841 679.854
841 572.74
841 560.28
841 3821.166
841 732.59
842 1005.11
842 600.484
842 233.59
842 1024.89
842 2059.91
842 712
842 689.406
842 278.822
842 1923.966
842 1837.708
843 1121.428
843 1129.886
843 1458.676
843 539.78
843 1179.308
843 1169.772
843 546.776
843 554.426
843 227.108
843 572.552
843 882.96
843 440.434
844 1357.66
844 157.726
844 448.622
844 2459.75
844 488.248
844 1334.316
844 1957.2
844 415.726
844 1231.424
844 564.27
844 687.338
844 1432.544
844 507.716
844 592.306
844 2826.542
844 2428.658
845 615.612
845 514.744
845 1166.928
845 983.784
845 1085.42
845 2335.78
846 272.85
846 761.51
846 460.552
846 591.554
846 437.408
846 779.54
846 932.9
846 1856.088
846 1050.07
846 1069.408
846 817.71
846 640.31
846 923.174
847 1065.374
847 634.518
847 1310.818
847 747.028
847 575.93
847 878.38
847 3524.644
847 518.876
847 1168.342
848 1481.504
848 2665.342
848 567.452
848 897.152
848 505.738
848 620.242
848 867.48
848 1547.124
848 1581.788
848 883.86
849 1308.422
849 1598.062
849 1276.154
849 1752.246
849 487.166
849 1007.42
849 1800.722
850 1339.976
850 754.556
850 422.506
850 786.702
850 2124.632
850 315.106
850 927.944
850 1445.804
850 3019.79
851 1973.67
851 1173.782
851 1443.99
851 486.14
851 798.904
851 5621.334
851 1134.044
851 795.984
852 498.022
852 568.688
852 651.7
852 645.624
852 243.692
852 533.762
852 1053.472
852 2070.944
852 488.596
853 4694.676
853 1456.814
853 386.108
853 2074.554
853 752.824
853 642.128
853 2448.054
853 3040.606
853 1529.306
853 768.344
853 842.748
854 322.658
854 2035.598
854 1914.436
854 906.742
854 1071.26
854 1731.706
854 1708.07
855 1511.312
855 6605.39
855 2820.428
855 395.498
855 459.09
855 1457.224
855 578.418
856 592.922
856 3717.572
856 581.056
856 5486.104
856 1246.436
856 1508.83
856 617.586
856 775.196
856 306.824
857 365.366
857 1509.536
857 2019.4
857 350.816
857 452.968
857 1069.584
857 1619.638
857 3755.102
857 1310.72
857 1338.056
858 1088.72
858 650.454
858 1342.31
858 644.732
858 2695.498
858 1904.722
858 740.006
858 855.07
858 759.648
858 252.638
859 3092.092
859 1465.388
859 1114.316
859 1036.408
859 1025.284
859 696.438
859 562.516
859 515.018
859 755.856
860 2246.644
860 3529.7
860 900.084
860 414.346
860 470.014
860 432.954
860 328.914
860 363.05
860 773.256
860 2118.614
860 729.056
861 588.568
861 2564.096
861 397.202
861 1166.332
861 435.576
861 932.166
862 1125.588
862 514.868
862 637.54
862 698.692
862 1416.92
862 819.896
862 2607.956
862 962.402
862 508.266
862 776.942
862 2319.194
863 2178.428
863 868.208
863 961.876
863 828.684
863 607.428
863 1007.582
863 1332.978
863 986.304
863 844.958
863 1385.358
863 1739.896
864 577.58
864 640.654
864 2140.696
864 1080.292
864 436.702
864 372.682
864 530.652
864 538.01
864 609.328
864 712.664
864 1361.156
864 725.378
865 502.48
865 928.038
865 1464.948
865 603.996
865 787.352
865 254.004
865 985.234
865 2166.802
865 579.966
865 401.644
865 647.556
866 1561.556
866 704.802
866 1046.1
866 1796.962
866 1566.89
866 445.148
866 3553.796
866 628.162
866 1986.722
866 474.628
866 799.722
866 839.796
866 655.88
866 931.408
866 905.648
867 1548.432
867 422.822
867 1478.214
867 1018.824
867 612.354
867 533.62
867 277.478
867 1142.166
867 1113.128
868 220.474
868 752.242
868 1364.344
868 666.626
868 369.772
868 2352.084
868 944.916
868 384.716
868 425.424
868 1014.358
868 2545.38
868 464.7
868 856.968
869 1209.992
869 2134.29
869 1391.494
869 742.278
869 1334.114
869 881.122
869 585.056
869 505.55
869 915.734
869 1079.194
869 504.448
869 839.092
869 1037.782
869 707.098
869 759.814
870 431.94
870 448.422
870 2593.034
870 768.386
870 412.668
870 1427.412
870 1049.564
870 2302.896
870 2848.992
870 566.562
870 508.662
870 953.892
870 1753.356
870 2282.972
871 1710.746
871 853.142
871 783.998
871 597.32
871 1379.258
871 381.212
871 355.904
871 2185.798
871 1214.148
872 2721.204
872 1348.794
872 4711.346
872 574.064
872 736.004
872 1526.59
872 2521.936
872 1852.908
872 762.182
873 620.196
873 448.31
873 1479.392
873 975.562
873 611.272
874 1223.428
874 1695.498
874 921.906
874 2770.706
874 1524.544
874 1857.922
874 378.202
874 1654.932
874 629.916
874 707.738
875 1854.8
875 666.634
875 1539.012
875 898.918
875 232.134
875 1060.914
875 488.258
875 1596.446
875 1106.27
875 1302.396
875 998.496
875 916.92
876 351.754
876 1708.524
876 1017.996
876 418.874
876 1201.062
876 643.624
876 1051.922
876 1610.026
876 1500.576
876 1291.538
876 729.196
876 681.654
876 664.466
877 268.55
877 1827.224
877 4060.552
877 631.798
877 295.776
877 617.058
877 637.956
877 916.434
877 333.4
877 3476.284
878 589.936
878 373.174
878 1826.442
878 1310.364
878 1706.21
878 2154.182
878 1447.66
878 554.522
878 1489.178
878 500.57
878 1427.668
878 708.446
878 505.508
878 1138.696
879 1413.28
879 1576.902
879 404.724
879 1539.412
879 288.534
879 663.426
879 1332.528
879 967.61
880 1026.368
880 764.77
880 1042.766
880 1198.172
880 1071.076
880 648.45
880 1815.296
881 558.926
881 859.05
881 3931.856
881 1173.764
881 1489.68
881 2126.28
881 2424.16
881 4212.638
881 789.822
882 1343.732
882 240.74
882 1421.39
882 2930.782
882 644.706
882 1260.614
882 1751.062
882 2576.126
882 1075.396
882 784.106
882 497.032
882 755.578
882 1219.162
882 2542.564
883 2182.52
883 955.772
883 1188.45
883 981.482
883 1021.406
883 1242.98
883 1474.852
883 757.67
883 1469.512
883 1067.924
883 579.288
883 1951.73
883 568.278
884 920.178
884 1748.066
884 1868.406
885 381.804
885 3166.256
885 669.388
885 776.882
885 958.13
885 1355.67
885 415.14
885 1073.098
886 2323.394
886 1052.746
886 1211.224
886 2460.186
886 502.794
886 645.85
886 2820.89
886 881.628
886 457.33
886 1624.344
886 1327.924
886 557.896
887 1394.816
887 1381.764
887 765.676
887 552.246
887 1921.606
888 1348.038
888 1240.834
888 460.858
888 992.906
888 436.504
888 839.854
888 296.214
888 413.73
888 2021.462
888 1323.23
888 1542.902
889 389.694
889 698.52
889 1056.446
889 431.12
889 1272.422
889 2053.504
889 1197.654
889 1139.41
889 1232.772
889 690.488
889 1074.772
889 973.808
890 769.29
890 716.802
890 855.108
890 1021.974
890 310.81
890 2136.246
890 652.558
890 1525.882
890 935.05
890 1269.872
890 1098.838
891 707.79
891 804.554
891 1171.758
891 1368.444
891 2026.616
891 1411.184
891 611.01
891 800.194
891 1097.208
892 299.236
892 809.486
892 478.722
892 590.074
892 480.294
892 2071.078
892 1506.928
892 768.918
892 1682.196
892 3168.24
892 1169.22
892 489.684
892 907.366
892 641.076
892 707.782
893 873.258
893 934.87
893 389.506
893 1569.042
893 1076.414
893 862.766
893 497.116
893 1518.032
894 583.948
894 1387.302
894 168.076
894 661.492
894 482.838
894 967.328
895 2006.568
895 2097.984
895 630.298
895 589.802
895 2738.582
895 800.264
895 713.46
895 2309.658
895 1649.804
895 1060.132
895 1112.82
895 958.346
896 390.916
896 596.314
896 493.782
896 929.036
896 1512.686
896 500.676
896 1221.112
897 679.976
897 702.122
897 960.124
897 1090.406
897 1011.44
897 1086.476
897 754.432
897 548.912
897 1388.434
897 1595.2
898 519.47
898 2438.294
898 673.976
898 562.36
898 343.904
898 1314.764
898 684.13
898 1412.41
898 1182.308
899 1340.16
899 905.03
899 953.092
899 762.014
899 707.488
899 1035.94
899 495.514
899 1408.34
899 1015.642
899 1043.99
900 1528.402
900 2406.752
900 1006.646
900 340.93
900 646.202
900 1489.554
900 619.092
901 587.602
901 904.558
901 1120.978
901 869.046
901 603.044
901 461.808
901 440.212
901 1160.924
901 1196.952
901 914.898
901 352.826
901 1149.182
901 792.394
901 573.814
902 1259.134
902 371.988
902 872.264
902 1315.488
902 719.428
902 4269.866
902 1218.526
902 744.094
902 1679.894
902 412.292
902 1270.474
902 1535.838
902 1537.588
903 925.69
903 489.79
903 958.706
903 1369.518
903 1416.558
903 625.434
903 1186.11
904 1128.276
904 1296.41
904 1092.12
904 703.412
904 927.268
904 804.24
904 1034.194
904 2386.04
904 1237.454
904 1072.508
905 2197.794
905 640.056
905 1056.9
905 793.244
905 1308.248
905 1167.524
905 413.626
905 2472.98
905 544.294
906 1175.636
906 381.422
906 1638.02
906 443.468
906 1038.424
906 463.71
906 305.062
907 823.036
907 795.468
907 2434.804
907 1204.422
907 1254.302
907 1448.912
907 1746.554
907 797.26
908 2836.71
908 678.424
908 853.818
908 986.91
908 1097.048
908 768.674
908 437.752
908 841.988
909 370.058
909 654.796
909 1223.604
909 842.09
909 553.424
909 1036.628
909 672.048
909 668.062
909 1381.688
909 1701.898
909 423.886
909 805.888
909 1063.488
909 674.526
909 1114.82
909 647.678
909 772.19
909 1451.232
910 640.394
910 351.794
910 1412.886
910 841.176
910 866.29
910 937.624
911 2174.362
911 410.178
911 389.186
911 670.986
911 1152.478
911 1173.298
911 1634.882
912 2443.79
912 1557.356
912 375.09
912 507.95
912 988.868
912 666.84
912 480.97
912 529.48
912 1758.738
912 2020.998
912 1035.668
913 460.492
913 1134.918
913 1407.39
913 957.058
913 1279.162
913 481.964
913 837.822
913 624.878
913 1294.168
913 891.304
914 716.346
914 666.052
914 934.084
914 555.64
914 1394.39
914 1346.696
914 480.506
914 1300.576
914 312.93
914 1855.62
914 470.546
914 1449.284
915 689.872
915 2673.708
915 799.752
915 1762.086
915 570.766
915 762.426
915 253.54
915 826.74
915 924.944
915 715.026
915 403.71
915 1700.582
916 624.388
916 355.386
916 1464.456
916 2444.628
916 1456.498
916 2348.538
916 787.894
917 928.94
917 1355.57
917 1449.266
917 1630.314
917 1073.202
917 1537.848
917 683.578
917 456.47
917 2465.62
918 511.716
918 793.184
918 1052.352
918 745.164
918 1656.906
918 2884.532
918 1061.47
918 574.164
918 338.412
919 258.886
919 2204.99
919 1302.406
919 422.922
919 899.178
919 1266.822
919 1092.33
919 1641.358
919 1621.606
919 1652.126
920 589.1
920 2410.22
920 839.568
920 961.806
920 1215.064
920 920.666
920 2043.792
920 351.52
920 413.65
920 1840.736
920 1179.376
920 1069.754
920 1501.638
921 983.582
921 458.866
921 2556.796
921 1266.856
921 1386.178
921 829.826
921 1262.754
921 274.27
921 1522
921 328.674
921 834.47
922 627.308
922 1384.612
922 1133.49
922 423.97
922 1874.158
922 1130.928
922 806.55
922 1109.15
923 863.532
923 533.498
923 625.516
923 353.47
923 754.11
923 596.098
923 297.21
923 2514.474
923 944.226
923 1723.244
923 1080.07
924 1525.64
924 402.684
924 597.378
924 879.508
924 921.074
924 1042.792
924 1285.388
925 1538.982
925 441.084
925 1822.822
925 410.514
925 1843.624
925 254.542
925 459.982
925 560.824
925 1543.68
925 2311.026
925 1161.528
925 670.954
926 986.362
926 577.914
926 541.214
926 916.564
926 1265.872
926 1046.212
926 361.3
926 2221.424
926 861.912
927 1243.912
927 730.452
927 516.512
927 2046.808
927 805.276
927 2304.198
927 486.994
927 985.512
927 424.464
927 241.968
928 1160.066
928 1993.206
928 452.948
928 812.714
928 2875.428
928 1331.874
928 1459.444
928 533.156
928 1245.106
928 5296.9
929 1326.748
929 598.56
929 1710.732
929 2201.554
929 1280.874
929 591.522
929 1905.226
929 2349.268
929 478.598
929 719.458
929 918.29
930 583.028
930 1198.968
930 2611.8
930 2550.788
930 1089.334
930 449.296
930 825.598
930 328.4
930 769.33
930 1688.26
931 1504.866
931 324.984
931 1256.808
931 1681.132
931 817.128
931 553.926
931 582.378
931 1498.584
931 2746.266
931 779.752
932 414.414
932 768.674
932 942.664
932 921.036
932 1179.102
932 3662.354
932 1986.172
932 523.74
932 524.444
932 1297.086
932 536.316
932 725.342
932 2048.072
932 832.254
933 824.644
933 2370.88
933 512.888
933 847.624
933 925.732
933 756.596
933 656.724
934 556.298
934 897.354
934 636.288
934 531.412
934 2093.748
934 200.214
934 950.724
934 1214.704
934 1003.778
934 764.922
935 1089.082
935 1447.424
935 955.442
935 2669.228
935 1539.87
935 1431.7
935 415.31
935 748.38
935 753.464
935 1015.516
935 519.168
936 1241.906
936 1484.024
936 1904.098
936 673.982
936 2565.248
936 572.624
936 1593.52
936 4433.79
936 515.82
936 2267.316
936 942.114
936 794.908
936 1355.612
936 931.408
936 623.492
936 1480.296
937 302.764
937 455.004
937 673.956
937 1883.942
937 786.21
937 457.856
937 602.734
938 905.574
938 1116.104
938 644.196
938 477.98
938 1081.826
938 1084.774
938 1339.624
938 613.768
938 1688.236
939 759.486
939 1089.548
939 794.814
939 779.13
939 960.778
939 1037.844
939 844.948
939 459.648
939 1863.16
939 1379.456
939 1068.994
939 937.378
939 577.816
939 1191.122
939 1185.004
940 2141.816
940 418.226
940 2008.36
940 1042.044
940 1463.136
940 868.006
940 1099.382
940 593.338
940 877.262
940 1143.182
941 1994.74
941 462.484
941 1271.302
941 730.766
941 375.204
941 441.336
941 2153.156
941 1423.604
941 1144.696
941 1413.082
942 403.97
942 399.816
942 2273.36
942 1099.36
942 1479.252
942 853.23
943 1032.666
943 607.49
943 715.46
943 681.668
943 966.032
944 752.494
944 643.69
944 412.902
944 334.302
944 1009.102
944 786.67
944 964.11
944 1320.266
945 2210.972
945 2249.892
945 909.238
945 253.714
945 505.864
945 2833.244
946 644.096
946 1291.156
946 390.378
947 498.106
947 1186.462
947 544.482
947 862.624
947 711.22
947 2148.612
947 928.59
947 1375.588
947 621.31
947 2174.962
947 374.586
948 484.082
948 1488.632
948 335.52
948 1051.588
948 1196.042
948 1194.45
948 958.56
948 702.366
948 840.05
948 649.802
949 1102.856
949 287.78
949 539.022
949 890.124
949 2419.35
949 1619.528
949 803.754
949 800.918
950 1001.578
950 762.738
950 1453.272
950 689.6
950 596.588
950 2336.044
950 1124.834
950 478.872
950 491.262
951 403.984
951 442.026
951 548.72
951 541.738
951 632.764
951 1063.284
951 1007.68
951 382.28
951 1421.874
952 338.296
952 348.024
952 666.038
952 1204.462
952 988.824
952 2011.298
952 801.594
953 2081.236
953 762.278
953 585.746
953 1530.176
953 1358.6
953 1027.666
953 1216.942
953 371.022
954 2379.522
954 1479.782
954 561.632
954 1598.302
954 2428.8
954 1109.54
954 638.404
954 1066.604
954 1120.116
954 746.524
954 1006.522
954 1378.782
954 985.952
954 1439.878
954 423.254
955 476.926
955 1439.07
955 762.288
955 1587.678
955 1787.742
955 1328.65
955 1016.21
955 2067.918
955 1259.574
955 222.848
955 1156.292
955 2455.556
955 275.714
955 1895.02
955 227.212
955 424.422
955 823.092
956 554.394
956 3227.028
956 1152.796
956 1464.384
956 1234.544
956 462.248
956 1325.888
956 1397.198
956 1208.854
956 638.858
956 398.396
956 527.996
957 980.356
957 1446.762
957 1952.7
957 890.008
957 1652.582
957 4221.484
958 1534.796
958 839.384
958 2089.262
958 2207.69
958 1681.718
958 1261.878
958 3058.874
958 801.002
958 805.446
958 2562.498
958 2535.696
958 1523.342
958 556.014
958 1854.65
958 604.236
959 1265.648
959 1656.18
959 1081.522
959 3610.896
959 1606.526
959 1283.356
959 686.986
959 1202.4
960 1070.62
960 1298.712
960 841.058
960 955.778
960 1000.216
960 676.724
960 966.532
960 1250.116
960 1280.622
960 1549.292
960 1561.034
960 1335.046
960 874.926
961 979.086
961 840.718
961 1782.636
961 516.288
961 1126.5
961 2010.216
961 1150.372
961 704.374
961 2407.008
961 683.622
962 543.304
962 495.884
962 3823.038
962 215.7
962 1438.94
962 283.192
962 1650.706
962 968.646
962 339.028
962 1114.474
962 848.902
963 1234.104
963 1149.588
963 1156.448
963 364.036
963 2190.034
963 1478.488
964 756.922
964 296.07
964 749.792
964 218.488
964 898.94
964 1746.162
964 756.152
964 1333.418
964 455.182
964 773.538
965 1057.602
965 1321.104
965 1302.114
965 1635.584
965 2228.64
965 688.168
965 947.5
965 528.15
965 718.336
965 1310.512
965 1092.834
966 821.496
966 393.848
966 1054.692
966 998.056
966 2177.258
966 321.432
966 636.788
966 624.12
966 1959.204
966 1105.422
966 637.572
966 1036.894
966 750.686
967 1265.966
967 604.322
967 1465.502
967 623.078
967 679.696
967 786.108
967 926.9
967 582.546
967 1645.354
967 641.264
967 1887.986
968 808.53
968 1749.632
968 933.258
968 793.346
968 1326.872
968 530.724
968 1509.73
968 1338.636
968 734.7
969 1451.46
969 228.974
969 1777.21
969 1877.096
969 565.128
969 1576.512
969 540.168
969 565.134
969 499.712
969 617.218
969 614.664
969 2266.956
970 797.188
970 289.586
970 389.326
970 668.898
970 1646.378
970 1065.524
970 1003.806
970 415.202
970 1708.694
970 1422.39
970 1618.86
971 866.924
971 533.408
971 2102.968
971 1965.094
971 1000.554
971 511.8
971 680.32
971 311.628
971 695.156
971 981.852
972 378.778
972 1071.77
972 708.37
972 1299.858
972 946.334
972 2122.806
972 1164.888
972 523.892
972 1065.46
972 485.04
972 905.1
972 1330.674
972 943.384
973 1048.98
973 722.948
973 362.132
973 2275.886
973 1943.002
973 364.586
973 970.44
973 1303.732
974 703.198
974 1782.712
974 700.912
974 551.79
974 2502.534
974 525.596
974 584.12
974 454.986
975 711.688
975 1062.994
975 649.952
975 1149.026
975 1013.694
975 729.854
975 410.192
975 857.412
975 1590.74
975 1632.358
975 1065.124
975 404.938
975 639.592
975 1009.414
975 1851.896
975 306.758
975 743.652
975 1866.084
976 2163.732
976 697.946
976 1583.814
976 237.614
976 2273.216
976 1192.536
976 546.454
976 709.82
977 1012.066
977 685.808
977 1392.948
977 1714.782
977 498.892
978 619.06
978 604.092
978 996.884
978 1354.544
978 2006.24
978 1179.498
978 833.352
978 238.92
979 1301.468
979 463.89
979 1949.448
979 560.532
979 450.468
979 681.158
979 2832.31
979 1162.79
979 628.022
979 2232.158
979 1639.26
980 1032.744
980 1369.538
980 909.568
980 2326
980 1874.108
980 665.048
980 1611.576
980 1782.276
980 486.646
981 1174.592
981 2674.812
981 2091.434
981 1051.286
981 1240.206
981 587.71
981 1897.884
981 692.35
981 595.878
981 577.664
981 855.632
981 627.236
981 581
981 378.562
981 816.482
981 1767.676
981 1873.156
982 958.808
982 2017.804
982 535.726
982 682.84
982 709.448
982 542.94
982 644.436
982 733.41
982 3258.322
982 366.22
982 6535.358
983 1566.474
983 1078.332
983 761.362
983 984.842
983 738.346
983 468.646
983 1970.918
983 2254.776
983 769.946
983 828.656
983 557.476
983 1475.364
984 697.404
984 1493.418
984 766.012
984 3100.226
984 462.018
984 1114.218
984 886.674
984 2547.392
985 1827.128
985 762.202
985 1480.36
985 957.586
985 1573.45
985 2271.594
985 3337.73
985 708.102
985 2017.166
985 727.628
986 499.562
986 575.508
986 645.338
986 1766.35
986 1254.646
986 529.688
986 1039.896
986 976.442
986 726.91
986 1415.764
986 698.084
987 509.326
987 692.376
987 1156.95
987 1087.176
987 288.692
987 509.942
987 518.306
987 877.038
987 1017.684
987 1830.264
987 431.768
987 1640.116
987 754.218
987 3462.374
987 3839.018
988 757.852
988 628.816
988 681.824
988 1564.336
988 1042.672
988 1535.898
988 1697.218
988 1324.106
988 1246.002
988 675.932
988 432.338
988 739.152
988 937.824
989 1367.418
989 863.45
989 618.58
989 1287.92
989 817
989 407.082
989 1015.488
990 610.986
990 1465.136
990 1134.674
990 936.25
990 772.16
990 753.754
990 734.332
991 1446.558
991 2019.898
991 1236.002
991 393.618
991 1029.622
991 805.496
991 854.724
991 1017.13
991 605.548
991 999.814
991 506.94
992 429.512
992 2641.2
992 578.146
992 1167.69
992 2470.672
993 538.276
993 884.328
993 1436.986
993 856.904
993 759.084
994 1370.89
994 2162.288
994 1239.134
994 778.72
994 542.456
994 2061.508
994 1086.82
994 599.142
994 432.84
994 368.092
995 311.896
995 1209.922
995 3714.91
995 596.112
995 1723.54
995 1403.894
995 1145.286
995 505.818
996 1789.418
996 646.516
996 2690.258
996 1747.698
996 1234.244
996 1138.144
996 2106.244
996 1024.718
996 854.966
996 1365.972
996 536.788
996 1078.682
997 893.928
997 951.346
997 571.254
997 1022.526
997 922.196
997 250.07
997 877.548
997 950.428
997 710.286
998 1139.712
998 741.244
998 766.798
998 330.498
998 1543.134
998 895.198
998 403.072
998 1593.328
998 3216.45
998 2823.26
998 1356.446
998 476.18
999 582.91
999 639.314
999 2152.196
999 2621.484
999 864.526
999 843.504
999 588.582
999 405.93
999 1548.86
999 1077.5
999 407.416
1000 1195.352
1000 650.894
1000 2250.002
1000 1025.01
1000 755.83
1000 796.742
1000 1682.404
1000 628.392
1001 352.57
1001 1794.764
1001 1966.478
1001 1561.178
1001 855.21
1001 1005.014
1001 1435.846
1001 1504.81
1002 792.962
1002 1112.006
1002 481.504
1002 1576.776
1002 973.276
1002 690.57
1002 761.846
1003 974.534
1003 1628.81
1003 929.21
1003 341.328
1003 638.066
1003 1661.148
1003 1607.248
1003 1205.638
1004 1878.494
1004 874.27
1004 1357.772
1004 612.986
1004 730.424
1004 479.508
1004 797.286
1005 715.35
1005 440.422
1005 917.948
1005 1491.86
1005 1102.536
1005 544.714
1005 603.04
1005 2833.76
1005 907.22
1005 260.878
1005 625.998
1005 979.284
1005 652.608
1005 1680.534
1006 421.876
1006 1037.088
1006 1303.682
1006 663.942
1006 611.264
1006 1644.73
1006 624.996
1006 799.544
1007 956.8
1007 1151.638
1007 658.338
1007 656.482
1007 4781.732
1007 944.488
1007 1629.04
1007 680.508
1007 440.51
1007 1000.996
1007 800.246
1007 2206.554
1007 1102.614
1007 740.258
1007 1392.266
1007 2164.312
1007 857.162
1007 810.732
1008 2932.388
1008 4643.31
1008 1037.096
1008 485.164
1008 1024.848
1008 327.132
1008 770.722
1008 1239.37
1008 417.46
1008 936.736
1008 777.546
1008 1490.972
1008 491.938
1008 529.626
1009 378.374
1009 285.028
1009 1115.62
1009 586.26
1009 465.82
1009 587.64
1009 2400.74
1009 1276.052
1009 432.602
1009 385.256
1009 288.584
1009 426.234
1009 643.98
1009 252.514
1009 999.924
1009 2780.306
1009 570.176
1010 1732.764
1010 1092.79
1010 2493.04
1010 1192.394
1010 979.096
1010 1590.912
1010 779.934
1010 827.34
1010 523.444
1010 668.582
1010 870.032
1010 933.698
1010 565.802
1010 547.724
1011 1087.658
1011 669.57
1011 911.934
1011 313.302
1011 557.422
1011 452.47
1011 609.654
1011 669.656
1012 3700.392
1012 1374.672
1012 647.722
1012 228.188
1012 725.84
1012 1300.16
1012 561.996
1012 2566.872
1012 2103.116
1013 2114.92
1013 440.466
1013 396.146
1013 2699.482
1013 841.088
1013 598.696
1014 784.392
1014 896.858
1014 673.608
1014 2125.764
1014 1023.546
1014 398.056
1014 1287.718
1014 709.888
1014 1458.564
1014 768.322
1014 3287.832
1014 509.566
1015 640.646
1015 1602.994
1015 1332.65
1015 1159.808
1015 869.95
1015 1421.794
1016 912.992
1016 395.948
1016 361.748
1016 527.978
1016 850.162
1016 1595.298
1016 779.37
1016 861.49
1016 462.688
1016 1100.712
1016 370.624
1016 801.822
1017 1026.494
1017 286.822
1017 1607.494
1017 651.528
1017 665.88
1017 1513.684
1017 1080.98
1017 3303.226
1017 810.944
1017 3834.526
1017 2446.114
1018 899.482
1018 809.796
1018 959.21
1018 1510.708
1018 1571.252
1018 973.33
1019 2148.87
1019 2376.184
1019 596.678
1019 1315.596
1019 1193.846
1019 361.118
1019 3130.284
1019 557.14
1019 752.236
1019 666.056
1019 1061.026
1020 1450.322
1020 1480.002
1020 2367.72
1020 754.382
1020 499.278
1020 812.094
1020 675.64
1021 466.946
1021 779.132
1021 1284.06
1021 524.598
1021 972.91
1022 546.566
1022 595.336
1022 1153.01
1022 2087.928
1022 1526.288
1022 1251.12
1022 999.412
1022 2386.438
1022 374.694
1023 2011.476
1023 1650.8
1023 586.134
1023 2500.45
1023 3359.988
1023 709.456
1023 2042.928
1023 448.572
1023 1224.656
1023 698.31
1023 1403.134
1023 838.99
1023 2209.514
1024 524.132
1024 876.016
1025 1289.392
1025 463.566
1025 535.518
1025 1316.196
1025 1141.548
1025 498.28
1025 585.556
1025 311.262
1025 1743.71
1026 1042.164
1026 1161.524
1026 1495.264
1026 1713.78
1026 685.706
1026 921.202
1026 526.612
1026 1068.67
1026 1026.198
1026 1606.454
1026 2886.434
1027 504.398
1027 1028.414
1027 1243.132
1027 349.084
1027 1432.878
1027 1914.608
1027 1068.546
1027 2033.012
1027 1300.95
1028 505.176
1028 840.854
1028 1360.874
1028 858.614
1028 956.41
1028 390.432
1028 2803.734
1028 724.532
1028 2116.44
1028 399.42
1029 719.238
1029 747.856
1029 820.444
1029 486.048
1030 746.936
1030 388.67
1030 562.63
1030 507.046
1030 1126.264
1030 769.164
1030 1133.612
1030 540.286
1031 749.348
1031 574.65
1031 287.18
1031 1798.898
1031 858.08
1031 1236.908
1031 434.78
1031 1023.264
1031 1821.63
1032 680.218
1032 405.824
1032 890.82
1032 1394.436
1032 1246.68
1032 1367.706
1032 1726.788
1032 963.918
1032 1253.616
1032 1274.634
1032 2558.952
1032 546.512
1032 694.376
1033 1251.59
1033 845.836
1033 631.512
1033 1161.872
1033 1824.722
1033 1843.772
1033 1668.35
1033 1008.93
1033 808.93
1034 780.582
1034 423.688
1034 1040.098
1034 1035.784
1034 1482.79
1034 2111.45
1034 672.182
1034 246.124
1034 767.082
1034 394.04
1034 1270.154
1035 1372.894
1035 753.824
1035 512.922
1035 1041.156
1035 1143.038
1035 875.63
1035 1273.306
1035 753.952
1035 1251.814
1035 1824.488
1035 1367.46
1035 1956.632
1036 1460.726
1036 2022.092
1036 1038.764
1036 293.65
1036 921.708
1036 1309.56
1036 1650.3
1036 2135.718
1036 990.006
1036 2001.182
1036 1166.022
1037 711.738
1037 2278.112
1037 477.284
1037 342.79
1037 1302.858
1037 1141.596
1037 2000.994
1037 297.508
1037 502.176
1037 1340.916
1037 398.924
1037 2684.85
1037 2780.018
1037 792.452
1037 1172.842
1037 645.802
1037 1599.87
1037 1635.97
1038 2027.79
1038 803.1
1038 2167.76
1038 2230.63
1038 1197.392
1038 456.068
1038 860.32
1038 1547.378
1038 2231.254
1039 1110.054
1039 1199.394
1039 1312.608
1039 1535.894
1039 1143.926
1039 514.76
1039 1657.608
1039 1399.76
1039 634.722
1039 1144.138
1039 1215.622
1039 401.972
1039 801.264
1039 1773.346
1040 1190.924
1040 2255.81
1040 1389.06
1040 784.072
1040 1578.518
1040 497.044
1040 587.148
1040 1094.672
1040 618.98
1040 775.94
1040 1412.072
1040 1324.64
1040 752.126
1040 2128.034
1040 1720.94
1041 741.306
1041 745.766
1041 1053.092
1041 1106.404
1041 1593.846
1041 1111.784
1041 2972.272
1041 1216.38
1041 953.304
1041 1889.606
1041 787.524
1041 1288.826
1041 941.346
1042 943.196
1042 440.972
1042 403.024
1042 710.072
1042 1144.428
1042 421.14
1042 1348.442
1042 348.786
1042 527.676
1042 980.554
1042 692.25
1042 1812.042
1042 432.866
1042 204.134
1043 1887.062
1043 600.02
1043 379.034
1043 524.936
1043 415.904
1043 1032.444
1043 1181.408
1043 1640.496
1043 591.684
1044 1556.468
1044 1955.692
1044 530.174
1044 722.31
1044 594.052
1044 869.218
1044 2408.464
1044 387.706
1044 1202.06
1044 983.306
1045 725.256
1045 884.022
1045 1345.534
1045 1748.972
1045 767.592
1045 485.456
1045 1425.52
1045 885.172
1045 2230.18
1045 1553.546
1045 716.548
1045 783.796
1045 864.65
1045 304.946
1045 1178.848
1045 894.952
1045 1040.74
1046 2600.914
1046 422.05
1046 2063.556
1046 467.46
1046 534.524
1046 1390.416
1046 1022.072
1046 563.222
1046 603.986
1046 465.358
1046 774.99
1047 2071.296
1047 710.884
1047 653.224
1047 589.332
1047 647.6
1047 842.82
1047 1662.852
1047 2092.144
1047 2178.222
1048 611.436
1048 1421.15
1048 468.842
1048 727.078
1048 601.508
1048 1385.698
1048 840.296
1048 601.66
1048 2566.7
1048 585.904
1048 185.756
1049 962.524
1049 871.362
1049 1443.046
1049 1890.888
1050 813.288
1050 681.756
1050 831.068
1050 4049.116
1050 1379.152
1050 963.234
1050 919.67
1050 475.066
1050 491.49
1050 476.882
1050 767.326
1050 1171.678
1051 5123.21
1051 351.14
1051 1396.834
1051 2381.822
1051 3626.386
1051 1740.53
1051 1231.844
1051 767.208
1051 1102.184
1051 611.07
1051 1077.762
1052 1210.758
1052 440.456
1052 3434.504
1052 797.44
1052 594.376
1052 2949.366
1052 672.684
1052 321.418
1052 1541.39
1053 1122.274
1053 855.476
1053 787.248
1053 567.744
1054 1944.414
1054 1131.104
1054 714.922
1054 639.424
1054 393.92
1054 2349.54
1055 1114.412
1055 3830.12
1055 486.642
1055 862.758
1055 497.968
1055 1797.102
1055 550.944
1055 304.504
1056 505.154
1056 716.362
1056 618.478
1056 1956.948
1056 1855.752
1056 2413.71
1056 560.708
1056 1023.646
1056 2208.352
1056 749.376
1056 3568.718
1057 644.524
1057 1039.278
1057 452.878
1057 2007.844
1057 709.632
1057 1089.714
1057 2007.846
1057 482.98
1057 1433.91
1057 1736.498
1057 463.844
1057 689.944
1057 951.402
1058 1190.8
1058 923.276
1058 4162.016
1058 1336.098
1058 1190.368
1058 995.522
1058 562.432
1058 1381.054
1058 773.92
1058 498.234
1058 1156.394
1058 1189.486
1058 1111.284
1059 485.866
1059 413.796
1059 836.572
1059 2594.698
1059 737.224
1059 621.832
1059 518.658
1059 948.558
1059 580.57
1059 573.5
1059 583.222
1059 620.428
1060 1015.896
1060 344.196
1060 393.636
1060 710.816
1060 2667.364
1060 2061.694
1060 1071.664
1060 454.576
1060 510.11
1061 4003.108
1061 2728.566
1061 842.132
1061 356.634
1061 2651.012
1061 1077.906
1061 451.548
1061 1043.514
1061 1351.172
1061 677.746
1061 745.108
1061 1622.544
1062 717.908
1062 812.054
1062 978.194
1062 987.942
1062 527.438
1062 1182.862
1062 1352.436
1062 559.92
1062 909.118
1063 5701.4
1063 1818.688
1063 1659.528
1063 924.444
1063 2402.248
1063 1582.334
1064 662.618
1064 2233.722
1064 1384.302
1064 914.378
1064 535.962
1064 1049.594
1064 915.346
1064 1279.26
1064 939.17
1064 247.864
1064 530.898
1065 1088.674
1065 582.64
1065 722.014
1065 1456.962
1065 431.87
1065 858.846
1065 1235.572
1065 505.09
1065 632.932
1065 602.072
1065 1000.794
1066 3582.438
1066 353.078
1066 2707.896
1066 993.418
1067 942.058
1067 1340.588
1067 735.872
1067 1388.596
1067 892.586
1067 1353.194
1067 423.238
1068 1115.66
1068 1194.758
1068 833.12
1068 862.208
1068 467.72
1068 5507.73
1068 1547.118
1068 810.166
1068 1927.202
1068 691.692
1068 2193.984
1069 768.434
1069 563.734
1069 783.098
1069 828.336
1069 281.91
1069 689.48
1069 425.516
1069 3209.354
1070 521.318
1070 771.786
1070 681.636
1070 680.004
1070 2068.078
1070 767.338
1070 542.102
1070 618.138
1070 1898.996
1070 445.658
1071 730.38
1071 3263.684
1071 3009.976
1071 496.636
1071 803.658
1071 403.618
1071 1930.79
1071 1794.296
1071 886.67
1072 2338.746
1072 839.636
1072 806.616
1072 804.722
1072 2697.058
1072 149.342
1072 1015.366
1072 1058.41
1072 2477.148
1072 1234.078
1072 3349.218
1072 752.194
1073 266.504
1073 850.074
1073 1144.768
1073 2087.852
1073 289.66
1073 2265.65
1073 868.082
1073 1321.516
1073 832.602
1073 947.226
1073 367.45
1073 1594.892
1073 1740.672
1073 415.946
1074 1025.94
1074 553.454
1074 915.682
1074 536.578
1074 541.988
1074 627.332
1074 936.138
1074 1372.968
1074 1504.006
1074 1587.524
1074 384.598
1074 679.432
1074 1335.978
1075 1156.914
1075 411.646
1075 817.046
1075 291.09
1076 1475.742
1076 2179.876
1076 739.586
1076 943.982
1076 1353.586
1076 605.596
1076 960.366
1076 1066.644
1076 2130.132
1076 876.928
1076 443.058
1076 930.882
1077 694.618
1077 1363.548
1077 396.114
1077 2326.978
1077 925.198
1077 361.074
1077 600.778
1077 1051.848
1077 1031.37
1077 669.714
1077 573.264
1077 1864.782
1077 804.592
1078 3360.986
1078 635.37
1078 1362.618
1078 449.184
1078 1274.948
1078 1921.786
1078 614.296
1078 890.092
1078 440.314
1078 2395.798
1078 529.002
1078 641.188
1078 3077.352
1078 1741.496
1079 440.832
1079 700.07
1079 2067.728
1079 1219.374
1079 494.314
1079 2689.484
1079 764.482
1079 374.398
1079 839.35
1079 2234.788
1080 649.464
1080 561.972
1080 1116.496
1080 2240.776
1080 1172.694
1080 927.114
1080 981.84
1080 718.064
1080 349.488
1081 521.052
1081 427.096
1081 1527.896
1081 375.376
1082 1171.062
1082 764.338
1082 391.054
1082 519.776
1082 1370.262
1082 2395.064
1082 1087.08
1082 965.62
1082 928.556
1082 777.306
1083 435.382
1083 889.062
1083 325.41
1083 670.084
1083 1964.144
1083 1379.326
1083 803.736
1083 1294.682
1083 776.04
1083 698.02
1084 417.146
1084 2373.388
1084 2488.938
1084 597.27
1084 331.182
1084 497.57
1084 1169.228
1084 710.034
1084 857.84
1084 316.54
1085 537.672
1085 620.906
1085 396.824
1085 1831.738
1085 583.92
1085 333.066
1085 923.46
1085 1885.274
1086 838.924
1086 3030.92
1086 1009.788
1086 478.936
1086 509.998
1086 646.484
1086 1058.724
1086 4155.482
1086 1040.734
1086 850.366
1087 1660.12
1087 679.132
1087 809.146
1087 727.5
1087 1532.42
1087 335.224
1087 891.27
1087 976.544
1087 2228.014
1088 563.832
1088 885.688
1088 383.806
1088 1579.232
1089 942.592
1089 568.744
1089 721.71
1089 745.756
1089 404.866
1089 787.054
1089 1430.924
1089 1460.2
1089 623.99
1090 896.526
1090 2496.174
1090 1134.866
1090 1025.314
1090 713.622
1090 772.05
1090 1758.57
1090 659.216
1090 1662.172
1090 495.162
1090 1450.016
1090 793.756
1090 1451.834
1090 474.352
1090 525.102
1091 1103.518
1091 859.014
1091 740.808
1091 390.274
1091 592.172
1091 819.618
1091 848.782
1091 922.922
1091 322.09
1091 948.838
1092 2922.766
1092 691.538
1092 1408.822
1092 420.858
1092 366.836
1092 1385.908
1092 1099.01
1092 462.138
1092 783.094
1092 860.522
1093 2534.308
1093 1913.372
1093 1714.828
1093 684.274
1093 685.682
1093 1701.122
1093 964.142
1093 2072.35
1093 605.892
1093 598.642
1093 1371.12
1093 391.294
1094 894.862
1094 1184.338
1094 580.302
1094 457.896
1094 380.93
1094 624.326
1094 666.788
1094 508.034
1094 1308.372
1094 1138.336
1094 2065.088
1094 3117.336
1094 728.664
1094 874.298
1095 572.794
1095 398.062
1095 466.358
1095 533.81
1095 976.744
1095 3027.964
1095 955.246
1095 1043.846
1095 883.852
1096 2124.518
1096 1372.324
1096 1207.398
1096 1500.914
1096 766.004
1096 1195.216
1096 2026.49
1096 620.988
1096 831.392
1096 296.956
1097 944.412
1097 728.45
1097 1457.228
1097 941.244
1097 718.014
1097 941.49
1097 395.464
1097 350.264
1097 438.838
1097 3734.682
1097 1084.146
1097 428.214
1097 1053.888
1097 581.114
1097 437.418
1097 752.61
1098 1029.622
1098 923.456
1098 841.542
1098 678.198
1098 1433.456
1098 435.282
1099 371.312
1099 912.51
1099 415.576
1099 997.562
1099 642.834
1099 521.07
1099 968.21
1099 566.052
1099 725.58
1099 1922.598
1099 3014.076
1100 775.028
1100 282.996
1100 1354.246
1100 1359.918
1100 442.604
1100 636.438
1100 1738.656
1100 915.2
1100 508.438
1100 795.596
1100 838.582
1101 376.326
1101 988.742
1101 1708.99
1101 876.878
1101 809.674
1101 573.68
1101 1048.058
1101 402.952
1102 1594.338
1102 967.422
1102 1929.062
1102 2897.084
1102 636.138
1102 1159.158
1102 2239.448
1102 799.248
1102 619.806
1102 2715.702
1102 938.356
1102 361.312
1102 1319.27
1102 452.162
1103 1280.702
1103 1004.596
1103 1713.334
1103 568.676
1103 645.6
1103 538.532
1103 1150.028
1103 1031.206
1103 1233.964
1103 504.492
1104 746.26
1104 1321.932
1104 1747.2
1104 1529.182
1104 1321.542
1104 1314.02
1104 520.554
1104 889.244
1104 1241.666
1104 1853.874
1105 663.842
1105 599.224
1105 332.57
1105 950.29
1105 933.366
1105 957.33
1105 680.76
1105 602.942
1105 501.226
1105 978.586
1105 828.174
1105 297.218
1105 603.738
1105 2312.976
1105 993.206
1106 456.448
1106 864.874
1106 484.034
1106 1111.88
1106 1060.754
1106 2207.57
1106 1216.448
1106 700.658
1107 1237.198
1107 1907.124
1107 690.914
1107 416.044
1107 732.902
1107 713.978
1107 589.798
1107 1778.996
1107 481.642
1107 1140.134
1108 877.45
1108 295.09
1108 2062.232
1108 596.544
1108 1131.538
1108 526.896
1109 1050.096
1109 360.846
1109 1331.798
1109 454.496
1109 591.798
1109 341.756
1109 690.596
1110 2616.352
1110 440.728
1110 2577.184
1110 2196.092
1110 305.374
1110 2328.832
1110 637.068
1110 730.744
1110 382.084
1110 834.21
1110 742.184
1110 2075.224
1110 522.792
1110 3375.986
1110 1908.39
1110 999.902
1110 658.174
1111 275.036
1111 1232.364
1111 521.534
1111 462.256
1111 456.124
1111 1286.67
1111 326.802
1111 2439.986
1111 984.82
1111 853.56
1112 646.144
1112 752.45
1112 724.06
1112 601.396
1112 671.114
1112 910.444
1112 1351.448
1112 1118.24
1112 1263.056
1112 776.68
1112 407.952
1112 1570.928
1112 1843.054
1112 914.144
1113 2265.108
1113 1615.73
1113 713.636
1113 2873.344
1113 2489.476
1113 559.526
1113 1713.7
1113 486.732
1113 1250.16
1114 762.158
1114 1947.668
1114 1360.858
1114 1262.126
1114 1476.91
1114 4241.064
1114 1000.242
1114 1234.086
1114 509.97
1114 715.114
1115 425.692
1115 267.248
1115 999.912
1115 401.168
1115 1847.594
1115 1285.634
1115 2273.238
1115 459.654
1115 448.93
1115 739.466
1115 865.478
1115 943.458
1115 2240.978
1115 774.452
1116 543.974
1116 1243.572
1116 795.268
1116 704.582
1116 580.708
1116 770.092
1116 1297.988
1117 654.72
1117 392.922
1117 1408.67
1117 1032.16
1117 816.488
1117 727.98
1117 543.378
1118 354.052
1118 1313.996
1118 3143.876
1118 884.432
1118 898.2
1118 1138.54
1118 2559.31
1118 1136.08
1118 369.238
1118 1361.346
1118 525.108
1119 643.22
1119 2242.02
1119 600.164
1119 982.192
1119 623.4
1119 780.358
1120 873.192
1120 285.29
1120 507.716
1120 3509.48
1120 1139.408
1120 1380.922
1120 3476.084
1120 461.472
1121 883.728
1121 1020.628
1121 2412.786
1121 726.924
1121 1050.468
1121 630.234
1121 285.064
1121 936.948
1121 2812.16
1121 367.99
1121 400.852
1121 1788.954
1121 377.626
1122 1668.68
1122 1748.398
1122 734.83
1122 484.7
1122 918.624
1123 1575.712
1123 523.838
1123 767.2
1123 662.17
1123 3403.082
1123 816.06
1123 571.036
1123 647.854
1123 651.698
1123 2621.15
1123 437.256
1123 476
1124 1391.976
1124 860.572
1124 650.612
1124 2273.096
1124 1847.172
1125 660.148
1125 1653.66
1125 365.718
1125 586.638
1125 3455.388
1125 779.628
1125 894.868
1125 668.906
1125 821.84
1125 1283.228
1125 949.652
1125 914.444
1125 364.042
1125 1094.35
1126 1097.532
1126 1641.496
1126 508.634
1126 507.5
1126 1288.024
1126 524.232
1126 417.55
1126 2813.118
1126 500.92
1126 1129.388
1126 613.63
1126 930.316
1127 1294.536
1127 1033.666
1127 774.218
1127 1030.962
1127 421.298
1127 386.094
1127 690.646
1127 2003.894
1127 1022.494
1127 1540.058
1127 917.5
1127 917.182
1128 833.056
1128 234.372
1128 1068.46
1128 1446.28
1128 1516.18
1128 1080.962
1128 1359.696
1128 1337.1
1128 693.35
1128 951.966
1128 865.494
1128 856.102
1128 266.542
1128 1148.592
1128 1037.59
1128 2161.67
1129 928.506
1129 589.22
1129 4405.162
1129 1390.066
1130 4110.844
1130 733.084
1130 348.856
1130 499.854
1130 658.218
1130 394.372
1130 515.31
1130 1679.5
1130 796.888
1130 728.526
1130 971.462
1131 8266.144
1131 1070.382
1131 953.706
1131 777.824
1131 472.962
1131 838.354
1132 1568.258
1132 1142.448
1132 1334.15
1132 3347.988
1132 1359.378
1133 2569.076
1133 1154.688
1133 991.148
1133 1081.756
1133 541.47
1133 547.328
1133 1265.432
1133 1657.98
1133 944.49
1134 2271.034
1134 1570.81
1134 1688.5
1134 900.73
1134 303.65
1134 813.182
1134 626.5
1134 598.458
1134 709.2
1134 1046.078
1134 510.982
1134 1267.898
1134 487.66
1134 287.466
1134 984.082
1135 1277.828
1135 469
1135 1257.106
1135 2016.83
1135 332.736
1135 757.166
1135 632.754
1135 700.694
1135 1168.396
1135 558.816
1135 1454.894
1135 603.592
1135 1547.558
1135 787.184
1135 410.928
1136 381.876
1136 958.862
1136 892.426
1136 1674.426
1136 582.864
1136 486.808
1136 932.778
1137 2147.38
1137 1840.548
1137 1704.61
1137 391.698
1137 469.26
1137 3453.22
1137 790.336
1138 3784.728
1138 696.096
1138 1022.69
1138 320.386
1138 394.35
1138 670.088
1138 381.502
1138 1481.118
1138 438.39
1138 457.05
1139 2932.37
1139 566.074
1139 241.152
1139 3560.536
1139 444.592
1139 1858.062
1139 1314.156
1139 631.786
1139 2090.074
1139 1005.514
1140 1056.408
1140 764.684
1140 1602.394
1140 1196.796
1140 1080.962
1140 730.446
1140 552.618
1140 598.732
1140 469.072
1141 544.012
1141 830.346
1141 593.21
1141 313.62
1141 1226.846
1141 828.972
1141 775.492
1142 536.034
1142 1502.748
1142 654.8
1142 2294.752
1142 1424.706
1142 514.036
1142 750.614
1142 967.296
1142 2107.692
1142 521.008
1143 696.012
1143 1379.006
1143 1649.588
1143 1008.462
1143 1343.89
1143 977.428
1143 1154.642
1143 479.24
1143 266.69
1143 223.292
1143 294.68
1143 881.536
1143 1253.366
1143 775.044
1144 1839.18
1144 1419.666
1144 650.14
1144 1116.414
1144 5390.088
1144 1913.254
1145 872.804
1145 1122.56
1145 802.996
1145 651.44
1145 1103.87
1145 999.02
1146 1856.2
1146 1688.796
1146 3248.47
1146 2058.662
1146 1502.104
1146 655.724
1146 835.172
1146 684.728
1146 340.62
1146 222.434
1147 551.574
1147 614.202
1147 410.028
1147 1208.44
1147 857.728
1147 362.756
1147 2099.96
1148 780.874
1148 575.016
1148 913.998
1148 1375.576
1148 784.414
1148 1116.014
1148 2130.512
1148 1127.868
1148 853.384
1148 2789.686
1148 639.386
1149 1162.446
1149 1573.456
1149 1030.11
1149 661.774
1149 843.55
1149 1861.398
1149 1465.044
1149 1093.678
1149 880.34
1149 758.366
1150 949.466
1150 977.608
1150 2090.776
1150 1026.062
1150 545.392
1150 1005.972
1150 1754.726
1150 2116.922
1150 1950.132
1150 392.456
1150 685.272
1151 2765.664
1151 1396.498
1151 526.798
1151 1584.828
1151 354.412
1151 672.388
1151 893.866
1152 1809.676
1152 551.498
1152 871.628
1152 865.254
1152 714.774
1152 365.604
1152 276.706
1152 549.474
1152 1013.904
1152 525.912
1152 1135.106
1152 528.438
1152 960.504
1152 599.78
1152 894.264
1152 1159.458
1152 2031.896
1152 479.894
1153 426.644
1153 3157.618
1153 920.096
1153 1029.498
1153 778.59
1153 880.314
1153 780.086
1153 1872.476
1153 1517.804
1153 792.42
1153 714.08
1153 871.132
1153 844.598
1153 992.432
1154 731.574
1154 1588.462
1154 343.99
1154 1831.462
1154 916.86
1154 701.026
1154 1025.6
1154 523.132
1154 551.896
1154 1301.042
1154 578.672
1154 2111
1155 463.49
1155 783.66
1155 1212.304
1155 1530.716
1155 1897.782
1155 1368.744
1155 560.58
1155 632.094
1156 249.406
1156 834.802
1156 805.762
1156 301.872
1156 1489.936
1156 1158.378
1156 805.584
1156 442.836
1156 1615.226
1156 465.988
1156 1436.872
1156 1113.104
1156 1721.868
1156 577.744
1157 669.448
1157 574.75
1157 1044.49
1157 836.85
1157 2108.552
1157 1139.02
1158 1599.28
1158 596.018
1158 2300.176
1158 1477.636
1158 691.106
1158 2240.438
1158 5259.756
1159 1345.746
1159 1527.598
1159 1253.384
1159 275.588
1159 438.636
1159 198.07
1159 566.712
1159 673.874
1159 1184.388
1159 951.212
1159 1438.752
1159 1321.04
1159 2453.392
1159 984.382
1159 520.48
1159 1643.21
1159 1300.302
1160 1744.638
1160 2640.252
1160 1852.992
1160 652.072
1160 3449.942
1160 2268.752
1160 1094.762
1160 671.596
1160 840.528
1160 1337.164
1160 3835.342
1160 1188.22
1160 1097.274
1160 1338.854
1160 776.204
1160 740.688
1161 642.816
1161 1459.532
1161 833.256
1161 573.062
1161 1213.456
1161 411.156
1161 1827.516
1161 900.336
1162 566.854
1162 3176.564
1162 1446.47
1162 659.186
1162 1540.922
1162 688.522
1162 386.518
1162 411.854
1162 953.528
1162 778.66
1162 518.37
1162 3534.798
1162 1336.962
1163 458.79
1163 1068.066
1163 264.426
1163 615.608
1163 1522.134
1163 679.02
1163 338.944
1163 483.888
1163 355.696
1164 873.376
1164 439.072
1164 1046.956
1164 1214.424
1164 705.044
1164 1093.098
1164 470.788
1164 961.246
1164 1138.454
1164 1412.314
1164 338.448
1164 1307.284
1164 801.136
1164 1124.394
1165 1195.106
1165 665.886
1165 574.744
1165 773.99
1165 2097.992
1165 1279.55
1165 1266.668
1165 2593.198
1165 928.05
1165 356.458
1165 277.796
1166 825.2
1166 1586.956
1166 954.466
1166 598.404
1166 860.246
1166 1234.076
1166 383
1166 3154.01
1166 1658.916
1166 807.084
1166 813.264
1167 569.732
1167 2280.822
1167 3836.306
1167 1135.794
1167 683.288
1167 589.544
1167 1312.458
1167 1464.418
1167 1455.452
1167 1340.974
1168 587.962
1168 856.854
1168 1117.674
1168 796.088
1168 587
1168 717.136
1168 530.278
1169 1813.412
1169 1420.632
1169 753.428
1169 844.018
1169 901.846
1169 1011.53
1169 589.278
1169 1256.756
1169 454.952
1169 547.636
1169 1207.204
1169 3949.754
1170 283.188
1170 870.336
1170 1268.352
1170 625.976
1170 516.136
1170 2092.99
1170 1041.604
1171 484.812
1171 972.7
1171 659.336
1171 1293.978
1171 3924.976
1171 1516.338
1171 781.49
1172 1418.196
1172 1892.392
1172 1587.416
1172 754.862
1172 1621.492
1172 878.132
1172 991.866
1172 2464.614
1172 471.692
1172 565.602
1172 2029.432
1173 375.042
1173 563.292
1173 1286.026
1173 640.424
1173 1185.96
1173 1023.814
1173 573.416
1173 1088.064
1173 307.682
1173 938.39
1173 1637.056
1173 2114.796
1174 1019.914
1174 385.662
1174 560.74
1174 876.898
1174 2816.618
1174 683.748
1174 1661.234
1174 1074.562
1174 396.702
1174 692.504
1174 1980.542
1174 3177.648
1174 1034.152
1175 2089.5
1175 363.394
1175 189.056
1175 608.368
1175 1009.026
1176 2195.94
1176 232.36
1176 1775.35
1176 505.258
1176 1394.202
1177 407.322
1177 2210.982
1177 560.664
1177 1063.868
1177 1878.454
1177 1078.382
1177 443.55
1177 1121.82
1177 2122.862
1177 1133.378
1177 1002.56
1177 1240.304
1177 899.486
1177 647.112
1177 1112.574
1178 456.56
1178 979.354
1178 596.144
1178 2124.814
1178 605.956
1178 270.554
1178 473.838
1178 363.176
1178 935.596
1179 655.754
1179 1764.81
1179 561.844
1179 1123.32
1179 1138.376
1179 1565.802
1179 953.958
1179 1530.16
1179 604.104
1180 930.53
1180 1467.144
1180 833.682
1180 1171.586
1180 2579.854
1180 461.174
1180 534.576
1180 515.598
1180 2550.52
1180 838.678
1180 1494.08
1180 1627.988
1181 767.114
1181 344.904
1181 1514.248
1181 660.596
1181 3340.306
1181 991.908
1181 1167.328
1181 686.748
1182 1089.216
1182 1361.23
1182 878.796
1182 558.58
1182 2071.648
1182 1223.226
1182 1221.784
1182 1696.002
1182 616.676
1182 743.012
1182 627.87
1182 1053.344
1182 653.886
1183 1540.756
1183 376.394
1183 555.356
1183 200.31
1183 2843.722
1183 1978.936
1183 441.072
1183 814.298
1183 499.586
1183 1254.41
1183 1406.524
1183 1537.004
1183 624.506
1184 422.146
1184 757.104
1184 1379.758
1184 604.498
1184 499.802
1184 745.856
1184 2150.412
1184 962.552
1184 342.082
1185 1349.578
1185 1293.112
1185 1426.412
1185 590.308
1185 771.216
1185 390.546
1185 613.03
1185 976.558
1185 394.398
1186 1072.126
1186 1216.732
1186 2235.49
1186 1329.148
1187 422.856
1187 507.048
1187 2042.836
1187 808.284
1187 724.972
1187 486.038
1187 582.214
1187 484.304
1187 534.118
1187 390.698
1187 799.898
1188 819.68
1188 2708.762
1188 852.268
1188 583.678
1188 4397.036
1188 850.834
1188 392.19
1188 429.286
1188 397.574
1188 545.816
1188 2488.782
1188 1469.392
1188 1688.648
1188 537.77
1189 608.922
1189 638.902
1189 951.432
1189 623.474
1189 1241.306
1189 1521.426
1189 1086.346
1189 1516
1190 2283.636
1190 677.196
1190 1413.6
1190 2375.036
1190 1162.556
1190 1795.752
1190 1227.72
1190 265.62
1190 1561.686
1191 941.548
1191 884.198
1191 393.322
1191 1270.044
1192 1902.592
1192 1385.44
1192 703.738
1192 961.552
1192 494.022
1192 1342.852
1193 1173.448
1193 1313.434
1193 1021.504
1193 940.246
1193 538.51
1193 1770.522
1193 340.414
1193 575.698
1193 449.602
1193 924.728
1193 667.646
1193 798.596
1194 1536.582
1194 291.462
1194 638.17
1194 874.368
1194 1889.456
1194 2157.85
1194 1870.114
1194 804.15
1195 1055.6
1195 4396.812
1195 447.192
1195 948.718
1195 759.826
1195 1400.688
1195 2410.144
1195 1466.482
1195 1153.362
1195 3016.224
1196 2041.2
1196 2480.832
1196 638.53
1196 843.364
1196 732.046
1196 1880.276
1196 1061.022
1196 1164.636
1196 1033.432
1196 2980.448
1196 796.67
1197 1115.846
1197 1051.292
1197 2134.954
1197 1827.352
1197 1093.964
1197 5329.744
1197 878.288
1197 1203.382
1197 1028.398
1197 807.252
1197 1091.722
1197 297.588
1197 692.79
1198 1187.442
1198 1188.952
1198 2033.414
1198 1405.1
1198 447.422
1198 2485.18
1198 514.388
1198 1660.574
1198 379.85
1198 1309.046
1198 597.456
1199 898.74
1199 552.848
1199 626.638
1199 1513.332
1199 1356.114
1199 439.676
1199 1136.142
1199 573.07
1200 1719.134
1200 2027.812
1200 2721.87
1200 722.732
1200 686.194
1200 445.684
1200 698.94
1200 1495.8
1201 1588.358
1201 927.606
1201 1234.636
1201 760.752
1201 872.364
1201 1361.71
1201 576.592
1201 521.164
1202 1097.98
1202 805.41
1202 1784.146
1202 928.384
1202 1243.07
1202 2736.81
1202 414.632
1202 991.048
1202 993.666
1202 455.63
1202 1153.112
1202 1976.558
1202 774.12
1203 2832.556
1203 1601.348
1203 1115.92
1203 1941.22
1203 729.876
1203 889.086
1203 626.84
1203 686.492
1203 1044.348
1204 531.728
1204 2516.342
1204 2049.284
1204 796.12
1204 1247.586
1204 742.65
1204 663.394
1204 2198.612
1204 643.114
1204 2424.116
1204 814.914
1204 676.306
1204 472.426
1204 1032.286
1204 609.934
1205 496.018
1205 1247.598
1205 811.324
1205 916.638
1205 381.224
1205 452.196
1205 2540.578
1206 1021.14
1206 578.674
1206 660.366
1206 1272.316
1206 639.918
1206 2823.606
1206 2041.61
1206 828.546
1206 560.132
1206 1087.654
1206 1555.606
1207 2138.01
1207 864.158
1207 404.896
1207 836.446
1207 934.898
1207 466.904
1207 1434.536
1207 755.446
1207 1294.712
1207 2005.76
1208 816.602
1208 223.68
1208 1250.266
1208 1567.36
1208 1046.014
1208 386.238
1208 1399.39
1209 957.528
1209 356.504
1209 969.224
1209 1132.908
1209 1179.99
1209 547.256
1209 4020.786
1209 774.39
1209 5032.856
1210 2014.078
1210 592.32
1210 1652.614
1210 869.872
1210 575.866
1210 520.43
1210 885.952
1210 1414.712
1210 1929.512
1210 641.874
1210 1907.87
1210 587.332
1211 1004.99
1211 1638.096
1211 715.118
1211 685.57
1211 319.758
1211 789.204
1211 679.032
1211 780.446
1211 616.508
1211 885.148
1212 1062.356
1212 1093.216
1212 995.388
1212 2276.44
1212 628.632
1212 1689.7
1212 718.792
1212 1123.194
1212 1252.494
1212 466.044
1212 591.92
1212 1700.83
1213 520.146
1213 1545.542
1213 996.412
1213 1088.99
1213 758.576
1213 1398.604
1214 898.702
1214 250.5
1214 469.108
1214 468.07
1214 1843.554
1214 1738.626
1214 519.904
1214 562.972
1215 1497.96
1215 1537.31
1215 836.47
1215 381.644
1215 332.496
1215 542.874
1215 2066.882
1215 1769.252
1215 492.718
1215 450.55
1215 1467.972
1215 3312.21
1215 405.304
1215 2101.864
1216 297.026
1216 634.112
1216 1093.962
1216 649.19
1216 666.404
1216 612.088
1216 1408.97
1216 385.238
1217 599.18
1217 448.234
1217 806.986
1217 1533.51
1217 1477.028
1217 313.63
1217 816.73
1217 1167.952
1217 825.54
1217 443.83
1217 557.59
1217 725.792
1217 390.626
1217 738.84
1217 308.08
1218 502.37
1218 1051.876
1218 1735.788
1218 673.806
1218 647.492
1218 846.702
1218 270.358
1218 710.772
1218 2246.49
1218 2388.87
1218 2534.628
1218 449.944
1218 1340.016
1218 758.366
1219 622.768
1219 669.532
1219 308.132
1219 431.95
1220 652.196
1220 646.046
1220 527.858
1220 486.1
1220 682.926
1220 1446.006
1220 1148.708
1220 399.668
1220 462.714
1220 478.982
1220 460.508
1221 1186.442
1221 1359.994
1221 830.574
1221 1729.61
1221 843.28
1221 805.766
1221 1583.162
1221 821.22
1221 404.336
1221 1623.95
1221 675.282
1222 1170.308
1222 697.292
1222 1915.828
1222 387.972
1222 301.9
1222 508.834
1222 727.808
1223 773.77
1223 376.37
1223 795.298
1223 485.062
1223 2107.74
1223 1303.882
1223 1270.55
1223 413.526
1223 685.784
1224 1122.918
1224 772.474
1224 1168.428
1224 1454.078
1224 848.722
1224 780.376
1224 717.932
1224 417.222
1224 2311.7
1224 1501.278
1224 664.608
1224 1156.326
1224 1244.558
1225 349.658
1225 1553.51
1225 654.038
1225 2288.416
1225 798.074
1225 759
1225 1583.412
1225 1896.378
1225 768.458
1226 1549.236
1226 549.756
1226 1290.178
1226 1423.56
1226 372.804
1226 506.46
1227 2719.166
1227 1219.556
1227 1276.462
1227 636.846
1227 286.71
1227 1524.746
1227 953.244
1227 617.324
1227 972.074
1228 641.078
1228 719.45
1228 874.964
1228 2676.464
1228 509.196
1228 1209.9
1228 2952.028
1229 860.354
1229 441.544
1229 1344.92
1229 1244.024
1229 2521.49
1229 1048.282
1229 1085.944
1230 1365.77
1230 755.108
1230 1742.454
1230 557.602
1230 749.178
1230 1061.44
1230 159.728
1231 564.608
1231 796.092
1231 521.82
1231 1015.692
1231 2346.168
1231 1142.82
1231 1991.264
1231 714.7
1231 2025.474
1231 560.068
1231 1220.922
1232 813.276
1232 789.808
1232 636.714
1232 651.582
1232 647.29
1232 486.456
1232 1001.2
1232 1281.65
1232 1495.17
1232 1005.96
1232 1623.172
1232 1074.412
1232 604.762
1232 924.684
1233 626.37
1233 551.636
1233 593.31
1233 719.878
1233 1026.976
1233 1312.412
1233 1178.614
1233 1061.6
1233 374.952
1233 954.612
1234 928.512
1234 925.442
1234 816.64
1234 751.184
1234 591.426
1234 4837.586
1234 1155.28
1234 738.446
1235 1891.104
1235 1809.102
1235 788.574
1235 371.16
1235 540.048
1235 869.558
1235 746.44
1235 1276.668
1235 832.012
1235 458.226
1236 1534.522
1236 447.944
1236 553.428
1236 434.478
1236 287.768
1236 1829.052
1236 1245.032
1236 2432.108
1237 1548.498
1237 623.48
1237 817.25
1237 460.71
1237 807.394
1237 2010.648
1237 1883.448
1237 1534.472
1237 450.794
1238 1403.186
1238 1152.288
1238 1387.824
1238 633.104
1238 1376.518
1238 1106.08
1238 680.022
1238 1011.312
1238 2025.45
1238 1436.554
1238 2205.384
1238 1615.92
1238 623.958
1239 3098.814
1239 1093.53
1239 762.816
1239 653.72
1239 823.792
1239 2682.816
1239 517.788
1239 816.704
1239 2043.938
1239 287.136
1240 1831.862
1240 1075.21
1240 1318.878
1240 651.658
1240 1004.188
1240 597.128
1240 583.672
1240 1479.192
1240 835.246
1241 268.904
1241 1107.43
1241 1352.622
1241 1514.592
1241 544.16
1241 1376.76
1241 2373.486
1241 1201.03
1242 2227.012
1242 1041.982
1242 2544.322
1242 619.438
1242 868.428
1242 697.472
1242 779.914
1242 1415.578
1242 700.292
1242 649.636
1243 1427.264
1243 579.09
1243 3549.718
1243 334.61
1243 683.068
1243 597.306
1243 974.914
1243 762.218
1243 384.674
1243 484.092
1243 1138.026
1244 969.92
1244 4624.24
1244 566.698
1244 727.69
1244 570.768
1244 612.462
1244 536.018
1244 903.142
1244 394.918
1245 2024.246
1245 1334.92
1245 440.164
1245 515.774
1245 1490.074
1245 672.92
1245 956.28
1245 2802.018
1245 1535.606
1245 3295.492
1245 1377.632
1245 1196.294
1246 1888.728
1246 1302.732
1246 633.836
1246 1582.708
1246 774.31
1246 751.19
1246 358.258
1246 455.732
1246 783.206
1246 1099.764
1246 692.406
1246 455.814
1247 999.614
1247 1161.492
1247 231.536
1247 1300.856
1247 1443.484
1247 599.544
1247 763.288
1247 1055.332
1247 525.016
1247 2969.968
1247 659.904
1247 4586.218
1248 785.648
1248 567.21
1248 531.648
1248 774.338
1248 2228.348
1248 1036.186
1248 946.314
1249 1189.718
1249 850.212
1249 318.042
1249 1207.322
1249 1443.962
1249 1424.042
1249 3105.952
1249 1665.588
1249 485.218
1249 943.282
1249 635.82
1249 844.788
1249 859.486
1250 890.002
1250 390.796
1250 6056.798
1250 857.734
1250 1985.28
1250 444.826
1250 617.958
1250 744.444
1250 520.674
1250 252.102
1251 1001.652
1251 503.14
1251 912.758
1251 2366.59
1251 735.804
1251 1365.52
1251 1984.968
1251 1685.538
1251 671.996
1251 6374.272
1252 1208.982
1252 1408.396
1252 493.714
1252 2036.856
1253 2809.404
1253 607.914
1253 485.546
1253 723.634
1253 667.92
1253 681.658
1253 1700.23
1253 1552.864
1253 2475.766
1254 973.248
1254 1715.704
1254 2612.68
1254 981.306
1254 882.51
1254 1725.754
1254 916.672
1254 588.334
1254 310.01
1254 1958.086
1254 710.582
1254 812.054
1254 739.886
1254 1522.476
1254 1374.728
1255 1479.29
1255 1300.624
1255 285.06
1255 1104.114
1255 424.032
1255 1391.956
1255 768.15
1255 455.674
1255 1587.646
1255 1314.548
1255 1445.666
1256 504.624
1256 251.006
1256 872.908
1257 1635.53
1257 973.324
1257 744.56
1257 967.36
1257 388.948
1257 923.616
1257 378.144
1257 2146.262
1257 1057.394
1257 457.794
1257 1805.626
1257 475.612
1257 2870.374
1258 648.45
1258 396.028
1258 1526.396
1258 1547.506
1258 2095.892
1258 1555.524
1258 1978.988
1258 298.024
1258 511.554
1258 913.128
1258 615.676
1258 473.564
1258 1759.466
1258 970.564
1258 1388.168
1259 584.308
1259 802.176
1259 1159.556
1259 527.352
1259 2470.41
1259 886.234
1259 1576.134
1259 844.894
1259 375.604
1260 754.258
1260 1533.418
1260 2494.97
1260 875.94
1260 903.532
1260 442.808
1260 933.3
1260 1290.26
1260 1086.592
1261 337.568
1261 611.73
1261 737.042
1261 996.208
1261 396.922
1261 283.262
1261 408.594
1261 783.276
1261 491.674
1262 1033.642
1262 884.988
1262 1628.27
1262 881.192
1262 1316.612
1262 1263.408
1263 442.374
1263 1866.786
1263 497.524
1263 715.106
1263 838.138
1263 1558.566
1263 513.218
1263 689.108
1263 2212.406
1263 1465.908
1263 364.812
1263 623.27
1264 691.376
1264 893.95
1264 1070.94
1264 1136.352
1264 1176.894
1264 719.81
1264 1803.304
1264 345.57
1264 1188.738
1265 721.526
1265 1489.286
1265 712.012
1265 1129.056
1265 2401.506
1265 1041.65
1265 2043.36
1265 960.674
1265 526.536
1265 3916.684
1266 463.286
1266 609.148
1266 521.912
1266 1449.388
1266 2757.388
1267 717.066
1267 1527.344
1267 1365.952
1267 1142.014
1267 723.13
1267 2428.774
1267 1646.266
1267 555.024
1267 1037.58
1267 2177.892
1267 1534.47
1267 820.338
1267 456.084
1268 787.134
1268 925.29
1268 320.062
1268 1035.918
1268 2650.182
1268 835.59
1268 1315.886
1269 1798.418
1269 950.338
1269 440.7
1269 877.178
1269 934.122
1269 3287.338
1269 247.572
1269 1198.738
1269 861.636
1269 1317.902
1269 473.28
1269 384.062
1270 1106.464
1270 3542.036
1270 529.18
1270 2885.07
1270 1570.576
1270 791.852
1270 2055.426
1270 1377.25
1270 768.642
1271 786.76
1271 1194.332
1271 2670.214
1271 3103.618
1271 1748.436
1271 648.14
1271 901.024
1271 831.03
1271 451.25
1272 1430.92
1272 3293.12
1272 871.91
1272 968.674
1272 1310.394
1272 785.61
1272 1646.78
1272 559.082
1272 1710.192
1273 937.296
1273 1431.772
1273 441.82
1273 1498.628
1273 1120.218
1273 1575.814
1273 906.494
1273 1512.196
1273 387.488
1273 1021.764
1273 1470.512
1274 637.008
1274 1007.792
1274 407.594
1274 2869.582
1274 1180.63
1274 1364.748
1274 945.992
1274 1465.728
1274 160.164
1275 948.75
1275 366.46
1275 1225.95
1275 1087.876
1275 1704.232
1275 1743.396
1275 542.318
1275 1206.552
1275 1062.578
1275 311.56
1275 2200.4
1276 609.496
1276 2362.456
1276 559.948
1276 2084.732
1276 291.672
1276 492.222
1276 621.976
1277 1074.004
1277 1686.228
1277 669.75
1277 1253.974
1277 594.444
1277 1544.342
1277 1637.83
1277 297.46
1277 863.148
1277 3721.59
1278 410.224
1278 2077.712
1278 1185.43
1278 414.646
1278 1536.722
1278 1066.032
1278 552.512
1278 616.356
1278 353.558
1279 797.3
1279 625.356
1279 1355.856
1279 454.676
1279 808.85
1279 1350.63
1279 537.548
1279 257.024
1279 1255.952
1279 2917.468
1279 1096.002
1279 1493.808
1279 2220.356
1279 667.604
1279 1713.286
1280 585.598
1280 533.118
1280 577.54
1280 582.936
1280 805.73
1281 1680.526
1281 746.662
1281 539.992
1281 933.792
1281 332.596
1281 2238.172
1281 3307.694
1281 793.436
1282 3133.982
1282 3056.598
1282 788.984
1282 795.352
1283 508.994
1283 2263.136
1283 1273.414
1283 785.472
1283 820.376
1283 1346.052
1283 552.968
1283 331.714
1283 1207.984
1283 1009.934
1283 780.58
1283 1390.396
1284 1434.626
1284 594.516
1284 831.266
1284 599.752
1284 876
1284 1213.458
1284 297.598
1284 407.762
1285 2079.988
1285 733.008
1285 354.688
1285 1315.566
1285 926.85
1285 751.816
1285 2009.662
1285 2538.08
1285 2277.256
1285 438.692
1285 1246.514
1285 522.69
1285 1208.01
1285 2148.312
1285 333.374
1285 704.252
1286 1094.346
1286 541.98
1286 544.054
1286 697.524
1286 563.064
1286 624.45
1287 1119.866
1287 1189.188
1287 626.866
1287 642.958
1287 1010.24
1287 1242.29
1287 3163.148
1287 1265.168
1287 1662.578
1287 1591.636
1287 1490.278
1287 560.666
1287 1511.688
1287 1429.028
1288 411.772
1288 1078.078
1288 570.978
1288 1885.222
1288 2570.258
1288 1508.73
1288 1839.404
1288 766.006
1288 1022.41
1289 2285.25
1289 1831.724
1289 643.518
1289 1096.822
1289 671.1
1289 1386.32
1289 1144.518
1289 2432.266
1289 927.738
1289 1273.464
1289 442.6
1289 679.528
1289 1066.566
1289 1206.76
1289 1025.772
1289 529.702
1290 529.882
1290 430.874
1290 1306.474
1290 1007.908
1290 1579.17
1290 188.568
1290 200.194
1291 1581.222
1291 1537.724
1291 2258.04
1291 480.04
1291 702.028
1291 601.922
1291 903.204
1291 1063.458
1291 1327.51
1291 676.392
1291 600.752
1291 782.692
1291 497.132
1291 867.574
1291 1831.216
1291 1823.802
1291 941.06
1291 714.168
1291 2044.338
1292 1245.76
1292 1466.682
1292 1912.926
1292 567.144
1292 1486.584
1292 1497.714
1292 2152.926
1292 638.314
1293 812.268
1293 2184.494
1293 618.992
1293 1882.832
1293 1050.87
1293 895.984
1293 959.386
1293 1525.916
1294 896.856
1294 451.274
1294 2855.942
1294 528.32
1294 319.46
1295 621.958
1295 261.262
1295 845.396
1295 437.86
1295 735.374
1295 641.036
1295 911.234
1295 758.254
1295 2142.312
1295 1670.478
1295 1345.276
1295 1585.402
1295 1355.688
1295 550.58
1296 718.046
1296 426.876
1296 773.628
1296 799.366
1296 395.226
1296 426.656
1296 2305.44
1296 816.994
1296 826.146
1297 693.578
1297 841.122
1297 524.712
1297 910.612
1297 770.698
1297 755.524
1297 562.784
1297 723.074
1297 1659.642
1298 670.44
1298 720.658
1298 1140.636
1298 278.864
1298 1675.238
1298 915.508
1299 859.276
1299 985.044
1299 594.622
1299 815.61
1299 832.408
1299 599.374
1299 277.158
1299 343.93
1299 1496.874
1300 452.18
1300 774.4
1300 640.784
1300 903.374
1300 1334.81
1300 1884.454
1300 1831.936
1300 1846.858
1300 474.938
1300 697.562
1301 483.22
1301 475.85
1301 1442.752
1301 1003.276
1301 621.768
1301 809.836
1301 884.674
1301 1637.818
1302 882.056
1302 1015.812
1302 1327.01
1302 4556.516
1302 1645.19
1302 758.708
1302 814.998
1302 1038.776
1302 837.774
1303 1255.718
1303 3400.046
1303 882.312
1303 773.392
1303 576.93
1303 916.4
1303 1305.076
1303 2148.06
1303 1140.708
1303 1074.864
1303 1408.446
1303 811.594
1304 681.392
1304 1523.884
1304 1052.112
1304 217.368
1304 1434.34
1304 467.866
1304 597.084
1304 4050.006
1304 1647.538
1305 1242.992
1305 511.358
1305 919.626
1305 470.488
1305 2402.048
1305 1210.184
1305 889.53
1305 1120.426
1306 1604.216
1306 970.48
1306 445.572
1306 1467.39
1306 1686.878
1306 3892.336
1306 4237.636
1306 1565.486
1306 313.97
1306 379.536
1306 449.71
1306 2201.492
1306 373.626
1306 697.612
1307 1877.388
1307 961.758
1307 461.938
1307 904.076
1307 759.3
1307 1115.78
1307 1211.85
1307 1607.658
1307 2161.832
1307 512.736
1308 1753.708
1308 670.872
1308 2265.844
1308 517.652
1308 699.88
1308 1321.322
1308 1262.36
1308 698.934
1308 1366.974
1308 1296.394
1308 1737.25
1308 911.886
1308 359.444
1309 1016.994
1309 1718.542
1309 598.582
1309 1708.894
1309 210.59
1309 824.704
1309 689.572
1309 848.962
1309 1167.596
1309 1295.056
1310 1193.842
1310 1009.212
1310 422.39
1310 2473.706
1310 353.626
1310 967.074
1310 1219.948
1310 749.394
1310 1087.52
1311 515.924
1311 375.852
1311 1235.112
1311 727.658
1312 337.982
1312 947.184
1312 554.062
1312 1128.222
1312 4099.228
1312 1012.04
1312 887.042
1312 434.012
1312 1140.4
1313 2266.492
1313 550.714
1313 576.57
1313 519.094
1313 512.286
1313 1285.482
1313 2461.768
1313 537.772
1313 1266.748
1313 492.284
1313 1612.848
1313 2136.754
1314 808.254
1314 1160.962
1314 778.668
1314 2027.074
1314 3525.502
1314 1143.94
1314 612.026
1314 1038.894
1314 1928.256
1314 2056.618
1314 1570.438
1314 502.81
1314 2153.424
1314 1129.058
1315 803.654
1315 1173.518
1315 312.656
1315 2479.53
1315 1427.088
1315 1573.01
1315 1053.01
1315 670.228
1315 1046.018
1315 1375.698
1315 2011.596
1315 441.118
1315 387.95
1315 922.64
1316 672.894
1316 615.044
1316 648.312
1316 1554.76
1316 698.01
1316 1194.962
1316 2478.422
1316 416.02
1316 1710.292
1316 3797.956
1316 781.176
1316 606.946
1316 634.088
1316 277.152
1317 432.982
1317 355.618
1317 1502.922
1317 1389.382
1317 1213.262
1317 1203.984
1317 608.612
1317 3006.812
1318 1444.766
1318 912.778
1318 1254.884
1318 2037.178
1318 1335.014
1318 791.444
1318 1115.118
1318 884.244
1318 2069.744
1318 981.24
1319 1402.87
1319 496.542
1319 1702.4
1319 346.662
1319 533.13
1319 2081.826
1319 885.752
1319 524.254
1320 1756.806
1320 602.87
1320 971.654
1320 1423.956
1320 924.906
1320 516.814
1321 783.204
1321 423.218
1321 1627.964
1321 2249.594
1321 970.654
1321 1697.898
1321 674.358
1321 981.294
1321 1086.032
1321 630.47
1321 556.804
1321 1958.762
1322 482.378
1322 1099.064
1322 1708.056
1322 723.114
1322 498.568
1322 1610.756
1322 1417.102
1322 1012.274
1322 1538.058
1322 1861.854
1322 477.948
1322 673.604
1323 676.1
1323 682.688
1323 380.74
1323 330.618
1323 1461.484
1323 484.908
1323 667.884
1323 713.426
1323 675.38
1323 1135.468
1324 2084.622
1324 1928.764
1324 766.758
1324 1708.936
1324 484.862
1324 1154.582
1324 1551.612
1324 977.21
1324 1762.438
1324 1842.002
1325 2424.786
1325 2920.368
1325 1945.196
1325 1103.576
1325 813.672
1325 609.386
1326 679.554
1326 796.32
1326 431.3
1326 475.232
1326 458.906
1326 1875.656
1326 384.534
1326 749.808
1326 1081.336
1326 1783.824
1326 1010.072
1327 2672.652
1327 459.436
1327 1952.588
1327 809.514
1327 2028.77
1327 1334.932
1327 377.306
1327 821.884
1327 1030.344
1328 756.42
1328 4345.624
1328 333.024
1328 1522.73
1328 1122.434
1328 1216.11
1328 640.242
1329 1203.074
1329 665.902
1329 503.832
1329 497.868
1329 946.106
1329 394.88
1329 382.754
1329 1147.716
1329 2847.664
1329 1635.846
1329 1040.172
1330 1537.128
1330 2701.938
1330 977.134
1330 1041.494
1330 335.19
1330 746.022
1330 949.21
1330 573.92
1330 825.298
1330 506.946
1330 1847.048
1330 740.376
1330 734.624
1330 2010.122
1330 1219.746
1331 538.694
1331 995.716
1331 2205.988
1331 636.192
1331 906.012
1331 811.032
1331 1675.236
1331 505.146
1331 2422.452
1331 212.832
1332 959.2
1332 728.896
1332 848.326
1332 675.556
1332 1638.332
1332 583.42
1332 498.816
1332 1611
1332 854.838
1333 3239.83
1333 390.812
1333 195.382
1333 1960.632
1333 1121.058
1333 3147.71
1333 1036.87
1333 1250.062
1333 807.604
1333 345.918
1334 839.114
1334 663.718
1334 625.222
1334 1113.214
1334 1646.888
1335 1409.59
1335 1942.162
1335 1925.994
1335 834.226
1335 2893.498
1335 1720.192
1335 945.572
1335 547.142
1335 1516.302
1335 1154.038
1335 1579.394
1335 2307.02
1336 1297.536
1336 2008.062
1336 1476.708
1336 422.182
1336 897.37
1336 1788.278
1336 790.86
1336 577.782
1336 2445.468
1336 494.18
1336 1455.746
1336 836.498
1336 1126.074
1337 907.352
1337 1936.53
1337 1207.472
1337 540.276
1337 784.958
1337 976.04
1338 652.376
1338 876.38
1338 2110.4
1338 811.314
1338 235.498
1338 548.974
1338 1963.644
1338 568.234
1338 1821.286
1339 878.618
1339 507.488
1339 394.628
1339 2244.098
1339 510.508
1339 1010.296
1339 1218.266
1339 540.498
1339 2493.692
1340 1252.806
1340 619.104
1340 798.82
1340 509.062
1340 970.18
1340 518.238
1341 274.158
1341 369.886
1341 337.84
1341 2162.566
1341 595.8
1341 2629.486
1341 1571.642
1341 1644.404
1341 1376.904
1341 421.016
1341 402.476
1341 311.16
1341 936.864
1341 384.608
1342 1290.684
1342 1773.914
1342 1545.582
1342 840.626
1342 832.254
1342 1285.282
1342 2475.444
1342 960.708
1343 3950.006
1343 549.07
1343 673.154
1343 1240.428
1343 436.55
1343 1519.832
1344 614.678
1344 332.198
1344 493.908
1344 813.794
1344 1291.288
1344 1253.748
1344 237.878
1344 648.262
1344 1111.526
1344 1874.348
1345 646.956
1345 821.628
1345 718.066
1345 881.816
1345 978.502
1345 957.756
1345 1356.868
1345 825.18
1345 726.53
1345 1203.722
1345 485.192
1346 1002.456
1346 488.71
1346 884.33
1346 753.284
1346 1033.43
1346 723.33
1346 1187.284
1346 1166.202
1347 607.856
1347 753.186
1347 4414.404
1347 827.23
1347 952.678
1347 1455.05
1347 826.664
1347 4025.098
1347 752.28
1347 844.462
1347 1014.16
1348 1994.758
1348 541.492
1348 1214.214
1348 425.832
1348 1304.564
1348 770.602
1348 1368.252
1348 535.642
1348 795.844
1348 625.584
1349 489.728
1349 1954.262
1349 1037.864
1349 1478.986
1349 1628.356
1349 289.49
1349 1077.768
1349 1142.596
1349 564.634
1349 2325.348
1349 1215.002
1349 1437.37
1349 802.676
1349 1285.506
1349 836.136
1350 929.996
1350 1896.72
1350 822.144
1350 404.91
1350 222.168
1350 4145.41
1350 1192.27
1350 634.356
1350 577.014
1350 1465.816
1350 1423.572
1350 1268.886
1350 1796.88
1350 874.432
1350 968.544
1350 835.82
1351 1764.326
1351 822.544
1351 616.736
1351 1104.436
1352 383.806
1352 618.56
1352 1268.432
1352 680.576
1352 1255.09
1352 934.408
1352 784.136
1352 1045.076
1352 643.76
1352 471.896
1352 1382.714
1352 695.168
1353 785.018
1353 1027.85
1353 381.388
1353 1283.674
1353 1170.132
1353 645.854
1353 315.494
1353 827.516
1353 2072.408
1353 1746.56
1353 1264.138
1353 804.744
1353 278.992
1354 3289.824
1354 546.114
1354 1753.102
1354 3338.11
1354 1074.528
1354 1827.766
1354 1049.04
1354 1664.93
1354 341.9
1354 1017.444
1354 753.894
1354 1992.43
1354 831.634
1354 2104.528
1354 3680.498
1354 406.336
1354 1002.226
1355 432.442
1355 230.404
1355 2082.898
1355 1952.49
1355 1691.16
1355 1634.538
1355 1009.85
1355 596.158
1355 990.71
1355 521.542
1355 450.114
1355 1524.826
1356 966.968
1356 582.48
1356 1332.758
1356 2052.532
1356 893.51
1356 402.35
1356 718.564
1356 1739.674
1356 739.58
1356 291.832
1356 1177.714
1356 342.278
1356 537.322
1357 1512.33
1357 1205.154
1357 3890.814
1357 735.952
1357 852.24
1357 812.794
1357 2230.576
1357 792.832
1357 273.788
1357 884.334
1357 330.904
1358 715.94
1358 1016.284
1358 2057.472
1358 497.088
1358 1526.39
1358 5238.296
1358 2401.956
1358 1112.96
1358 1296.842
1358 251.884
1358 468.78
1358 351.742
1358 2413.004
1358 736.452
1358 973.638
1358 498.438
1358 2020.43
1359 2338.87
1359 2161.866
1359 1172.696
1359 494.002
1359 383.87
1359 3211.922
1359 616.916
1359 307.918
1359 2149.244
1360 2766.382
1360 1155.712
1360 939.572
1360 2170.438
1360 554.546
1360 976.17
1361 1935.372
1361 1310.514
1361 909.896
1361 1115.226
1361 344.262
1361 1441.522
1361 579.98
1361 611.996
1361 494.114
1361 523.564
1361 329.52
1361 461.612
1362 923.708
1362 795.15
1362 1135.448
1362 943.474
1362 984.076
1362 460.566
1362 676.138
1362 3734.636
1362 2131.72
1362 262.504
1362 1949.234
1362 1093.67
1362 539.37
1362 1504.006
1363 476.738
1363 1934.42
1363 415.128
1363 788.64
1363 751.25
1363 501.65
1363 603.778
1363 1939.312
1363 1701.412
1363 999.014
1363 916.29
1363 1448.354
1364 585.096
1364 2050.792
1364 1163.188
1364 575.43
1364 684.72
1364 366.06
1364 521.506
1364 1943.404
1364 684.486
1364 1084.934
1364 660
1364 521.326
1364 1163.592
1364 1607.392
1364 1077.278
1364 568.702
1365 1170.754
1365 1274.158
1365 444.326
1365 1095.61
1365 1073.984
1365 1858.574
1365 1244.636
1365 685.136
1365 3390.958
1365 2247.978
1365 518.148
1365 2148.138
1366 1370.054
1366 464.196
1366 1210.098
1367 938.944
1367 843.248
1367 956.268
1367 1705.596
1367 3696.006
1367 465.464
1367 1076.274
1367 657.546
1367 2202.564
1367 359.368
1367 159.332
1368 1321.41
1368 3332.274
1368 715.068
1368 1412.486
1368 968.542
1368 1152.392
1368 975.018
1368 1237.396
1368 713.42
1368 523.47
1368 1681.616
1368 2681.298
1368 621.546
1368 591.168
1368 1319.994
1368 2083.228
1369 1234.918
1369 705.552
1369 1096.62
1369 1366.642
1369 840.044
1369 3666.91
1369 329.546
1370 666.838
1370 745.184
1370 490.582
1370 1525.704
1370 810.972
1370 758.32
1370 757.712
1370 521.858
1371 737.79
1371 790.476
1371 2568.226
1371 2227.69
1371 1154.808
1371 2762.616
1371 515.526
1371 1982.782
1371 1273.088
1371 486.83
1371 1039.24
1372 2787.472
1372 651.316
1372 964.778
1372 1544.402
1372 943.474
1372 2258.224
1372 1138.432
1372 656.656
1372 1271.68
1373 747.638
1373 743.242
1373 271.902
1373 768.346
1373 372.866
1373 1066.15
1373 1099.068
1373 876.234
1373 539.79
1373 526.1
1373 1017.388
1373 2507.456
1373 2175.326
1373 1384.074
1374 658.594
1374 984.394
1374 557.65
1374 1017.424
1374 3045.796
1374 587.682
1374 832.924
1374 176.992
1374 635.29
1374 384.3
1374 302.078
1374 2257.512
1374 699.642
1375 1299.606
1375 305.67
1375 2663.722
1375 2255.53
1375 341.492
1376 702.894
1376 1323.874
1376 612.33
1376 1517.104
1376 1404.602
1377 653.75
1377 650.122
1377 405.686
1377 719.04
1377 479.002
1377 1162.974
1377 592.578
1377 479.708
1377 634.864
1378 529.542
1378 752.39
1378 439.518
1378 2507.978
1378 1914.894
1378 436.078
1378 657
1378 618.458
1378 529.122
1378 2235.756
1378 513.658
1378 2609.81
1378 1234.358
1379 313.074
1379 826.836
1379 1568.738
1379 439.028
1379 2249.15
1379 825.236
1379 439.376
1379 402.704
1379 520.426
1379 256.22
1380 743.424
1380 443.544
1380 395.818
1380 959.228
1380 285.374
1380 1064.676
1380 924.488
1380 280.54
1380 620.304
1380 900.148
1380 662.764
1380 463.422
1381 704.148
1381 629.302
1381 1126.81
1381 763.476
1381 1291.632
1381 1394.904
1381 941.302
1381 1339.396
1381 1185.008
1381 613.074
1381 568.358
1381 969.626
1381 1529.924
1381 496.406
1381 3711.17
1381 1031.35
1382 500.776
1382 1354.73
1382 398.814
1382 1105.132
1382 498.608
1382 562.534
1382 1050.688
1382 497.632
1383 1271.486
1383 735.118
1383 2721.924
1383 1048.144
1383 1462.616
1383 470.632
1383 1038.81
1383 2207.748
1383 902.708
1383 1007.278
1383 1182.104
1383 2345.772
1383 835.876
1383 839.178
1383 1323.47
1384 1347.104
1384 2196.114
1384 1259.932
1384 1380.504
1384 641.948
1384 362.866
1384 689.914
1384 887.904
1384 654.202
1384 2236.186
1384 335.722
1385 638.34
1385 467.008
1385 797.058
1385 1098.294
1385 728.12
1385 496.49
1385 776.996
1385 2066.374
1385 710.412
1386 862.336
1386 1290.93
1386 409.91
1386 519.14
1386 2770.928
1386 810.07
1386 1450.888
1386 594.584
1386 1210.174
1386 454.432
1387 562.724
1387 471.708
1387 509.234
1387 519.834
1387 978.762
1387 578.38
1387 538.988
1387 1690.024
1388 276.67
1388 895.824
1388 844.334
1389 1675.282
1389 1077.872
1389 906.154
1389 699.564
1389 580.832
1389 410.81
1389 507.092
1389 290.144
1389 456.886
1390 250.908
1390 496.478
1390 347.51
1390 488.284
1390 880.422
1390 917.598
1390 2110.152
1390 730.11
1390 1730.716
1390 794.502
1390 592.242
1390 1614.912
1390 1247.898
1391 509.92
1391 1446.472
1391 917.144
1391 811.734
1391 1421.558
1391 1031.9
1391 2378.29
1391 598.704
1391 851.854
1391 1936.076
1391 624.708
1391 896.986
1392 1212.842
1392 1367.212
1392 974.474
1392 979.996
1392 2612.226
1392 4849.75
1392 675.886
1392 1156.858
1392 968.594
1392 686.924
1392 730.934
1392 2162.52
1393 2452.29
1393 467.184
1393 1333.73
1393 816.172
1393 595.736
1393 935.97
1393 2621.428
1393 568.312
1394 1228.102
1394 913.696
1394 1406.61
1394 759.418
1394 615.714
1394 875.02
1394 356.632
1394 596.88
1394 1026.864
1395 728.42
1395 701.088
1395 791.966
1395 1088.016
1395 480.548
1395 2835.94
1395 456.208
1395 1069.722
1395 1214.714
1395 1283.172
1395 4608.98
1395 2281.082
1396 1088.296
1396 776.43
1396 1499.656
1396 867.74
1396 2112.242
1396 677.332
1396 543.062
1396 1209.874
1396 564.758
1396 533.55
1396 684.702
1396 2288.444
1396 601.758
1397 702.092
1397 1033.914
1397 805.476
1397 667.898
1397 1526.988
1397 1399.842
1397 2395.756
1397 990.142
1397 1148.358
1397 957.436
1398 326.122
1398 848.552
1398 417.65
1398 2358.906
1398 1295.296
1398 583.322
1398 666.862
1398 702.488
1398 574.236
1399 1726.3
1399 345.838
1399 3250.33
1399 884.366
1399 1083.702
1399 2969.904
1399 477.732
1399 555.74
1399 1369.37
1399 1290.818
1399 322.412
1400 3339.382
1400 1098.538
1400 945.064
1400 854.24
1400 849.77
1400 1774.562
1400 2244.02
1400 1046.022
1400 1080.628
1400 559.374
1400 1655.99
1400 1402.386
1400 857.128
1401 425.834
1401 375.378
1401 2148
1401 614.656
1401 1553.25
1401 1572.756
1401 1521.576
1402 1641.45
1402 567.516
1402 377.81
1402 1001.946
1402 2135.602
1402 537.36
1402 1541.228
1402 2115.214
1402 542.578
1402 1105.452
1402 1831.194
1402 392.474
1403 534.144
1403 400.384
1403 322.902
1403 1196.716
1403 1071.962
1403 722.604
1404 776.65
1404 1026.748
1404 952.574
1404 1553.848
1404 598.112
1404 1112.054
1404 562.166
1404 700.802
1404 981.264
1404 451.508
1404 1009.506
1405 601.772
1405 1063.434
1405 794.432
1405 1958.046
1405 1123.694
1405 589.128
1405 1065.794
1405 870.8
1405 1885.416
1405 1256.858
1405 1531.566
1405 2344.412
1405 1362.038
1406 663.002
1406 316.9
1406 567.19
1406 1003.392
1406 724.324
1406 374.944
1406 1887.658
1406 2287.972
1406 363.274
1407 698.268
1407 754.34
1407 1388.464
1407 1556.89
1407 408.988
1407 1198.59
1407 765.24
1407 981.402
1408 1411.262
1408 1837.922
1408 1478.834
1408 932.66
1408 2357.944
1408 232.774
1408 615.008
1408 1501.788
1408 703.294
1408 431.86
1409 797.522
1409 935.276
1409 2133.942
1409 1202.312
1409 411.708
1409 1938.43
1409 319.196
1409 1913.19
1409 1650.53
1410 1105.31
1410 1104.46
1410 384.808
1410 436.092
1410 1720.61
1410 1019.204
1410 476.852
1410 487.044
1410 2039.994
1410 1295.406
1410 583.718
1410 1964.026
1411 1230.53
1411 267.408
1411 907.308
1411 560.886
1411 652.802
1411 1035.12
1411 1844.054
1411 559.852
1412 436.194
1412 886.144
1412 1618.98
1412 1905.294
1412 564.93
1412 1017.092
1412 1667.108
1412 944.41
1412 528.028
1412 1334.324
1412 347.676
1412 396.724
1412 624.12
1413 518.31
1413 764.7
1413 2799.244
1413 1382.714
1413 659.958
1413 1520.07
1413 916.026
1414 1652.62
1414 892.424
1414 840.956
1414 1724.96
1414 769.94
1414 959.054
1415 2705.592
1415 586.534
1415 373.926
1415 1289.97
1415 887.906
1415 476.054
1415 640.524
1415 958.702
1415 757.534
1416 769.794
1416 368.572
1416 1456.278
1416 525.718
1416 944.17
1416 1029.186
1417 1453.206
1417 1668.728
1417 960.178
1417 640.272
1417 981.29
1417 418.7
1417 924.012
1417 2151.488
1417 544.054
1417 571.904
1417 701.342
1418 567.946
1418 1686.356
1418 1863.548
1418 665.512
1418 1609.902
1418 1201.616
1418 1487.414
1418 624.044
1418 2387.344
1418 538.212
1419 1439.762
1419 542.656
1419 327.272
1419 1113.024
1419 1347.21
1419 2034.85
1419 1209.644
1419 707.232
1419 2362.974
1419 969.004
1420 542.456
1420 347.372
1420 698.542
1420 925.53
1420 364.646
1420 666.218
1420 451.986
1420 850.246
1420 954.608
1420 644.604
1421 718.088
1421 980.176
1422 1129.828
1422 1162.976
1422 695.734
1422 831.248
1422 357.062
1422 327.638
1422 528.982
1422 748.606
1422 647.918
1422 1163.27
1422 1320.824
1423 832.658
1423 1089.33
1423 349.438
1423 548.436
1423 1330.432
1423 1151.638
1423 498.324
1423 911.484
1423 1470.748
1423 1123.884
1424 1701.642
1424 492.448
1424 344.88
1424 1359.016
1424 915.36
1424 2658.11
1424 1574.434
1424 1476.326
1424 1567.538
1424 446.68
1424 696.554
1424 787.804
1424 818.732
1424 911.002
1424 762.058
1424 1291.764
1424 863.438
1424 1058.96
1424 411.61
1425 627.676
1425 584.868
1425 1926.724
1425 1024.698
1426 2289.812
1426 2546.736
1426 1826.926
1426 1344.662
1426 505.768
1426 956.102
1426 826.42
1426 1581.834
1426 2696.174
1426 1492.122
1426 1002.864
1426 1380.89
1426 591.102
1426 928.052
1426 2241.306
1426 695.694
1427 1523.864
1427 350.094
1427 791.134
1427 463.736
1427 418.828
1427 818.534
1427 615.242
1427 1946.3
1427 918.246
1427 3100.06
1428 748.652
1428 1242.036
1428 780.422
1428 1627.154
1428 970.068
1428 1522.664
1428 594.638
1428 958.712
1428 1229.15
1428 725.682
1429 970.776
1429 4565.364
1429 776.22
1429 1046.602
1429 257.264
1429 755.958
1429 530.008
1429 708.868
1429 1006.058
1429 342.674
1429 1186.99
1429 1102.384
1429 552.772
1429 402.076
1429 573.08
1429 368.158
1430 1280.71
1430 636.066
1430 1072.408
1430 144.898
1430 942.126
1430 610.986
1430 1291.862
1430 818.222
1430 687.206
1430 1309.564
1430 923.358
1431 851.952
1431 637.24
1431 288.468
1431 1133.032
1431 1646.13
1431 3343.984
1431 442.564
1431 2184.248
1431 1789.192
1432 706.602
1432 568.284
1432 855.93
1432 2250.602
1432 690.508
1432 628.456
1432 1285.404
1432 1852.938
1432 912.08
1432 1323.678
1433 710.486
1433 349.716
1433 420.08
1433 1560.662
1433 1757.014
1433 2272.68
1433 719.808
1433 1158.98
1433 541.186
1433 397.156
1433 953.39
1434 265.198
1434 1170.426
1434 499.216
1434 458.178
1434 637.486
1434 647.21
1434 1045.252
1434 2127.924
1435 1723.946
1435 1023.682
1435 2027.304
1435 1902.248
1435 583.61
1435 1003.61
1435 913.402
1435 514.02
1435 1850.528
1435 585.112
1435 1772.43
1435 3448.688
1435 1230.948
1435 523.482
1435 696.576
1436 979.588
1436 935.93
1436 686.094
1436 1442.374
1436 782.568
1436 776.024
1437 499.138
1437 905.7
1437 2979.51
1437 554.424
1437 699.934
1437 436.362
1437 1011.504
1437 2368.836
1437 1256.466
1437 1096.302
1437 391.564
1437 2343.808
1438 607.114
1438 993.804
1438 1221.34
1438 769.314
1438 3349.038
1438 1015.414
1438 667.364
1438 2505.162
1438 461.21
1438 1306.784
1438 1698.65
1439 1695.308
1439 2228.45
1439 456.42
1439 1155.588
1439 623.796
1439 1523.35
1439 795.986
1440 279.158
1440 1135.788
1440 1082.182
1440 262.988
1440 1964.04
1440 733.14
1440 1485.984
1440 976.118
1440 530.982
1440 1390.322
1441 439.702
1441 1655.73
1441 1478.252
1441 799.826
1441 1006.602
1441 1048.622
1441 2091.264
1441 1361.902
1441 504.49
1441 874.59
1441 237.346
1441 349.536
1441 614.166
1441 1861.624
1441 1497.744
1442 876.682
1442 466.43
1442 1589.056
1442 480.884
1442 1439.422
1442 1036.394
1442 719.074
1442 914.64
1442 2543.792
1442 279.798
1443 1753.02
1443 601.126
1443 584.364
1443 942.746
1443 1298.538
1443 785.672
1443 385.874
1443 813.946
1443 1007.902
1443 1851.02
1443 460.8
1443 594.374
1443 1011.294
1444 1853.882
1444 816.404
1444 1566.214
1444 882.35
1444 1220.606
1444 363.292
1444 734.206
1444 1022.73
1444 2174.922
1444 753.354
1444 492.852
1444 1451.642
1445 2258.132
1445 1591.516
1445 1408.606
1445 641.356
1445 752.132
1445 550.48
1445 1161.922
1445 314.942
1446 1957.666
1446 195.14
1446 1208.704
1446 1740.284
1446 562.462
1446 915.692
1446 1647.336
1446 1558.126
1446 1631.848
1446 1394.81
1447 1191.384
1447 586.56
1447 1015.158
1447 626.748
1447 481.754
1447 1148.236
1447 661.838
1447 612.874
1447 895.304
1448 2630.262
1448 2043.81
1448 740.726
1448 1827.758
1448 1229.12
1448 575.08
1449 425.786
1449 1273.638
1449 744.55
1449 1628.196
1449 718.084
1449 1159.804
1449 1133.826
1449 785.578
1450 475.596
1450 634.102
1450 2340.664
1450 2827.928
1450 510.182
1450 412.548
1450 858.956
1450 281.758
1450 434.872
1450 560.006
1450 1194.604
1450 951.228
1451 1521.75
1451 914.27
1451 1613.364
1451 325.794
1451 1562.356
1451 962.588
1451 1183.78
1451 1556.298
1451 973.972
1451 726.458
1451 2264.598
1451 1164.82
1451 2492.822
1451 884.404
1451 821.88
1452 905.524
1452 796.064
1452 668.986
1452 214.098
1452 1190.938
1452 1354.478
1452 1066.154
1452 652.658
1452 437.24
1453 929.332
1453 2115.816
1453 1292.048
1453 663.99
1453 1285.916
1453 2798.952
1453 1204.352
1453 830.8
1453 1049.54
1454 647.742
1454 897.686
1454 708.146
1454 1057.716
1454 1506.934
1454 471.534
1454 890.478
1454 496.144
1454 653.47
1455 820.442
1455 1660.42
1455 442.154
1455 548.612
1455 631.364
1455 697.49
1456 1636.38
1456 1683
1456 927.67
1456 398.732
1456 748.298
1457 1001.452
1457 1289.628
1457 255.658
1457 478.75
1457 767.428
1457 1088.962
1457 750.648
1457 1169.232
1458 480.588
1458 638.46
1458 1068.708
1458 1048.808
1458 470.696
1458 777.494
1458 786.04
1458 960.482
1458 1159.182
1458 477.16
1458 781.57
1458 532.134
1458 1416.58
1459 674.554
1459 1120.678
1459 978.916
1459 2156.366
1459 967.11
1459 631.222
1459 1158.582
1459 564.6
1459 1259.176
1459 1796.496
1460 596.29
1460 1437.132
1460 2419.348
1460 609.924
1460 733.606
1460 2732.14
1460 841.354
1461 871.794
1461 1099.91
1461 958.272
1461 441.042
1461 1427.018
1461 1115.578
1461 808.644
1461 2398.726
1461 1460.626
1461 1449.748
1461 659.04
1461 2281.14
1461 2130.7
1461 1486.884
1461 531.146
1462 1288.92
1462 447.124
1462 844.314
1462 1767.514
1462 648.402
1462 1827.836
1462 1058.008
1462 691.774
1462 919.946
1462 1299.532
1462 571.818
1462 1344.886
1462 1120.648
1463 585.886
1463 2098.232
1463 596.834
1463 1427.994
1463 1201.136
1463 936.88
1463 1093.446
1463 726.246
1463 1156.424
1463 1183.936
1464 558.356
1464 525.792
1464 931.434
1464 897.49
1464 578.536
1464 2666.362
1464 909.594
1464 3032.18
1464 584.122
1464 599.572
1464 684.64
1464 2114.06
1464 258.874
1464 577.646
1465 610.962
1465 1439.116
1465 1768.168
1465 1132.006
1465 1051.972
1465 681.254
1465 3356.972
1465 1000.86
1465 931.242
1465 1741.96
1465 786.104
1466 659.864
1466 486.952
1466 712.702
1466 833.17
1466 668.792
1466 794.162
1466 1076.724
1466 1234.824
1466 705.02
1466 1802.942
1467 942.728
1467 273.386
1467 300.4
1467 495.228
1467 1032.096
1467 859.784
1467 4405.428
1467 609.214
1467 498.982
1467 449.208
1468 2441.64
1468 1655.454
1468 933.794
1468 1130.382
1468 1377.932
1468 1478.076
1468 901.018
1468 623.458
1468 1611.68
1468 419.362
1468 1234.838
1468 793.548
1469 890.646
1469 403.378
1469 563.67
1469 983.258
1469 1721.81
1469 619.536
1469 514.038
1469 532.208
1469 2053.282
1469 1485.574
1469 568.042
1469 1869.284
1469 404.74
1469 352.592
1469 906.164
1469 705.664
1469 905.484
1469 744.84
1469 736.966
1470 351.302
1470 2330.552
1470 2295.986
1470 770.09
1470 640.63
1470 726.9
1470 428.514
1470 2468.6
1470 483.652
1470 1451.116
1470 1550.904
1470 1357.286
1471 1239.734
1471 631.414
1471 769.182
1471 800.956
1471 1302.288
1471 2905.566
1471 1526.304
1472 592.06
1472 1275.132
1472 360.874
1472 1163.516
1472 742.844
1472 570.922
1472 1606.424
1473 1198.208
1473 1194.594
1473 1723.506
1473 796.094
1473 1347.686
1473 2343.462
1473 3963.396
1474 1008.95
1474 636.792
1474 371.446
1474 1110.574
1474 442.228
1474 1793.702
1474 532.994
1474 965.666
1474 2095.816
1475 887.12
1475 770.848
1475 340.578
1475 1058.59
1475 746.188
1475 1158.878
1475 1119.93
1475 657.232
1475 549.6
1475 1475.886
1475 1292.334
1476 884.772
1476 294.918
1476 1423.076
1476 2250.034
1476 746.418
1477 217.086
1477 811.044
1477 1690.4
1477 964.578
1477 854.002
1477 518.444
1477 1851.054
1477 610.222
1477 616.978
1477 1117.916
1478 1099.096
1478 610.892
1478 418.536
1478 775.428
1478 978.74
1478 608.516
1479 735.3
1479 916.446
1479 1914.22
1479 974.47
1479 1577.818
1479 1828.05
1479 2507.994
1479 1335.152
1479 1951.922
1480 510.226
1480 826.408
1480 878.226
1480 961.572
1480 565.638
1480 1322.894
1480 1017.704
1480 622.712
1480 1198.066
1480 1429.712
1481 1049.346
1481 2570.756
1481 437.158
1481 1585.244
1481 768.908
1481 1087.782
1481 1384.954
1481 631.878
1481 478.796
1482 944.146
1482 1146.882
1482 863.132
1482 742.85
1482 944.868
1482 1145.664
1482 284.256
1482 609.384
1482 2452.41
1482 1995.142
1482 686.16
1482 456.51
1482 507.504
1483 530.374
1483 1277.538
1483 1306.88
1483 880.632
1483 1889.316
1483 352.624
1483 987.51
1483 1597.32
1483 419.306
1483 942.602
1483 1291.642
1483 763.116
1483 1745.678
1483 943.044
1483 2080.11
1483 769.722
1483 923.438
1484 1612.64
1484 864.952
1484 885.686
1484 959.668
1484 1388.358
1484 980.052
1484 415.648
1484 1051.274
1484 2102.592
1484 1035.734
1484 425.448
1484 1220.098
1485 1131.594
1485 1136.188
1485 912.35
1485 601.81
1485 594.998
1485 883.43
1485 604.488
1485 1702.508
1485 1129.148
1485 2061.534
1486 1227.018
1486 1539.894
1486 1571.016
1486 1347.818
1486 1942.742
1486 791.102
1486 575.114
1486 1047.07
1486 1327.744
1486 818.046
1486 739.468
1487 1556.448
1487 1233.104
1487 491.262
1487 400.514
1487 379.326
1487 1448.826
1487 1161.356
1487 2111.46
1487 864.84
1487 769.97
1488 630.918
1488 2202.448
1488 1058.726
1488 1371.556
1488 537.118
1488 944.954
1488 2249.478
1488 663.984
1489 632.946
1489 1056.73
1489 607.962
1489 1881.43
1489 1821.312
1489 624.518
1489 1531.818
1489 607.478
1489 1971.262
1489 1651.916
1489 843.42
1489 1521.544
1489 1643.77
1489 1494.1
1489 629.696
1489 1255.102
1489 1666.212
1490 2031.912
1490 686.884
1490 1120.758
1490 817.25
1490 849.184
1490 1300.702
1490 852.206
1490 404.466
1490 1819.062
1490 2227.644
1490 1579.692
1490 3269.512
1490 900.586
1490 1554.936
1490 1108.09
1490 626.894
1490 907.034
1490 1580.038
1491 1422.53
1491 838.132
1491 739.86
1491 577.918
1491 403.62
1491 427.466
1491 966.37
1491 2148.626
1491 782.672
1491 823.594
1491 1901.214
1491 662.218
1492 366.452
1492 440.032
1492 924.548
1492 1957.638
1492 4824.416
1492 880.486
1492 1377.966
1492 2385.674
1492 712.554
1492 3436.938
1492 915.568
1492 873.4
1492 1690.192
1493 511.462
1493 1881.94
1493 525.514
1493 336.114
1493 1080.756
1494 1750.824
1494 845.438
1494 890.902
1494 336.334
1494 949.108
1495 3430.76
1495 1115.126
1495 1108.44
1495 906.674
1495 263.008
1495 1227.574
1495 611.136
1496 555.04
1496 2113.358
1496 1198.348
1496 404.652
1497 1782.586
1497 1206.442
1497 390.248
1497 627.486
1497 991.638
1497 1854.896
1497 1875.784
1497 2720.45
1497 1766.786
1498 121.402
1498 458.454
1498 1943.082
1498 374.788
1498 301.268
1498 1394.56
1498 1077.646
1498 2789.922
1498 562.858
1498 454.924
1499 1295.496
1499 824.836
1499 3099.208
1499 3152.716
1499 6995.222
1499 1284.446
1499 471.016
1499 848.326
1499 659.516
1500 1302.776
1500 2685.664
1500 391.952
1500 1656.898
1500 1525.458
1500 411.14
1500 796.978
1500 485.47
1500 801.976
1501 1977.784
1501 554.674
1501 2217.774
1501 981.446
1501 1181.936
1501 1581.484
1501 2149.886
1501 1724.878
1501 867.682
1501 941.544
1501 564.486
1501 548.39
1501 1519.52
1501 849.168
1501 1692.496
1501 381.114
1501 470.266
1501 666.184
1502 3123.076
1502 1664.258
1502 785.784
1502 1274.99
1502 990.106
1502 1168.446
1502 2614.822
1502 1307.986
1502 392.106
1502 1229.86
1502 585.872
1502 887.422
1502 807.87
1502 1419.632
1503 787.55
1503 1308.226
1503 1875.69
1503 588.408
1503 2396.224
1503 2299.904
1503 2349.278
1503 4532.868
1503 1811.702
1503 1715.35
1504 785.192
1504 1460.566
1504 1949.284
1504 725.418
1504 1568.136
1504 2421.69
1504 944.826
1504 528.11
1504 1566.418
1504 2083.99
1504 2420.866
1504 457.71
1505 534.672
1505 402.404
1505 862.726
1505 883.178
1505 762.458
1506 1018.302
1506 1565.998
1506 731.666
1506 570.936
1506 608.692
1506 4613.036
1506 1481.13
1506 746.842
1506 2261.806
1506 1492.04
1506 767.6
1506 975.054
1506 1158.682
1506 535.888
1507 914.26
1507 2183.986
1507 585.814
1507 1373.024
1507 1755.764
1507 1181.62
1507 447.592
1507 1137.092
1507 1041.382
1507 840.754
1507 539.878
1508 864.108
1508 1038.018
1508 481.598
1508 912.88
1508 1207.014
1508 1203.65
1508 3950.998
1508 2386.4
1508 874.754
1508 1982.466
1509 728.476
1509 644.152
1509 570.484
1509 1063.302
1509 904.13
1509 1840.746
1509 561.698
1509 394.892
1510 722.566
1510 730.764
1510 756.832
1510 968.45
1510 993.69
1510 716.63
1510 1202.112
1510 1464.712
1511 495.872
1511 700.152
1511 380.888
1511 684.532
1511 807.828
1511 1611.162
1511 552.034
1511 744.208
1511 1199.43
1511 902.674
1511 461.604
1511 776.892
1511 2373.48
1511 1043.904
1511 630.11
1511 577.186
1512 1067.75
1512 645.294
1512 1182.656
1512 1057.31
1512 484.33
1512 452.018
1512 1792.078
1512 502.02
1512 454.356
1512 493.138
1512 798.398
1512 612.016
1512 1766.584
1513 322.208
1513 1143.724
1513 870.998
1513 1233.878
1513 460.03
1513 1611.2
1514 2268.078
1514 428.198
1514 402.232
1514 830.692
1514 459.172
1514 1172.598
1514 874.99
1514 506.388
1514 1266.106
1514 4607.582
1514 3339.376
1514 653.408
1514 2331.6
1514 989.718
1515 970.488
1515 1317.634
1515 682.516
1515 1078.908
1515 1661.262
1515 805.144
1515 715.148
1515 606.32
1516 701.3
1516 460.45
1516 415.434
1516 664.068
1516 1762.366
1516 355.584
1516 785.36
1516 264.616
1517 649.494
1517 690.956
1517 564.074
1517 651.042
1517 1060.868
1517 302.428
1517 615.612
1517 1308.082
1517 1962.146
1517 684.336
1517 1395.046
1517 552.214
1517 1503.736
1517 783.596
1517 561.854
1517 646.756
1517 1683.534
1518 519.938
1518 1120.87
1518 937.822
1518 1884.522
1518 1191.062
1518 1439.864
1518 679.78
1518 973.16
1518 1198.828
1518 646.668
1519 1890.536
1519 1150.436
1519 1309.55
1519 920.592
1519 715.67
1519 1274.234
1519 1646.93
1519 569.82
1519 890.042
1519 1104.542
1519 582.542
1519 502
1519 1431.034
1519 1691.826
1519 1092.02
1519 487.928
1519 1152.526
1519 949.952
1520 438.126
1520 797.176
1520 352.306
1520 835.166
1520 830.152
1520 1352.186
1520 1235.004
1521 587.996
1521 1018.412
1521 1127.548
1521 520.016
1521 569.576
1521 1892.55
1521 853.078
1521 712.042
1521 485.872
1521 1909.742
1521 1477.382
1521 1104.832
1522 1543.942
1522 1105.07
1522 540.382
1522 657.726
1522 1254.78
1522 1618.3
1522 646.722
1522 454.584
1522 471.818
1522 468.622
1522 710.502
1522 1137.904
1523 1812.102
1523 800.092
1523 840.7
1523 914.442
1523 1152.192
1523 2051.72
1523 1043.476
1523 614.358
1523 218.106
1523 733.612
1523 2467.806
1524 653.088
1524 685.988
1524 354.416
1524 983.036
1524 1230.702
1524 997.092
1524 1639.222
1524 706.032
1524 2110.262
1524 1941.732
1524 1036.562
1524 837.208
1525 681.62
1525 2521.072
1525 1009.834
1525 760.102
1525 1345.384
1525 521.24
1525 575.378
1525 1546.858
1525 709.798
1525 1287.754
1525 1146.46
1525 481.366
1526 440.434
1526 630.186
1526 459.996
1526 505.264
1526 1792.294
1526 1545.794
1526 355.672
1526 1913.546
1526 1553.54
1526 589.84
1526 605.786
1527 2911.87
1527 1755.34
1527 1129.108
1527 852.308
1527 894.708
1527 708.874
1527 485.67
1527 930.284
1527 414.542
1527 2692.938
1527 503.71
1528 618.044
1528 581.84
1528 727.558
1528 755.314
1528 3299.042
1528 509.276
1528 623.58
1529 990.776
1529 1241.9
1529 321.474
1529 1177.472
1529 1984.846
1529 567.068
1529 1209.696
1529 1056.446
1529 318.698
1529 1699.936
1529 1104.806
1530 2152.238
1530 4159.444
1530 1540.478
1530 993.912
1530 459.456
1530 596.842
1530 1755.682
1530 438.916
1530 1267.79
1530 1409.722
1531 910.212
1531 707.822
1531 1018.556
1531 448.672
1531 714.11
1531 1198.392
1531 446.918
1531 3205.206
1531 1067.538
1531 3246.892
1531 553.522
1531 432.222
1531 1227.908
1531 705.156
1531 650.976
1531 1631.86
1532 318.658
1532 1048.96
1532 535.02
1532 717.808
1532 872.204
1532 880.764
1532 2499.352
1532 1028.954
1532 709.442
1532 1462.612
1532 589.52
1532 1040.882
1533 1584.712
1533 1507.38
1533 385.058
1533 452.832
1533 1757.302
1533 1406.692
1533 442.204
1534 2012.07
1534 748.216
1534 426.994
1534 1179.914
1534 575.996
1534 434.376
1534 870.69
1534 1504.286
1534 1350.068
1534 677.04
1535 1128.868
1535 901.25
1535 803.796
1535 443.016
1535 552.988
1535 333.942
1536 871.804
1536 1136.002
1536 445.466
1536 744.668
1536 1848.622
1536 713.676
1536 404.022
1536 671.598
1536 2773.47
1536 1352.714
1536 1120.878
1537 463.778
1537 652.514
1537 717.812
1537 1251.664
1537 711.308
1537 2239.988
1537 1889.204
1537 672.402
1537 997.972
1537 415.872
1537 1108.876
1537 226.106
1537 459.704
1537 349.864
1537 841.43
1537 797.188
1538 660.522
1538 741.362
1538 1241.19
1538 663.168
1538 663.494
1538 710.786
1538 638.618
1538 824.544
1538 1200.058
1538 1487.602
1538 575.382
1538 556.844
1539 585.038
1539 876.004
1539 1400.998
1539 1774.23
1539 426.69
1539 951.346
1539 606.702
1539 636.256
1539 1002.228
1539 1326.558
1539 1961.696
1539 746.116
1539 606.334
1539 719.568
1540 1421.374
1540 1446.74
1540 1088.786
1541 973.014
1541 572.434
1541 1268.974
1541 2444.926
1541 733.06
1541 2021.722
1541 398.032
1541 980.192
1541 763.402
1542 2872.908
1542 817.432
1542 326.838
1542 2107.448
1542 2270.684
1542 1312.704
1542 324.67
1543 995.248
1543 398.28
1543 2303.184
1543 445.992
1543 1057.684
1543 2959.316
1543 1496.348
1543 730.152
1543 687.24
1543 818.82
1544 2771.606
1544 599.416
1544 1931.734
1544 876.908
1545 2415.48
1545 825.216
1545 1349.746
1545 788.22
1545 861.588
1545 345.068
1545 1146.182
1545 1630.888
1546 662.298
1546 943.42
1546 465.558
1546 1907.838
1546 365.378
1546 2190.082
1546 2272.862
1546 731.27
1547 561.85
1547 1206.25
1547 471.506
1547 828.87
1547 331.38
1547 450.074
1547 356.318
1547 1162.9
1547 1515.646
1547 459.658
1547 1256.708
1548 849.604
1548 1637.628
1548 454.034
1548 987.486
1548 715.874
1548 1599.04
1548 884.228
1548 1014.934
1548 363.752
1549 3296.032
1549 690.536
1549 1917.96
1549 1427.114
1549 386.886
1549 1084.618
1549 880.166
1550 450.464
1550 1986.45
1550 472.178
1550 2029.574
1550 320.806
1550 1025.96
1550 348.518
1551 328.716
1551 2378.542
1551 573.448
1551 2489.862
1551 806.958
1551 2274.424
1551 1188.286
1551 1525.242
1551 777.296
1551 657.774
1551 1056.464
1552 551.944
1552 1096.946
1552 1643.838
1552 1104.758
1552 1503.22
1553 1255.324
1553 2226.562
1553 809.232
1553 818.59
1553 1111.948
1553 675.192
1553 1479.946
1554 622.392
1554 861.606
1554 2430.57
1554 923.926
1554 1758.256
1554 1308.706
1554 693.73
1554 507.854
1554 1158.568
1554 695.558
1554 1253.798
1554 696.772
1555 698.506
1555 420.662
1555 347.678
1555 1111.922
1555 563.776
1555 1337.744
1555 1421.678
1555 733.326
1555 764.034
1555 1376.56
1556 1119.554
1556 1604.276
1556 250.422
1556 1162.46
1556 3696.728
1556 2408.72
1556 2238.966
1556 1082.774
1556 1448.58
1556 1160.992
1556 881.394
1556 570.31
1556 2146.988
1556 1875.606
1556 697.508
1556 1506.854
1557 716.146
1557 2771.552
1557 359.046
1558 1285.14
1558 2541.46
1558 1118.38
1558 1081.33
1558 427.546
1558 844.584
1558 1216.988
1558 1295.296
1558 669.12
1559 789.57
1559 305.4
1559 997.756
1559 1392.472
1559 1097.31
1559 447.626
1559 688.06
1559 582.538
1559 1792.724
1559 933.484
1560 357.392
1560 622.398
1560 684.944
1560 454.258
1560 1554.796
1561 552.654
1561 666.826
1561 1544.206
1561 2422.502
1561 1070.138
1561 485.024
1561 607.848
1561 831.82
1562 1738.856
1562 697.232
1562 624.714
1562 742.478
1562 1638.568
1562 563.496
1562 652.444
1562 1096.942
1562 740.26
1562 1616.408
1563 1379.04
1563 835.006
1563 1257.374
1563 1535.246
1563 818.074
1564 739.078
1564 1602.664
1564 404.454
1564 679.95
1564 1401.274
1564 1862.238
1564 1338.806
1564 644.152
1564 1184.916
1564 629.3
1564 1208.332
1564 1363.196
1564 2748.754
1564 517.082
1565 546.438
1565 1514.36
1565 1634.792
1565 1544.23
1565 2231.3
1565 1185.422
1565 501.12
1565 1115.232
1565 997.008
1565 887.044
1566 540.836
1566 402.156
1566 617.202
1566 1417.87
1566 691.046
1566 893.296
1566 1430.826
1566 592.836
1566 582.454
1566 585.808
1566 252.388
1566 487.162
1567 470.076
1567 5211.402
1567 1900.856
1567 582.172
1567 535.26
1567 3083.374
1567 1081.278
1567 374.858
1567 832.458
1567 505.88
1567 2395.184
1568 1186.198
1568 1307.33
1568 1642.21
1568 1644.778
1568 634.686
1568 2053.992
1568 2622
1568 1069.158
1568 731.172
1569 943.974
1569 1126.63
1569 770.986
1569 418.492
1569 609.234
1569 703.616
1569 1059.644
1569 850.898
1569 388.998
1569 643.594
1570 789.552
1570 768.054
1570 1186.19
1570 571.016
1570 1383.064
1571 1586.07
1571 665.85
1571 1400.3
1571 2176.59
1571 1132.296
1571 1374.558
1571 669.832
1571 1315.868
1571 799.99
1571 910.168
1571 805.626
1571 1174.978
1572 543.094
1572 1787.184
1572 2045.764
1572 966.878
1572 793.872
1572 1953.986
1572 380.944
1572 883.972
1572 1115.266
1572 850.784
1573 575.844
1573 1074.534
1573 285.086
1573 1595.374
1573 1205.462
1573 355.886
1573 1069.706
1573 958.868
1573 1430.378
1573 529.286
1573 961.244
1574 679.432
1574 668.774
1574 1094.616
1574 1678.114
1574 249.25
1574 544.358
1574 3535.142
1575 882.9
1575 1067.062
1575 1466.542
1575 395.374
1575 2221.312
1575 1776.644
1575 1697.634
1575 1251.862
1575 1081.692
1575 1244.158
1575 1269.876
1575 314.518
1575 2009.714
1576 893.162
1576 1144.672
1576 788.546
1576 697.196
1576 1869.48
1576 1986.862
1576 866.048
1576 2521.888
1576 1267.532
1577 833.492
1577 1071.306
1577 1335.958
1577 1568.686
1577 527.374
1577 1133.96
1577 1300.634
1577 3663.62
1577 838.004
1578 867.682
1578 1612.564
1578 913.812
1578 1133.724
1579 599.59
1579 580.224
1579 593.678
1579 316.562
1579 762.574
1579 1896.904
1579 462.948
1579 362.956
1580 2228.378
1580 1619.588
1580 760.378
1580 1539.85
1580 603.044
1580 1518.75
1580 946.838
1581 1882.226
1581 462.858
1581 1562.106
1581 1897.204
1581 1538.364
1581 2596.182
1581 398.094
1581 650.388
1581 1676.894
1581 493.806
1581 383.722
1581 1944.532
1581 798.576
1581 1277.354
1582 1049.174
1582 4643.152
1582 2064.258
1582 1216.842
1582 812.418
1582 1829.342
1582 520.346
1582 2139.89
1582 1384.39
1582 701.266
1582 2064.478
1582 1262.686
1583 1561.246
1583 1038.548
1583 803.788
1583 865.158
1583 1190.988
1583 1811.73
1583 943.754
1583 926.302
1583 2041.248
1583 2466.188
1583 710.408
1584 1135.2
1584 527.478
1584 1570.93
1584 712.582
1584 1395.896
1584 3644.998
1584 917.956
1584 2637.808
1584 3419.36
1584 895.25
1584 1308.648
1584 958.18
1585 1418.988
1585 1083.882
1585 5479.944
1585 470.57
1585 1059.924
1585 1037.924
1585 594.08
1585 1303.436
1585 441.438
1585 2987.616
1585 854.878
1585 880.62
1585 825.686
1586 3701.626
1586 694.668
1586 994.34
1586 1405
1586 1813.546
1586 496.158
1586 1246.486
1587 2407.48
1587 708.43
1587 341.58
1587 1516.708
1587 870.776
1587 430.8
1587 735.956
1587 524.702
1587 2017.53
1587 852.078
1587 402.024
1587 577.91
1587 3072.68
1588 543.326
1588 1417.044
1588 1524.544
1588 1103.166
1588 1284.442
1588 684.146
1588 909.804
1588 1200.466
1588 1551.138
1588 540.158
1588 441.1
1589 3260.506
1589 1221.22
1589 2259.796
1589 712.616
1589 977.236
1589 1150.388
1589 402.754
1589 884.282
1589 837.958
1589 426.07
1590 626.1
1590 2634.004
1590 567.388
1590 896.91
1590 376.356
1590 1590.894
1591 1278.892
1591 1284.536
1591 914.108
1591 1484.162
1591 686.786
1591 1046.328
1591 2275.752
1591 1518.054
1591 1735.224
1591 1967.56
1592 1365.092
1592 676.264
1592 1416.692
1592 803.808
1592 1023.432
1592 334.546
1592 613.792
1592 426.896
1592 781.102
1593 1041.494
1593 1069.718
1593 846.624
1593 1473.648
1593 339.394
1593 982.898
1593 2592.616
1593 1416.382
1593 631.422
1593 1124.3
1593 1026.72
1593 583.082
1594 1037.142
1594 1409.082
1594 944.492
1594 2804.264
1594 3649.904
1594 2801.848
1594 1719.848
1594 466.398
1594 400.404
1594 458.386
1594 452.922
1595 1561.54
1595 873.606
1595 857.96
1595 1743.402
1595 337.118
1595 3589.048
1596 672.398
1596 1867.246
1596 3179.144
1596 518.904
1596 876.434
1596 1041.058
1596 1947.966
1596 1379.198
1596 1545.604
1596 500.53
1596 2437.178
1596 572.84
1596 1796.396
1596 1620.712
1597 863.864
1597 1046.196
1597 946.198
1597 1081.93
1597 1107.432
1598 415.748
1598 273.38
1598 623.076
1598 1107.916
1598 1729.06
1598 1013.59
1598 555.258
1598 1103.876
1598 506.214
1598 884.342
1598 1487.656
1598 597.858
1599 522.262
1599 855.012
1599 1002.492
1599 2735.022
1599 2842.746
1599 2443.974
1599 808.6
1599 420.996
1599 440.88
1599 2098.63
1599 738.276
1599 1058.864
1600 737.82
1600 553.404
1600 692.134
1600 1316.702
1600 2686.596
1600 446.034
1600 1766.568
1600 1271.68
1600 2106.802
1600 696.582
1600 2676.014
1600 191.408
1600 1494.09
1600 393.862
1600 1076.986
1600 481.826
1601 665.424
1601 2753.45
1601 666.144
1601 1065.56
1601 1284.428
1601 679.624
1601 1406.146
1601 1587.81
1601 663.018
1601 1197.646
1601 2460.726
1601 244.906
1601 613.254
1601 446.354
1602 1849.13
1602 601.736
1602 713.678
1602 1808.488
1602 1396.686
1602 1560.66
1602 1317.012
1602 1828.92
1602 1170.27
1602 1014.696
1602 1535.59
1602 562.094
1602 1973.78
1602 1550.672
1602 1830.976
1602 377.288
1602 588.29
1603 814.124
1603 1061.672
1603 1818.302
1603 533.512
1603 1474.196
1603 1387.326
1603 1225.846
1603 1026.518
1604 893.856
1604 2684.016
1604 1639.098
1604 563.368
1604 5031.732
1604 2698.756
1605 1916.16
1605 932.01
1605 1355.336
1605 398.68
1605 525.496
1605 674.662
1605 570.226
1605 458.124
1605 948.592
1605 1338.976
1605 423.146
1605 1119.096
1605 860.204
1605 480.692
1605 608.99
1605 426.15
1605 3193.982
1605 1325.386
1606 1046.588
1606 757.342
1606 498.12
1606 3048.602
1606 423.248
1606 1680.95
1606 621.566
1606 479.83
1606 806.046
1606 653.526
1606 583.422
1606 606.838
1606 799.7
1607 2821.018
1607 729.992
1607 562.234
1607 868.634
1607 1065.962
1607 1304.208
1607 733.328
1607 680.044
1607 1459.26
1607 813.668
1608 453.518
1608 1418.032
1608 485.006
1608 1396.868
1608 740.086
1608 332.112
1608 2525.24
1608 1387.386
1609 2694.95
1609 1242.9
1609 1340.464
1609 2661.696
1609 942.88
1609 965.738
1609 571.564
1609 938.564
1609 488.802
1610 841.226
1610 854.712
1610 697.97
1610 535.474
1610 387.044
1610 1447.534
1611 344.738
1611 602.392
1611 966.942
1611 470.7
1611 2179.592
1611 673.96
1611 538.664
1611 1640.304
1611 5946.38
1611 979.956
1612 575.236
1612 2854.976
1612 269.562
1612 1090.962
1612 1252.484
1612 1917.796
1612 810.664
1612 1122.066
1612 934.906
1612 1068.38
1613 1875.532
1613 1148.462
1613 765.636
1613 1395.612
1613 838.88
1613 1239.638
1613 1065.534
1614 480.644
1614 431.39
1614 530.076
1614 1185.952
1614 1446.686
1614 882.056
1614 2074.412
1614 1169.57
1614 1000.978
1615 394.498
1615 233.21
1615 897.11
1615 1076.136
1615 384.32
1615 2190.39
1615 950.878
1615 1858.642
1616 2946.906
1616 774.538
1616 2697.588
1616 551.144
1616 919.642
1616 880.718
1616 1335.84
1617 1530.13
1617 4596.638
1618 843.886
1618 560.282
1618 598.986
1618 403.286
1618 4013.504
1618 3668.768
1618 774.156
1618 2379.928
1618 2936.64
1619 2271.954
1619 1346.69
1619 344.676
1619 632.556
1619 2042.96
1619 340.436
1620 733.298
1620 1045.888
1620 1000.308
1620 285.934
1620 676.19
1620 1698.896
1620 456.7
1620 3129.518
1620 1765.55
1620 2712.508
1621 625.794
1621 2043.324
1621 1260.038
1621 1579.93
1621 758.418
1621 382.528
1621 549.146
1621 1860.482
1621 1051
1622 535.336
1622 370.15
1622 336.052
1622 1010.402
1622 800.556
1622 566.276
1622 1365.28
1622 1529.436
1622 862.502
1623 1559.662
1623 667.736
1623 3214.286
1623 758.354
1623 691.184
1623 778.494
1623 514.482
1623 794.812
1623 583.844
1624 2121.666
1624 1180.556
1624 830.97
1624 832.59
1624 913.704
1624 2505.66
1625 754.2
1625 2193.49
1625 1007.642
1625 482.082
1625 796.144
1625 1385.82
1625 988.974
1625 711.104
1625 600.524
1625 921.272
1625 2395.346
1625 589.814
1625 621.9
1625 884.564
1625 350.064
1625 1947.286
1625 3099.59
1625 1625.654
1625 367.42
1625 1869.054
1625 653.604
1626 2308.01
1626 1265.804
1626 442.464
1626 873.424
1626 901.354
1626 769.912
1626 1429.29
1626 365.224
1626 1094.684
1627 788.46
1627 1539.03
1627 2076.122
1627 591.482
1627 615.544
1627 961.376
1627 862.748
1627 1215.73
1627 416.144
1628 1942.68
1628 1286.936
1628 338.464
1628 2726.922
1628 872.284
1628 1509.018
1628 421.766
1628 397.516
1628 1373.456
1628 1040.188
1628 553.268
1628 1502.54
1628 2174.094
1629 436
1629 1024.022
1629 424.718
1629 1371.446
1629 867.592
1629 1658.212
1629 1024.908
1629 1286.318
1629 1192.164
1629 2279.91
1629 1740.044
1629 1531.468
1629 1147.246
1630 628.466
1630 1147.604
1630 524.016
1630 1000.63
1630 228.586
1630 936.504
1630 577.108
1630 901.358
1630 1156.942
1630 1327.08
1630 437.848
1630 2462.704
1630 1492.896
1630 660.724
1631 554.234
1631 531.186
1631 1045.062
1631 231.068
1631 759.43
1631 358.07
1632 978.97
1632 2066.608
1632 731.854
1632 984.73
1632 1179.524
1632 1799.798
1632 2141.92
1632 1038.106
1632 1859.716
1632 2684.768
1632 801.788
1632 549.62
1633 1928.89
1633 998.562
1633 611.734
1633 293.664
1633 2543.56
1633 359.856
1633 1090.318
1633 295.68
1634 1877.68
1634 517.122
1634 2859.608
1634 601.218
1634 670.274
1634 417.998
1635 655.9
1635 1565.27
1635 1249.938
1635 2099.71
1635 423.096
1635 1152.848
1636 222.73
1636 1967.242
1636 441.694
1636 813.286
1636 387.476
1636 2333.938
1636 790.498
1636 798.502
1637 374.516
1637 1202.438
1637 3169.322
1637 1185.784
1637 1481.548
1637 873.99
1638 811.052
1638 2365.44
1638 3501.246
1638 493.996
1638 672.798
1638 306.422
1638 1668.558
1638 1066.486
1638 756.938
1638 845.906
1638 850.138
1638 506.736
1638 809.936
1639 671.756
1639 1975.748
1639 893.368
1639 911.272
1639 516.932
1639 811.244
1639 2067.444
1639 703.34
1639 1483.21
1639 1714.25
1640 2811.654
1640 1265.09
1640 879.018
1640 667.664
1640 524.158
1640 1020.928
1640 760.486
1640 1557.952
1640 3179.624
1640 468.16
1641 1046.486
1641 802.992
1641 603.758
1641 1303.61
1641 1687.932
1641 1762.332
1641 1358.928
1641 1035.076
1641 735.906
1641 385.444
1641 1323.672
1641 2827.486
1641 893.296
1642 2979.906
1642 3837.204
1642 1310.164
1642 2255.372
1642 1110.782
1642 1142.466
1642 2391.236
1642 2691.088
1642 1391.404
1642 340.132
1642 1183.056
1642 1569.174
1642 682.146
1642 767.188
1642 1704.334
1643 1576.446
1643 254.832
1643 914.4
1643 1117.132
1643 370.624
1643 729.034
1643 323.484
1643 481.892
1643 800.406
1643 1397.276
1643 2260.698
1643 1147.87
1643 3125.836
1643 783.472
1644 1054.958
1644 1002.828
1644 687.512
1644 595.102
1644 2172.332
1644 2519.852
1644 527.546
1644 841.79
1644 1086.078
1644 1107.052
1644 448.066
1645 512.53
1645 447.032
1645 852.342
1645 1452.11
1645 688
1645 1329.178
1645 634.602
1645 663.322
1646 1455.254
1646 1609.024
1646 1086.074
1646 1103.664
1646 2508.752
1646 979.87
1647 2399.768
1647 1040.428
1647 1269.2
1647 1542.712
1647 1265.53
1647 1594.154
1647 1892.164
1647 250.938
1647 751.002
1648 1614.888
1648 496.676
1648 1708.876
1648 2489.77
1648 3344.826
1648 1742.01
1648 965.632
1648 788.576
1648 699.428
1648 3435.178
1648 1013.554
1648 442.622
1648 1861.012
1648 614.756
1649 1212.85
1649 548.244
1649 906.722
1649 2410.998
1649 926.212
1649 1209.344
1649 831.282
1649 2193.564
1650 1117.246
1650 425.898
1650 2242.652
1650 537.856
1650 1203.066
1650 877.336
1650 1361.798
1650 879.534
1651 1220.776
1651 1442.42
1651 1482.326
1651 623.226
1651 2007.588
1651 980.492
1651 588.222
1652 1679.378
1652 302.03
1652 417.374
1652 2177.908
1652 1167.842
1652 810.146
1652 952.656
1652 1162.326
1653 1166.694
1653 2186.88
1653 1809.642
1653 596.122
1653 634.892
1653 1028.316
1653 594.842
1653 931.016
1654 960.648
1654 1104.09
1654 1030.728
1654 3166.17
1654 734.996
1654 1404.042
1654 856.88
1654 367.944
1655 1868.854
1655 1306.594
1655 333.426
1655 492.98
1655 632.15
1655 4332.896
1655 592.334
1655 1612.886
1656 978.298
1656 1157.394
1656 2267.092
1656 1095.704
1656 1076.596
1656 2110.404
1656 1909.534
1656 1368.026
1656 3196.948
1657 2513.396
1657 1136.974
1657 601.424
1657 1384.524
1657 1784.86
1657 2412.184
1657 864.18
1657 2538.82
1657 519.428
1658 1223.556
1658 245.836
1658 986.834
1658 745.7
1658 1806.354
1658 695.524
1658 248.952
1658 538.508
1658 1526.814
1658 1248.168
1659 749.926
1659 787.77
1659 760.9
1659 892.366
1659 374.22
1659 442.902
1659 1985.118
1659 2486.988
1659 1169.566
1659 539.892
1659 1500.254
1659 709.258
1660 621.412
1660 927.62
1660 636.958
1660 519.456
1660 678.004
1660 614.104
1661 242.908
1661 1038.93
1661 937.45
1661 2330.736
1661 507.054
1661 481.75
1662 819.916
1662 2218.032
1662 409.278
1662 382.236
1662 1968.612
1662 672.006
1662 335.338
1662 1783.336
1662 1215.084
1662 718.602
1662 1659.778
1663 1278.29
1663 904.846
1663 1358.23
1663 1746.24
1663 1071.894
1663 378.85
1663 2705.696
1663 1701.608
1663 486.898
1663 1831.642
1663 920.942
1663 494.588
1663 885.638
1663 426.776
1663 1010.594
1664 3071.162
1664 1012.246
1664 1713.45
1664 1333.246
1664 1112.692
1664 512.204
1664 683.022
1664 1759.136
1664 785.644
1664 1510.444
1664 934.766
1664 922.782
1665 866.518
1665 826.77
1665 868.214
1665 1211.458
1665 2119.862
1665 606.18
1665 1839.678
1665 1412.462
1665 492.51
1665 729.046
1665 929.542
1666 971.316
1666 945.728
1666 598.2
1666 1205.258
1666 1185.75
1666 1511.326
1666 1624.336
1666 634.998
1666 4027.488
1667 246.686
1667 1076.612
1667 2372.328
1667 863.54
1667 1052.764
1667 775.482
1667 878.892
1667 533.122
1667 993.308
1667 300.496
1667 1461.018
1668 618.824
1668 1093.492
1668 2224.228
1668 2404.476
1668 1670.668
1668 987.016
1668 1187.908
1668 1449.88
1668 987.182
1668 805.614
1668 687.544
1668 380.91
1668 2071.93
1668 1647.164
1668 1201.776
1669 4293.618
1669 1249.026
1669 539.892
1669 935.83
1669 1998.21
1669 861.298
1669 980.642
1670 853.282
1670 723.68
1670 920.72
1670 1775.602
1670 1948.964
1670 802.362
1670 343.62
1670 986.104
1670 1845.438
1670 875.01
1670 1218.996
1671 339.524
1671 429.778
1671 686.442
1671 685.694
1671 934.654
1671 791.564
1672 1664.522
1672 975.004
1672 712.004
1672 3557.206
1672 1230.502
1672 456.662
1672 584.218
1672 1246.13
1672 458.608
1672 581.1
1672 310.238
1672 714.526
1672 1387.532
1672 568.414
1672 329.94
1672 889.782
1672 484.788
1673 537.048
1673 1647.064
1673 854.06
1673 887.828
1673 1155.116
1673 1552.466
1673 629.372
1673 471.134
1673 990.9
1673 1488.372
1674 1612.894
1674 1869.472
1674 743.854
1674 2892.62
1674 3391.644
1675 757.676
1675 2327.548
1675 616.24
1675 645.7
1675 548.782
1675 1038.882
1675 659.87
1675 839.1
1675 1194.282
1675 1509.252
1676 766.298
1676 614.136
1676 1004.99
1676 714.202
1676 4109.468
1676 901.852
1676 1385.25
1677 3916.674
1677 657.868
1677 501.898
1677 428.85
1677 1321.806
1677 879.324
1678 1197.11
1678 2343.444
1678 1507.396
1678 891.392
1678 958.104
1678 774.306
1678 1867.402
1678 403.788
1678 425.622
1678 2513.232
1679 997.238
1679 2560.014
1679 376.5
1679 277.772
1679 978.02
1679 2976.954
1679 1181.66
1680 757.158
1680 2286.99
1680 1840.052
1680 635.212
1680 1360.646
1681 626.696
1681 841.236
1681 1640.062
1681 1047.334
1681 747.186
1681 520.226
1681 416.338
1681 430.386
1681 424.434
1681 692.892
1681 1928.542
1681 1156.11
1681 811.212
1682 995.416
1682 1256.354
1682 381.9
1682 766.622
1682 471.034
1682 862.294
1682 345.018
1683 679.856
1683 779.41
1683 2012.112
1683 858.336
1683 393.354
1683 747.074
1684 2088.94
1684 1133.792
1684 516.992
1684 1012.476
1684 251.402
1684 1544.348
1684 2456.87
1684 1653.048
1684 1002.452
1684 341.306
1684 797.3
1685 915.22
1685 818.744
1685 3096.51
1685 560.008
1685 2047.64
1685 472.534
1685 733.938
1685 2504.984
1685 1279.232
1685 591.334
1685 1750.334
1685 1131.992
1685 413.288
1685 2092.04
1686 947.644
1686 567.778
1686 2557.78
1686 519.65
1686 2966.354
1686 654.748
1686 1004.034
1686 1743.554
1686 449.824
1686 726.752
1686 1948.548
1686 1775.086
1686 1072.14
1686 624.036
1686 1096.974
1686 213.112
1686 1353.104
1687 648.79
1687 1438.152
1687 745.862
1687 526.766
1687 837.57
1687 864.528
1687 881.328
1687 1080.296
1687 362.708
1687 742.622
1687 408.854
1687 487.474
1688 884.228
1688 545.146
1688 1904.69
1688 1185.976
1688 580.348
1688 884.35
1688 1466.42
1688 780.694
1688 782.134
1688 453.124
1688 2738.196
1688 2390.75
1688 459.722
1688 427.406
1689 1067.656
1689 1305.39
1689 494.51
1689 2098.512
1689 1859.698
1689 1028.664
1689 861.054
1689 546.246
1689 2833.788
1689 754.804
1690 1127.818
1690 2000.314
1690 1554.548
1690 2641.62
1691 494.936
1691 2599.18
1691 690.024
1691 2251.568
1691 745.798
1691 619.822
1691 2048.874
1692 479.006
1692 974.21
1692 1696.834
1692 1251.534
1692 2141.756
1692 319.078
1692 516.142
1692 644.588
1692 504.896
1692 1111.258
1693 446.53
1693 2274.998
1693 787.83
1693 1304.132
1693 934.434
1693 2300.626
1693 1007.264
1693 1262.052
1694 1392.832
1694 623.748
1694 1304.602
1694 1525.244
1694 1785.344
1694 908.536
1695 3420.824
1695 478.8
1695 2837.148
1695 1084.946
1695 4272.224
1695 609.678
1695 658.09
1695 996
1695 1396.824
1695 387.078
1696 1122.704
1696 755.186
1696 627.632
1696 801.512
1696 821.04
1696 1776.52
1696 599.03
1696 2316.91
1696 682.594
1696 387.942
1696 902.58
1696 400.872
1696 2826.84
1696 275.322
1696 437.628
1696 694.436
1696 623.256
1696 1217.866
1697 1434.668
1697 906.958
1697 1692.77
1697 477.216
1697 565.756
1697 350.388
1697 468.498
1697 767.362
1698 724.944
1698 1773.764
1698 1153.098
1698 1790.656
1698 602.646
1698 1099.582
1698 497.16
1698 266.11
1698 1708.308
1698 1664.854
1698 645.984
1698 1934.182
1699 2308.64
1699 1143.804
1699 1852.226
1699 663.074
1699 911.588
1699 537.242
1699 935.128
1699 272.548
1699 1123.758
1699 708.862
1700 1813.086
1700 1076.584
1700 1605.442
1700 798.802
1700 2157.186
1700 1373.638
1701 1673.02
1701 854.76
1701 639.732
1701 823.952
1701 402.834
1701 569.212
1701 862.378
1701 586.176
1701 2004.152
1701 372.01
1701 464.276
1701 637.382
1701 1133.582
1702 438.25
1702 1572.132
1702 552.008
1702 854.506
1702 852.914
1702 1838.674
1703 1545.696
1703 618.604
1703 999.902
1703 905.088
1703 955.22
1703 1376.142
1703 647.292
1703 1208.25
1703 1273.688
1703 807.358
1703 1042.51
1703 588.676
1704 1345.488
1704 688.33
1704 547.258
1704 2831.77
1704 946.91
1704 1032.904
1704 858.662
1704 512.088
1704 376.384
1704 1155.24
1704 1569.852
1704 720.27
1705 1703.532
1705 422.518
1705 946.096
1705 330.584
1705 321.266
1705 962.65
1705 451.632
1705 1088.714
1705 1230.7
1705 1018.972
1705 1570.282
1706 1820.116
1706 555.012
1706 464.51
1706 2170.774
1706 462.402
1706 542.822
1706 1755.074
1706 3566.616
1706 677.306
1706 821.488
1706 593.014
1706 2463.48
1706 4399.76
1707 677.954
1707 2916.536
1707 732.06
1707 690.892
1707 779.3
1707 1641.788
1707 632.47
1707 1006.788
1707 1648.428
1707 1507.662
1707 505.47
1707 1089.362
1707 1292.492
1707 2142.082
1707 1579.236
1707 590.526
1707 1028.544
1708 232.496
1708 1354.822
1708 662.814
1708 1146.46
1708 2648.864
1708 434.246
1708 3650.444
1709 2039.458
1709 645.64
1709 363.124
1709 927.718
1709 529.462
1709 773.234
1709 698.13
1709 1024.528
1709 629.802
1709 589.358
1709 1240.216
1709 721.536
1709 1139.416
1709 886.592
1709 2306.442
1709 1755.548
1710 1559.6
1710 456.708
1710 1287.002
1710 2254.176
1710 699.526
1710 1093.236
1710 1689.188
1710 1215
1711 1958.83
1711 1837.392
1711 422.522
1711 1424.61
1711 1299.774
1711 1330.382
1711 964.97
1711 762.15
1712 472.228
1712 920.758
1712 1763.872
1712 372.824
1712 875.276
1712 634.748
1712 815.282
1712 3378.172
1712 1775.31
1712 576.354
1712 1223.834
1713 517.222
1713 370.246
1713 661.298
1713 331.424
1713 1877.648
1713 1950.276
1713 703.358
1713 557.68
1713 136.598
1714 1086.286
1714 2787.614
1714 1088.798
1714 583.232
1714 917.746
1714 3082.954
1715 485.262
1715 1255.724
1715 1620.768
1715 813.044
1716 634.092
1716 469.072
1716 1470.628
1716 745.944
1716 1353.986
1716 832.472
1716 1568.286
1716 1117.956
1716 1422.132
1716 944.896
1716 1666.682
1717 657.43
1717 1038.648
1717 1254.138
1717 1831.89
1717 1249.6
1717 743.124
1718 941.746
1718 2025.934
1718 824.73
1718 1737.874
1718 2833.054
1718 986.654
1718 1932.234
1718 860.828
1719 2768.37
1719 2563.566
1719 812.812
1719 980.708
1719 2584.43
1719 350.032
1719 1289.918
1720 1046.106
1720 806.298
1720 1716.504
1720 1116.364
1720 800.01
1720 1318.506
1720 636.566
1721 3450.274
1721 781.418
1721 552.154
1721 693.648
1721 1417.778
1722 659.124
1722 1366.654
1722 2269.244
1722 2741.838
1722 263.158
1722 554.954
1722 673.184
1722 1487.488
1722 2896.956
1722 415.86
1722 1400.486
1722 2066.878
1722 660.49
1722 998.656
1722 894.962
1722 517.398
1723 1435.456
1723 2414.58
1723 1937.25
1723 441.68
1723 1045.728
1723 977.356
1723 961.108
1723 2033.072
1723 640.692
1723 536.15
1724 1084.28
1724 1412.416
1724 1043.904
1724 417.37
1724 677.982
1724 956.928
1724 830.25
1724 1810.388
1724 1631.444
1724 555.052
1724 1590.638
1724 1447.848
1724 830.142
1724 2186.574
1724 779.726
1724 1160.65
1725 1848.422
1725 803.902
1725 678.53
1725 617.934
1725 701.834
1725 616.138
1725 317.492
1725 463.604
1725 421.264
1725 775.652
1725 676.28
1725 2157.14
1725 775.632
1726 1595.024
1726 919.296
1726 1431.766
1726 637.66
1726 1349.466
1726 821.742
1726 466.826
1726 759.87
1726 1825.896
1726 1212.154
1726 1075.6
1726 753.494
1727 1555.004
1727 1157.376
1727 779.348
1727 1781.844
1727 977.254
1727 615.684
1727 1874.6
1727 465.654
1727 580.556
1727 920.886
1727 928.274
1727 514.426
1727 930.544
1728 1602.85
1728 675.58
1728 1057.536
1728 1462.376
1728 1866.518
1728 779.058
1729 736.76
1729 3184.338
1729 1810.368
1729 1708.094
1729 1859.954
1729 1607.744
1729 1229.126
1729 292.506
1729 1270.45
1730 973.92
1730 1325.324
1730 1003.694
1730 656.698
1730 947.286
1730 370.588
1730 907.04
1730 639.462
1730 434.564
1730 1174.996
1730 2782.066
1730 600.574
1731 720.7
1731 309.51
1731 2418.792
1731 1255.794
1731 619.55
1731 1689.1
1731 1171.468
1731 2142.996
1732 1227.028
1732 839.402
1732 779.766
1732 1165.328
1733 385.394
1733 434.414
1733 575.576
1733 983.072
1733 1318.116
1733 547.332
1733 489.464
1733 1295.54
1733 774.662
1733 585.884
1733 879.766
1733 1410.572
1734 364.404
1734 769.778
1734 388.732
1734 1040.928
1734 618.828
1734 702.44
1734 1264.91
1734 1862.128
1734 480.354
1734 1006.016
1735 1038.608
1735 2081.126
1735 616.204
1735 545.994
1735 1154.64
1735 425.546
1736 798.01
1736 941.92
1736 910.534
1736 670.862
1736 808.818
1736 823.788
1736 1281.128
1736 1521.59
1737 612.02
1737 435.218
1737 1309.876
1737 752.508
1737 719.19
1737 1400.956
1737 677.67
1737 1612.736
1737 1050.538
1737 1543.5
1738 912.176
1738 1005.732
1738 314.82
1738 392.044
1738 625.272
1738 729.884
1738 521.25
1738 1883.602
1738 2009.542
1738 819.556
1738 575.718
1739 850.666
1739 552.946
1739 381.694
1739 1085.738
1739 466.518
1739 975.074
1739 1979.886
1739 999.102
1739 593.994
1739 535.496
1739 2300.434
1739 1647.762
1740 346.898
1740 3129.84
1740 1070.222
1740 763.778
1740 1720.782
1740 2115.324
1740 2990.514
1740 1373.8
1740 1294.946
1740 875.72
1741 1931.462
1741 432.908
1741 2824.832
1741 337.776
1741 418.684
1741 1376.286
1741 1241.394
1742 789.674
1742 971.042
1742 2072.608
1742 965.974
1742 520.532
1742 506.852
1743 1161.634
1743 594.666
1743 324.748
1743 1466.938
1743 704.266
1743 1570.87
1743 1052.256
1743 1522.7
1743 762.042
1743 404.498
1743 603.924
1743 483.156
1744 769.224
1744 1009.23
1744 1745.922
1744 501.78
1744 1029.51
1744 863.236
1744 1327.078
1745 1957.06
1745 380.62
1745 1563.462
1745 940.296
1745 457.792
1745 859.204
1745 1073.874
1745 1241.008
1745 2535.3
1745 1009.14
1745 735.868
1746 413.18
1746 777.14
1746 641.508
1746 463.34
1746 1095.598
1747 573.366
1747 957.9
1747 732.116
1747 1001.7
1747 1387.682
1747 581.814
1747 688.038
1747 2058.822
1747 2223.278
1747 2522.212
1747 1501.746
1747 964.392
1747 1167.556
1748 1213.042
1748 495.184
1748 1255.012
1748 1814.666
1748 774.65
1748 966.468
1748 1370.068
1749 1128.33
1749 904.452
1749 551.292
1749 2546.87
1749 1765.616
1749 1598.746
1749 519.668
1750 1139.118
1750 408.798
1750 746.394
1750 892.55
1750 2010.656
1750 915.726
1750 1352.328
1750 662.85
1750 777.47
1750 714.712
1750 1987.958
1750 685.85
1750 1379.65
1751 1866.066
1751 1017.34
1751 851.502
1751 717.742
1751 1562.638
1751 1839.908
1751 1050.692
1751 591.432
1751 1374.698
1751 474.358
1752 1016.066
1752 962.314
1752 460.208
1752 2076.662
1752 1427.53
1752 602.762
1752 1099.542
1752 972.104
1752 835.946
1752 645.564
1752 1546.926
1752 550.956
1752 2762.906
1752 1048.512
1752 1221.572
1753 2077.268
1753 658.57
1753 855.282
1753 917.954
1753 1070.89
1753 878.794
1753 266.456
1753 998.222
1753 1070.91
1753 1135.59
1753 1053.488
1753 453.834
1753 613.326
1753 2934.572
1754 568.322
1754 874.458
1754 1399.178
1754 583.898
1754 1298.18
1754 2294.194
1754 397.338
1754 650.816
1754 267.758
1755 466.428
1755 1698.054
1755 1474.646
1755 771.166
1755 1075.192
1755 862.314
1755 570.16
1756 461.156
1756 1030.408
1756 1778.114
1756 2237.166
1756 914.412
1756 391.858
1756 652.302
1756 563.854
1756 2082.86
1756 873.666
1756 258.7
1756 1119.224
1756 1012.78
1756 1450.322
1757 967.106
1757 633.552
1757 3358.464
1757 1142.668
1757 288.336
1757 1918.942
1757 1040.43
1757 1020.73
1757 1005.436
1758 1024.334
1758 1193.536
1758 2533.13
1758 929.062
1758 333.562
1758 691.242
1758 343.166
1758 1888.508
1759 899.534
1759 2511.114
1759 1080.18
1759 807.554
1759 1211.4
1759 2910.224
1759 1115.862
1759 1899.312
1759 1268.34
1759 2502.626
1759 3937.072
1759 1037.386
1759 613.886
1760 1736.326
1760 926.394
1760 869.466
1760 573.498
1760 399.288
1760 3300.482
1760 2389.3
1760 1962.248
1760 1963.952
1760 2847.116
1761 985.56
1761 463.152
1761 993.32
1761 1032.298
1761 755.466
1761 399.986
1761 1120.09
1761 1422.334
1761 313.014
1761 1291.636
1762 1720.308
1762 2338.602
1762 842.812
1762 393.744
1762 723.83
1762 329.868
1762 492.066
1762 1602.002
1763 618.492
1763 373.452
1763 1474.34
1763 1776.022
1763 1107.364
1763 1115.24
1763 830.604
1763 3083.714
1763 1071.174
1764 813.836
1764 2220.744
1764 549.676
1764 898.13
1764 1122.844
1764 1122.872
1764 893.726
1764 890.584
1764 863.936
1764 1106.754
1764 1057.532
1764 618.544
1764 2187.932
1764 646.418
1764 438.208
1765 522.57
1765 453.068
1765 2624.246
1765 1080.574
1765 2567.834
1765 1708.564
1765 1798.384
1765 527.906
1765 397.964
1765 657.824
1765 783.596
1765 956.012
1765 638.318
1765 734.446
1766 898.408
1766 710.412
1766 931.544
1766 395.54
1766 1201.328
1766 751.012
1766 1368.52
1766 917.016
1767 933.108
1767 955.798
1767 1170.816
1767 664.944
1767 1306.882
1767 516.536
1767 1225.588
1767 840.324
1767 621.478
1768 1231.228
1768 378.254
1769 1387.336
1769 1045.714
1769 1604.056
1769 2804.448
1769 600.472
1769 957.37
1769 418.294
1770 2510.758
1770 988.66
1770 607.204
1770 1968.548
1770 650.836
1770 1843.038
1770 412.592
1770 1006.002
1770 1037.366
1770 790.084
1770 1237.67
1771 816.82
1771 2656.826
1771 2714.306
1771 920.48
1771 633.166
1771 1019.978
1771 1515.362
1771 1099.084
1771 531.848
1772 700.96
1772 822.25
1772 1286.874
1772 461.886
1773 1747.248
1773 2257.294
1773 759.392
1773 2432.052
1773 426.976
1773 705.994
1773 1198.226
1773 1776.46
1773 1319.954
1773 1056.306
1773 1965.674
1773 1083.438
1773 368.382
1773 364.234
1774 1172.21
1774 1379.72
1774 613.58
1774 488.598
1774 579.812
1775 1342.038
1775 1007.422
1775 312.156
1775 1470.638
1775 806.576
1776 640.616
1776 708.604
1776 1681.052
1776 870.364
1776 1009.106
1776 593.642
1776 871.41
1776 1331.412
1777 2342.536
1777 1932.95
1777 334.948
1777 342.862
1777 1105.468
1777 1092.872
1777 1115.42
1777 374.422
1777 559.352
1778 279.032
1778 432.348
1778 618.734
1778 2286.426
1778 262.862
1778 1673.078
1778 282.76
1778 931.268
1779 1756.29
1779 687.256
1779 1721.716
1779 1198.37
1779 585.858
1779 1028.87
1779 891.392
1779 499.408
1779 874.214
1779 590.49
1779 407.256
1780 612.464
1780 846.25
1780 1582.746
1780 3763.498
1780 1393.954
1780 2125.082
1780 1028.616
1780 1525.488
1780 407.236
1780 545.122
1780 476.95
1780 787.97
1780 2223.328
1780 722.194
1780 698.276
1780 1262.016
1780 583.93
1781 1567.816
1781 1051.756
1781 983.658
1781 2168.102
1781 2664.122
1781 1024.3
1781 2667.24
1781 728.28
1781 575.128
1781 698.446
1781 2723.118
1781 446.702
1781 824.694
1781 1257.116
1781 1830.078
1782 2397.134
1782 377.9
1782 1294.918
1782 740.806
1782 790.518
1782 1222.66
1782 1795.302
1782 775.634
1782 764.046
1782 1042.202
1783 589.318
1783 1107.824
1783 907.288
1783 958.11
1783 406.002
1783 549.386
1783 1070.018
1783 1014.958
1783 1561.514
1783 4363.982
1783 614.912
1783 1521.422
1783 481.066
1783 1663.696
1783 1043.152
1783 338.286
1783 299.568
1783 674.876
1784 664.884
1784 633.656
1784 1173.316
1784 634.18
1784 1773.58
1784 329.506
1784 881.1
1784 1131.166
1784 820.902
1784 1963.302
1784 1825.524
1784 1385.436
1784 2284.378
1785 1901.222
1785 2223.84
1785 771.222
1785 1098.098
1785 2618.178
1785 3067.244
1785 925.028
1785 929.6
1785 1163.816
1786 1188.026
1786 1062.948
1786 776.09
1786 651.772
1786 1351.834
1786 706.482
1786 973.516
1786 2348.782
1787 337.618
1787 486.468
1787 930.12
1787 1523.168
1787 1663.816
1787 602.966
1787 1928.26
1787 583.098
1787 1826.66
1787 281.546
1787 522.724
1787 2340.442
1788 2074.686
1788 370.836
1788 1006.178
1788 848.626
1788 902.516
1788 521.286
1788 1546.758
1788 1067.936
1788 829.644
1789 319.924
1789 4325.096
1789 1114.11
1789 1093.79
1789 496.392
1789 1930.758
1789 2054.94
1789 992.146
1790 552.878
1790 2228.368
1790 2787.23
1790 431.608
1790 411.382
1791 613.576
1791 1481.926
1791 788.712
1791 2769.596
1791 1312.574
1791 1733.206
1792 782.832
1792 413.42
1792 1773.356
1792 2557.06
1792 525.068
1792 1025.724
1792 1328.186
1792 593.036
1792 966.114
1792 1458.814
1792 984.87
1792 551.422
1792 437.516
1793 821.594
1793 1314.282
1793 1319.118
1793 1122.14
1793 662.958
1793 452.07
1793 1989.198
1794 203.036
1794 1173.37
1794 638.002
1794 416.394
1794 562.214
1794 2097.554
1794 402.118
1794 205.16
1794 851.778
1795 1063.384
1795 1332.254
1795 774.664
1795 420.182
1795 364.356
1795 490.992
1795 971.36
1795 1068.052
1795 1197.108
1795 1044.034
1795 1075.612
1795 814.886
1796 812.546
1796 2728.336
1796 820.142
1796 2106.64
1796 679.966
1796 1418.018
1796 527.778
1796 589.124
1796 1235.62
1797 872.688
1797 678.852
1797 1869.646
1797 1737.77
1797 551.284
1797 1862.244
1797 639.558
1797 1709.482
1798 1265.338
1798 804.38
1798 502.77
1798 3099.704
1798 1757.982
1798 436.722
1798 964.2
1798 1012.32
1798 1440.424
1798 1166.468
1799 892.006
1799 665.624
1799 2002.016
1799 1028.378
1799 3560.456
1799 1317.902
1799 1250.356
1799 878.768
1799 1184.284
1799 997.244
1799 623.008
1799 480.006
1799 520.044
1799 1109.716
1799 1404.034
1800 589.08
1800 1579.832
1800 868.374
1800 889.15
1800 1211.628
1800 1026.396
1800 1384.936
1800 989.638
1800 441.684
1800 619.082
1800 1494.758
1801 1448.844
1801 1786.816
1801 2892.006
1801 1131.944
1801 414.172
1801 660.834
1801 1228.57
1801 1235.768
1802 1098.534
1802 480.366
1802 1353.884
1802 1026.826
1802 928.456
1802 1115.152
1802 214.266
1802 2944.896
1802 486.748
1802 1043.69
1802 348.236
1803 1798.486
1803 745.74
1803 544.94
1803 619.02
1803 4464.044
1803 462.778
1803 807.108
1803 1275.984
1803 533.96
1803 442.03
1803 721.068
1803 562.43
1804 405.174
1804 852.978
1804 1728.112
1804 541.478
1804 906.324
1804 509.86
1804 279.696
1804 868.974
1804 1431.244
1804 315.346
1804 777.884
1804 2564.44
1804 1472.292
1805 363.4
1805 1233.962
1805 724.434
1805 372.612
1805 888.02
1805 239.136
1805 1167.36
1805 1008.374
1805 1450.71
1805 404.324
1805 688.11
1806 315.592
1806 4272.332
1806 4813.976
1806 953.51
1806 620.208
1806 1073.584
1806 326.13
1807 1862.292
1807 779.22
1807 485.74
1807 1756.554
1807 845.504
1807 1209.282
1807 519.104
1807 2775.628
1807 621.926
1807 786.22
1807 784
1807 2329.784
1807 505.162
1807 1579.3
1808 1217.984
1808 1640.856
1808 439.24
1808 902.864
1808 2008.934
1808 750.958
1808 1113.028
1808 1021.398
1808 1247.506
1808 816.25
1808 452.486
1809 559.818
1809 487.066
1809 684.05
1809 896.822
1809 2292.606
1809 694.026
1809 599.614
1809 1126.864
1809 1178.674
1809 305.13
1810 636.678
1810 556.292
1810 2063.374
1810 325.958
1810 1718.308
1810 955.538
1810 319.892
1810 990.588
1810 711.752
1810 1575.57
1810 527.584
1810 370.68
1810 1357.536
1811 1511.316
1811 2783.574
1811 595.146
1811 2712.222
1811 571.56
1811 419.152
1811 648.962
1811 1100.72
1812 3516.142
1812 1351.604
1812 1335.484
1812 1267.328
1812 1526.686
1812 952.902
1812 637.492
1812 538.58
1812 1593.676
1812 379.882
1813 1620.564
1813 1767.518
1813 373.534
1813 673.666
1813 992.138
1813 1194.614
1813 1473.772
1813 388.5
1813 459.626
1813 1210.754
1813 490.912
1813 1037.81
1813 1107.606
1813 1090.464
1813 493.588
1813 1097.756
1814 3365.602
1814 1950.128
1814 1508.514
1814 495.652
1814 2187.974
1814 1355.376
1814 2479.344
1815 586.83
1815 679.504
1815 420.156
1815 766.328
1815 1449.57
1815 1314.966
1815 1034.2
1815 1244.76
1815 1458.056
1815 667.106
1815 834.34
1815 2385.324
1815 661.28
1815 1149.812
1816 273.224
1816 1157.232
1816 847.66
1816 702.966
1816 455.128
1816 659.192
1816 1480.654
1816 938.872
1816 1384.888
1816 577.738
1816 811.236
1816 618.316
1816 568.392
1816 741.038
1816 577.588
1816 643.186
1816 1429.06
1817 486.894
1817 2689.146
1817 1221.838
1817 783.42
1817 502.314
1817 970.978
1817 581.198
1817 527.23
1817 493.944
1817 609.544
1818 990.158
1818 1337.146
1818 1627.854
1818 946.118
1818 1260.444
1818 605.136
1818 450.726
1818 377.176
1818 833.648
1818 313.596
1819 1803.04
1819 742.23
1819 1031.272
1819 2703.416
1819 1879.726
1819 396.946
1819 1141.216
1819 531.206
1820 286.624
1820 807.7
1820 846.354
1820 2149.432
1820 567.186
1820 783.092
1820 1148.564
1820 1457.156
1821 669.612
1821 976.452
1821 274.926
1821 1659.316
1821 1066.644
1821 470.188
1821 718.592
1821 1456.274
1821 2096.97
1821 931.546
1821 1229.372
1822 1034.264
1822 801.084
1822 695.236
1822 1466.212
1822 1088.304
1822 1238.616
1822 1482.864
1822 1105.186
1822 973.036
1823 2127.99
1823 418.472
1823 632.288
1823 2308.544
1823 1036.288
1823 2797.056
1823 860.8
1823 257.738
1823 248.632
1823 1305.308
1823 600.982
1823 1150.326
1823 671.886
1823 4468.026
1824 820.744
1824 1351.722
1824 1090.682
1824 572.046
1824 1097.816
1824 678.064
1824 825.174
1824 1672.066
1824 524.56
1824 353.128
1824 925.126
1824 1577.532
1824 504.058
1824 725.408
1825 1336.834
1825 482.936
1825 1113.162
1825 1382.734
1825 731.162
1825 675.11
1825 699.522
1825 558.374
1825 1203.882
1825 291.114
1825 2042.388
1825 819.79
1825 1168.472
1826 596.348
1826 749.402
1826 634.156
1826 632.336
1826 732.832
1826 389.694
1826 1055.522
1826 938.006
1826 2259.96
1826 881.634
1826 721.55
1826 1183.72
1826 1727.576
1827 1868.526
1827 728.828
1827 197.976
1827 407.004
1827 604.184
1827 480.736
1827 1123.218
1827 1535.454
1828 540.52
1828 791.634
1828 349.244
1828 641.91
1828 1254.34
1828 810.96
1828 1530.566
1828 939.752
1828 394.012
1828 693.64
1828 1287.482
1828 765.608
1828 1877.854
1829 1331.122
1829 711.61
1829 877.726
1829 391.08
1829 1082.266
1829 756.338
1829 1160.682
1829 1131.846
1829 696.156
1829 862.874
1829 503.486
1829 1043.722
1829 907.272
1829 2425.546
1830 563.586
1830 515.56
1830 722.326
1830 2103.58
1830 1020.034
1830 1612.16
1830 1449.112
1830 1181.742
1830 627.532
1830 1140.944
1830 440.944
1831 1279.494
1831 797.388
1831 581.256
1831 386.98
1831 1145.14
1831 178.328
1832 357.378
1832 325.216
1832 533.752
1832 392.522
1832 1699.458
1832 1466.998
1832 406.882
1832 524.074
1832 332.078
1832 487.922
1832 2435.772
1832 1482.802
1833 1548.062
1833 593.438
1833 2489.38
1833 1660.568
1833 890.448
1833 838.732
1833 700.126
1833 1071.964
1834 2323.892
1834 946.112
1834 1270.348
1834 456.922
1834 1271.618
1834 371.83
1834 510.012
1834 572.71
1834 4037.348
1835 1007.206
1835 807.24
1835 802.132
1835 2955.182
1835 649.534
1835 362.67
1835 634.716
1835 578.584
1835 260.064
1835 382.212
1835 728.824
1836 1190.2
1836 636.958
1836 558.93
1836 1624.55
1836 565.444
1836 559.926
1836 1747.212
1836 3633.124
1836 1261.888
1836 296.382
1837 861.506
1837 977.756
1837 729.914
1837 534.01
1837 1270.096
1837 1782.41
1837 2351.27
1837 1116.1
1837 666.838
1837 2135.602
1838 776.324
1838 576.626
1838 2960.644
1838 751.08
1838 993.588
1838 445.272
1838 250.474
1838 840.456
1838 1479.176
1838 535.144
1838 2230.95
1838 356.632
1838 1150.522
1838 2494.024
1838 778.256
1838 714.784
1839 1464.138
1839 626.898
1839 469.23
1839 1611.112
1839 406.184
1839 957.924
1839 1038.334
1840 575.326
1840 811.344
1840 803.394
1840 1414.67
1840 853.266
1840 290.62
1840 1654.108
1840 794.8
1840 940.684
1840 530.522
1841 457.274
1841 2427.672
1841 637.902
1842 1063.254
1842 495.42
1842 2233.114
1842 1266.582
1842 547.214
1842 686.498
1842 622.522
1842 1020.974
1842 1075.286
1842 1283.022
1842 1165.216
1842 708.94
1842 1148.126
1843 1052.062
1843 1513.092
1843 1181.702
1843 520.51
1843 636.198
1843 936.608
1843 1123.568
1843 2288.636
1843 3350.764
1843 888.65
1844 1035.838
1844 910.894
1844 1167.248
1844 796.72
1844 1753.83
1844 903.466
1844 947.082
1844 1057.524
1844 729.534
1844 955.5
1844 896.414
1845 1127.096
1845 575.062
1845 1593.096
1845 878.436
1845 527.26
1846 1353.556
1846 1913.382
1846 1793.326
1846 486.612
1846 1109.026
1846 2668.332
1846 986.058
1846 706.882
1846 649.916
1846 916.878
1847 1300.124
1847 1836.826
1847 1182.126
1847 1203.146
1847 2093.394
1847 689.212
1847 607.222
1848 734.062
1848 583.684
1848 491.532
1848 566.452
1848 348.286
1848 1686.308
1848 826.62
1848 258.248
1848 546.132
1848 1138.686
1848 577.882
1848 1964.246
1848 637.048
1848 413.45
1849 253.098
1849 1005.602
1849 475.156
1849 826.24
1849 805.202
1849 547.538
1850 550.56
1850 2183.066
1850 322.318
1850 1946.344
1850 983.26
1850 1026.188
1850 603.838
1851 3219.97
1851 375.348
1851 742.012
1851 3456.318
1851 1306.912
1851 497.754
1851 298.624
1851 1295.824
1852 530.508
1852 1840.382
1852 493.212
1852 741.314
1852 697.708
1852 1344.666
1852 1980.06
1852 2773.492
1852 1482.286
1852 1676.276
1852 725.838
1852 962.266
1853 1464.688
1853 1447.104
1853 1004.292
1853 2629.694
1853 1631.658
1854 563.484
1854 870.118
1854 2757.046
1854 563.782
1854 1504.342
1854 2057.448
1854 912.584
1854 1923.428
1854 1175.88
1855 1034.116
1855 673.016
1855 874.796
1855 481.382
1855 1009.9
1855 858.158
1855 2353.134
1855 1134.746
1856 2116.918
1856 919.68
1856 1090.478
1856 540.878
1856 581.838
1856 510.496
1856 3123.52
1856 863.622
1856 2673.35
1857 729.926
1857 2319.036
1857 583.566
1857 1185.246
1857 578.73
1857 1324.954
1857 1151.468
1857 1378.188
1857 547.998
1857 568.008
1857 726.462
1857 1467.802
1857 714.998
1857 574.744
1857 541.032
1858 976.084
1858 552.084
1858 1961.652
1858 1085.442
1858 1335.454
1858 1017.152
1858 1579.434
1858 1126.456
1858 474.392
1858 422.452
1858 561.418
1859 827.25
1859 742.398
1859 1013.618
1859 1324.666
1859 905.17
1859 3160.738
1859 1271
1859 599.606
1859 616.488
1859 257.49
1859 263.626
1859 1669.548
1859 926.08
1859 876.44
1860 310.092
1860 2943.214
1860 483.916
1860 1268.462
1860 2076.536
1860 693.62
1860 807.532
1860 1938.262
1860 836.662
1861 1584.95
1861 1072.254
1861 1412.418
1861 830.054
1861 261.162
1861 557.858
1861 1022.684
1861 729.554
1861 1570.136
1861 450.8
1862 2192.982
1862 893.962
1862 815.868
1862 1333.49
1862 595.518
1862 425.25
1862 906.4
1862 1229.21
1862 1635.254
1862 555.986
1863 2023.338
1863 601.786
1863 453.508
1863 1369.534
1863 620.416
1863 714.392
1863 1229.556
1863 865.67
1863 1172.898
1863 1436.094
1863 1174.698
1863 818.244
1864 1727.532
1864 3422.244
1864 475.918
1864 2473.248
1864 850.91
1864 1895.406
1864 544.674
1864 1539.284
1864 1855.418
1864 347.124
1865 740.79
1865 1253.868
1865 964.882
1865 291.552
1865 3013.476
1865 1936.694
1866 523.68
1866 1347.916
1866 533.29
1866 670.418
1866 945.664
1866 922.958
1866 381.672
1866 504.758
1866 519.488
1866 467.846
1867 881.312
1867 1085.362
1867 558.932
1867 399.776
1867 749.312
1867 935.99
1867 1973.624
1868 913.128
1868 933.936
1868 1819.188
1868 497.144
1868 418.972
1868 3807.704
1868 2082.774
1868 174.168
1868 1614.262
1868 2865.682
1869 886.234
1869 1540.912
1869 444.974
1869 551.766
1869 1969.376
1869 2636.526
1869 1297.016
1869 562.486
1869 1007.588
1869 596.652
1869 2115.444
1869 1155.48
1870 754.158
1870 1217.07
1870 363.532
1870 1539.418
1870 261.768
1870 650.632
1870 1535.126
1870 837.17
1870 837.448
1870 866.656
1870 621.944
1870 669.368
1870 2183.476
1871 966.526
1871 258.446
1871 385.934
1871 431.672
1871 761.646
1871 426.822
1871 538.982
1871 1408.738
1872 1811.514
1872 472.676
1872 1478.466
1872 2235.286
1872 422.506
1872 607.492
1872 3364.576
1872 1497.01
1872 884.642
1872 1417.73
1873 669.686
1873 306.39
1873 599.632
1873 877.612
1873 1023.66
1873 1200.136
1873 790.464
1873 1018.166
1873 1115.066
1874 1025.71
1874 2010.88
1874 2108.262
1874 919.542
1874 1145.292
1874 327.75
1875 2257.054
1875 949.97
1875 499.754
1875 781.312
1875 631.232
1875 388.386
1875 1077.168
1875 1537.786
1875 317.292
1875 1248.948
1875 613.916
1875 2552.282
1876 467.492
1876 468.578
1876 2486.382
1876 995.322
1876 3364.102
1876 542.478
1876 3035.838
1876 525.92
1876 991.168
1877 276.71
1877 1461.598
1877 467.946
1877 1606.626
1877 635.906
1877 377.26
1878 1202.108
1878 617.504
1878 867.222
1878 376.84
1878 1457.914
1878 861.664
1878 1202.178
1878 1816.356
1878 1173.55
1878 2908.534
1878 978.292
1878 576.95
1878 1034.934
1879 608.858
1879 799.958
1879 1657.302
1879 949.89
1879 1495.124
1879 710.456
1879 399.216
1879 1038.77
1879 1396.952
1879 1337.928
1879 755.126
1879 315.35
1879 642.4
1880 963.786
1880 1560.032
1880 1122.474
1880 428.438
1880 2094.394
1880 447.056
1880 1152.438
1880 1126.976
1880 1983.312
1880 1731.894
1880 916.294
1880 814.6
1880 722.382
1881 1009.848
1881 1050.782
1881 1947.122
1881 1149.494
1881 1130.224
1881 963.254
1882 967.378
1882 926.442
1882 298.964
1882 1343.682
1882 904.822
1882 2332.344
1882 887.828
1883 1933.972
1883 774.032
1883 1605.746
1883 758.146
1883 1283.27
1883 652.868
1884 1373.748
1884 829.914
1884 2170.816
1884 808.558
1884 542.146
1884 439.184
1884 1312.942
1884 754.042
1884 788.334
1884 2145.282
1884 424.078
1884 867.2
1885 835.294
1885 1630.668
1885 1468.592
1885 427.204
1885 863.35
1885 476.342
1885 973.774
1885 917.21
1885 627.354
1885 718.982
1885 1623.672
1885 910.872
1885 611.642
1885 272.084
1886 337.074
1886 628.666
1886 1361.152
1886 2454.552
1886 1772.724
1886 1523.228
1886 790.48
1886 4540.452
1886 1846.546
1886 5484.87
1886 1374.882
1886 523.244
1886 866.576
1886 562.382
1887 1849.454
1887 1125.66
1887 1646.708
1887 1677.018
1887 542.408
1887 759.626
1887 2000.606
1888 652.61
1888 1592.7
1888 1700.802
1888 1941.416
1888 571.64
1888 1035.954
1888 446.848
1888 1194.248
1888 577.682
1889 2976.094
1889 1486.482
1889 1220.642
1889 1217.368
1889 354.938
1889 1545.402
1889 1501.684
1889 2626.256
1889 772.042
1889 3750.472
1889 4289.08
1889 1051.34
1890 1199.354
1890 925.164
1890 794.748
1890 321.07
1890 1673.718
1890 483.038
1890 1205.826
1890 684.904
1890 3373.1
1890 652.542
1890 745.074
1890 956.852
1890 420.046
1890 655.278
1890 523.434
1891 1627.406
1891 3844.7
1891 494.946
1891 1169.558
1891 1029.852
1891 521.578
1891 581.53
1891 515.614
1891 703.12
1891 1153.76
1892 2770.416
1892 526.42
1892 949.628
1892 1124.862
1892 978.76
1892 918.53
1892 2363.87
1893 775.944
1893 571.15
1893 1903.474
1893 812.28
1893 961.69
1893 601.756
1893 834.376
1893 1030.488
1893 783.462
1893 2458.036
1893 838.056
1894 600.124
1894 3033.672
1894 730.41
1894 1786.188
1894 354.1
1894 602.996
1895 848.464
1895 2551.038
1895 726.846
1895 1606.808
1895 879.118
1895 756.666
1895 550.402
1895 1709.754
1895 1116.02
1895 599.098
1895 305.3
1895 1314.718
1896 1202.36
1896 914.402
1896 279.318
1896 569.542
1896 1228.602
1896 1374.076
1896 464.968
1896 3648.422
1896 454.59
1896 1678.658
1897 668.628
1897 259.046
1897 694.512
1897 1133.582
1897 476.726
1897 2467.008
1897 1055.01
1897 483.17
1897 1715.566
1898 986.522
1898 1773.07
1898 1410.182
1898 1557.22
1898 498.374
1898 3187.264
1898 2050.834
1898 1432.158
1898 553.332
1898 966.73
1898 365.698
1898 1701.248
1898 828.532
1898 1063.168
1899 359.106
1899 355.18
1899 1249.91
1899 893.988
1899 604.044
1899 1284.232
1899 311.18
1899 1639.496
1899 1858.78
1899 1045.448
1899 1244.5
1899 1090.632
1899 640.186
1900 2611.708
1900 715.446
1900 1658.044
1900 443.322
1900 235.9
1900 1316.862
1900 604.54
1900 969.93
1900 410.75
1900 862.014
1900 1485.614
1900 960.462
1901 1412.444
1901 567.526
1901 1062.42
1901 1257.296
1901 1280.944
1901 2053.282
1901 774.402
1902 829.4
1902 623.16
1902 616.99
1902 2115.622
1902 562.354
1902 530.6
1902 2423.334
1903 2333.486
1903 864.352
1903 1397.818
1903 678.176
1903 3966.798
1903 3663.99
1903 2781.124
1903 511.872
1904 3070.02
1904 236.836
1904 535.026
1904 443.11
1904 1036.002
1904 570.948
1904 1300.448
1904 621.844
1904 855.656
1904 2112.328
1904 2559.58
1905 826.1
1905 500.884
1905 639.364
1905 4010.038
1905 1445.892
1905 631.276
1905 1992.752
1905 363.048
1905 835.548
1905 913.328
1905 1939.976
1905 870.896
1905 643.796
1905 924.76
1905 2088.1
1906 1987.73
1906 701.374
1906 1864.082
1906 891.234
1906 3003.602
1906 905.33
1906 1231.48
1906 294.466
1906 885.122
1906 1010.042
1906 4083.324
1907 1557.976
1907 1003.794
1907 1136.612
1907 535.45
1907 1370.31
1907 563.78
1907 1349.694
1907 2542.792
1907 2001.736
1907 411.732
1907 2424.26
1908 1041.62
1908 477.868
1908 849.86
1908 1382.322
1908 765.236
1908 723.794
1908 901.478
1908 4095.658
1908 1433.11
1908 809.874
1908 610.43
1909 396.298
1909 623.108
1909 4024.742
1909 557.898
1909 668.75
1909 888.706
1909 566.946
1909 547.852
1909 596.782
1909 1635.022
1910 894.948
1910 1206.39
1910 178.302
1910 2542.532
1910 368.97
1910 470.974
1910 1103.5
1910 1440.322
1911 1079.868
1911 395.894
1911 1721.278
1911 448.612
1911 2149.826
1911 1031.694
1911 313.3
1911 3676.138
1911 603.092
1911 619.81
1911 759.622
1911 835.198
1911 1001.222
1911 809.66
1911 3018.004
1912 1362.374
1912 366.672
1912 1071.582
1912 466.18
1912 2730.766
1912 1389.11
1912 3353.756
1913 1513.662
1913 1882.326
1913 967.93
1913 455.772
1913 637.486
1913 1648.762
1913 652.692
1913 657.576
1913 2466.93
1913 1567.06
1913 226.734
1913 437.556
1913 2278.07
1914 2127.934
1914 1117.982
1914 1222.69
1914 1431.158
1914 940.25
1914 3461.732
1914 864.92
1914 507.928
1914 1203.252
1914 728.202
1914 862.63
1914 394.936
1914 1284.284
1915 676.172
1915 363.622
1915 1338.502
1915 1235.186
1915 1714.776
1915 290.54
1915 605.376
1915 1133.97
1915 1852.384
1915 468.586
1915 780.456
1915 1091.004
1916 1353.484
1916 352.402
1916 303.048
1916 987.57
1916 483.014
1916 552.748
1916 385.834
1916 619.144
1916 487.416
1916 471.194
1916 3326.212
1916 1035.726
1916 1586.814
1916 295.994
1916 748.192
1917 1356.994
1917 1110.328
1917 826.744
1917 1357.672
1917 1642.98
1917 849.096
1917 1012.238
1917 662.132
1917 830.882
1917 1637.144
1918 1408.406
1918 1250.392
1918 1275.278
1918 2371.918
1918 686.034
1918 1169.474
1919 2059.416
1919 705.928
1919 1152.678
1919 437.614
1919 3166.402
1919 514.53
1919 3079.84
1919 807.084
1919 496.716
1920 849.206
1920 1120.444
1920 614.384
1920 1300
1920 556.578
1920 524.004
1920 816.684
1920 1910.618
1920 827.908
1921 920.124
1921 1730.846
1921 493.54
1921 827.35
1921 360.026
1921 703.772
1921 444.818
1921 2098.312
1922 1434.228
1922 1016.278
1922 691.53
1922 438.352
1922 1079.892
1922 3808.194
1922 1573.62
1922 589.286
1922 297.378
1922 275.918
1923 1405.036
1923 932.442
1923 1955.002
1923 756.278
1923 607.342
1923 574.188
1923 559.222
1923 1039.342
1923 1515.568
1923 2108.338
1923 1752.424
1923 1378.68
1923 888.306
1923 1844.964
1924 772.746
1924 1920.412
1924 790.702
1924 1895.522
1924 584.036
1924 260.2
1924 880.828
1924 1088.006
1924 2911.37
1925 1438.268
1925 605.426
1925 728.184
1925 1641.242
1925 1011.944
1925 3460.118
1925 490.176
1925 1041.136
1925 461
1925 1427.896
1925 1782.484
1925 415.236
1925 1303.258
1926 707.762
1926 2971.252
1926 974.56
1926 444.536
1926 1030.666
1927 721.688
1927 1908.128
1927 1639.018
1927 4893.05
1927 987.862
1927 1563.16
1927 882.358
1927 1062.828
1927 581.072
1927 1335.572
1927 232.778
1927 887.808
1927 1121.602
1927 2866.01
1928 679.354
1928 1392.442
1928 282.808
1928 2194.642
1928 170.714
1928 928.928
1928 659.112
1928 1819.596
1928 1826.794
1928 2235.376
1928 216.718
1928 514.37
1929 1050.024
1929 900.396
1929 464.814
1929 1072.91
1929 1215.054
1929 1636.3
1929 696.59
1929 3168.026
1930 1274.674
1930 810.366
1930 1350.914
1930 1163.55
1930 1099.01
1930 859.41
1930 912.76
1930 383.284
1931 626.092
1931 426.27
1931 780.094
1931 540.676
1931 1258.362
1931 1297.198
1931 686.3
1931 3044.816
1932 775.776
1932 626.168
1932 502.34
1932 807.264
1932 609.996
1932 2766.614
1932 780.62
1932 521.97
1932 408.18
1932 834.64
1932 851.176
1933 525.004
1933 865.702
1933 613.894
1933 562.954
1933 806.53
1933 598.952
1933 941.948
1933 2050.242
1933 3613.344
1934 2503.822
1934 893.166
1934 1552.93
1934 1717.824
1934 492.276
1934 1513.25
1934 1101.856
1934 576.222
1934 381.064
1934 1074.12
1934 759.692
1934 439.252
1934 653.02
1934 1103.918
1934 716.578
1934 821.466
1934 749.94
1935 1055.076
1935 233
1935 326.318
1935 982.696
1935 1501.504
1935 921.302
1935 829.134
1935 977.422
1935 1084.156
1935 1509.27
1936 3473.894
1936 726.296
1936 884.732
1936 434.73
1936 1625.384
1936 1118.072
1937 509.26
1937 698.144
1937 1344.99
1937 1681.234
1937 1312.214
1937 974.846
1937 2156.586
1937 1925.842
1937 2193.598
1937 2175.94
1937 2713.926
1937 1383.328
1938 336.286
1938 559.834
1938 641.616
1938 1021.328
1938 859.416
1938 2188.306
1938 2264.022
1938 377.082
1939 694.822
1939 452.418
1939 1969.77
1939 1157.488
1940 1715.276
1940 978.794
1940 1200.348
1940 1149.846
1940 658.232
1940 4211.21
1940 1033.26
1940 1048.182
1940 1226.442
1940 567.192
1940 929.964
1940 445.476
1940 1412.77
1941 543.722
1941 549.57
1941 2523.722
1941 2374.204
1941 1285.562
1941 911.538
1941 1500.36
1941 1003.15
1941 1743.096
1941 2004.106
1941 958.532
1941 1711.71
1941 717.36
1941 353.136
1942 2671.166
1942 680.99
1942 625.406
1942 1078.75
1942 3419.676
1942 971.682
1943 1607.626
1943 737.356
1943 482.592
1943 3753.876
1943 1449.036
1943 1188.668
1943 547.122
1943 891.362
1943 2668.196
1944 2035.244
1944 869.572
1944 769.236
1944 1740.15
1944 1887.678
1944 1595.878
1944 2455.832
1944 469.772
1944 487.624
1944 1086.828
1944 1409.42
1945 615.37
1945 796.896
1945 589.762
1945 2855.19
1945 1239.94
1945 771.122
1945 1741.3
1945 740.22
1945 1167.86
1945 346.616
1945 2066.504
1945 583.172
1945 1184.174
1945 729.274
1946 2798.498
1946 1318.454
1946 1120.2
1946 4119.92
1946 741.77
1946 674.452
1946 456.584
1946 1281.452
1946 965.944
1946 1680.04
1946 818.112
1946 1643.212
1946 665.854
1946 1069.91
1946 1670.816
1946 733.312
1946 525.098
1946 590.866
1946 398.042
1947 778.996
1947 956.73
1947 999.622
1947 926.8
1947 743.968
1947 527.402
1947 495.264
1947 1067.254
1947 1093.622
1947 1619.302
1947 698.918
1947 1900.034
1947 1428.312
1947 1751.906
1947 306.194
1948 1696.354
1948 938.438
1948 500.434
1948 1176.23
1948 1873.806
1948 2800.926
1948 1719.612
1948 751.49
1948 264.96
1948 1380.962
1948 462.156
1948 856.716
1948 468.652
1948 981.132
1948 1064.86
1949 424.448
1949 457.87
1949 982.33
1949 473.028
1949 2109.146
1949 2460.224
1949 1948.124
1949 916.93
1949 461.998
1949 1797.888
1949 581.226
1949 1039.882
1949 938.666
1949 3021.96
1950 552.236
1950 2368.978
1950 1650.772
1950 441.604
1950 575.042
1950 1278.988
1950 1905.63
1950 998.28
1950 2007.838
1950 551.232
1950 343.434
1951 814.428
1951 1199.508
1951 2069.772
1951 979.25
1951 268.802
1951 1308.69
1951 1208.304
1951 359.448
1952 967.224
1952 639.372
1952 477.922
1952 364.374
1952 2116.61
1952 1269.268
1952 342.652
1952 838.36
1952 811.962
1952 510.466
1952 617.884
1953 570.334
1953 763.312
1953 3332.554
1953 1136.58
1953 486.856
1953 1069.144
1953 2748.458
1954 2738.234
1954 890.248
1954 1278.686
1954 971.654
1954 1572.312
1954 1582.576
1954 1288.488
1954 1157.514
1954 1674.708
1954 1452.762
1954 1282.896
1954 1850.948
1955 931.284
1955 1401.256
1955 2016.486
1955 477.386
1955 1651.564
1955 1085.776
1955 747.274
1955 1732.394
1955 961.782
1955 517.634
1955 325.396
1955 1220.654
1956 919.426
1956 631.812
1956 373.254
1956 1864.26
1956 2948.88
1956 774.884
1956 886.672
1956 851.63
1956 696.594
1957 368.43
1957 855.908
1957 1177.268
1957 794.26
1957 928.754
1957 1350.824
1957 620.016
1958 442.774
1958 794.29
1958 525.652
1958 2052.344
1958 1039.168
1958 1816.25
1958 1706.104
1958 389.798
1958 922.004
1958 1033.464
1958 1333.288
1958 754.234
1959 717.526
1959 498.42
1959 2813.068
1959 1376.342
1959 1164.138
1959 1388.28
1959 1582.282
1959 770.758
1959 1379.344
1960 905.092
1960 792.144
1960 1450.13
1960 1895.756
1960 1338.008
1960 906.644
1960 539.096
1960 810.362
1960 1495.738
1961 968.622
1961 1241.782
1961 610.172
1961 961.088
1961 534.438
1961 306.156
1961 1447.054
1961 926.034
1961 1023.612
1961 1128.84
1961 1866.532
1961 843.32
1961 1725.222
1962 318.362
1962 3457.016
1962 501.098
1962 286.546
1962 1102.782
1962 1113.244
1962 1154.132
1962 2394.564
1962 1588.026
1962 921.318
1962 705.156
1962 870.918
1962 398.358
1962 460.544
1963 1171.952
1963 1407.428
1963 649.826
1963 1718.822
1963 1328.618
1963 834.638
1964 795.016
1964 719.616
1964 1500.456
1964 1352.276
1964 457.67
1964 295.012
1964 1610.56
1964 1144.356
1964 726.18
1964 1129.994
1964 722.836
1964 884.606
1964 530.284
1964 1407.718
1965 458.9
1965 308.204
1965 949.734
1965 1637.918
1965 284.72
1965 2107.308
1965 1315.564
1965 283.728
1965 469.074
1966 1191.558
1966 834.134
1966 226.806
1966 936.902
1966 1059.306
1966 729.902
1967 560.718
1967 1118.316
1967 843.496
1967 762.638
1967 2518.59
1967 287.63
1967 1826.87
1967 738.954
1967 644.344
1967 990.472
1967 977.564
1967 770.144
1967 799.794
1968 571.762
1968 1251.206
1968 506.808
1968 1309.496
1968 1613.688
1968 1444.402
1968 1237.206
1968 838.922
1968 382.05
1968 824.6
1968 787.49
1969 2258.014
1969 1097.82
1969 703.108
1969 811.09
1969 530.354
1969 2070.674
1969 223.146
1969 1278.72
1969 1599.57
1969 1039.428
1969 1040.626
1969 476.936
1970 470.374
1970 765.464
1970 575.232
1970 3539.524
1970 587.942
1970 1388.89
1970 1129.93
1970 1578.608
1970 890.246
1971 532.036
1971 661.732
1971 1126.246
1971 2483.536
1971 1096.568
1971 522.39
1971 685.018
1971 593.062
1972 923.094
1972 673.984
1972 660.012
1972 572.316
1972 1415.196
1972 1253.148
1972 1876.556
1972 428.59
1973 748.602
1973 643.444
1973 1320.142
1973 597.444
1973 1490.004
1973 684.244
1973 834.346
1973 3109.58
1973 1666.542
1973 1916.726
1973 1433.076
1974 2250.806
1974 1568.056
1974 3299.576
1974 985.188
1974 479.482
1974 448.21
1974 1355.584
1974 2490.266
1974 258.33
1974 261.666
1974 430.602
1974 1161.768
1975 1416.44
1975 367.198
1975 688.932
1975 423.014
1975 455.722
1975 760.712
1975 661.058
1975 1535.716
1975 2373.066
1975 449.194
1976 1044.838
1976 3271.58
1976 2123.992
1976 678.894
1976 778.058
1976 730.984
1977 635.312
1977 466.678
1977 838.004
1977 1208.954
1977 1178.232
1977 785.484
1977 831.094
1978 751.104
1978 452.802
1978 2995.102
1978 1495.95
1978 796.802
1978 325.868
1978 1224
1978 1442.088
1978 1241.76
1978 1509.536
1978 890.456
1978 527.898
1978 585.384
1978 483.496
1978 1281.832
1979 535.348
1979 655.34
1979 432.638
1979 3639.552
1979 829.226
1979 2429.162
1979 435.05
1979 3000.906
1979 1124.866
1979 1412.464
1979 575.326
1979 2319.26
1979 651.75
1979 849.714
1980 1806.81
1980 1800.132
1980 1254.288
1980 1360.946
1980 2463.796
1980 1903.562
1980 536.508
1980 1099.32
1980 493.064
1980 368.446
1980 684.52
1980 942.294
1981 266.816
1981 1212.368
1981 1952.768
1981 1105.828
1981 482.482
1981 897.44
1981 807.562
1981 360.172
1982 877.916
1982 692.426
1982 2575.59
1982 502.328
1982 1493.334
1982 1157.89
1983 298.094
1983 1765.306
1983 917.832
1983 1673.752
1983 382.284
1983 951.288
1983 274.916
1983 1237.87
1983 1046.82
1983 1515.704
1983 1156.954
1983 439.06
1983 1741.772
1984 2407.832
1984 2610.742
1984 1367.764
1984 2345.172
1984 1942.864
1984 527.656
1984 1657.714
1984 838.474
1984 862.876
1985 791.436
1985 1166.976
1985 440.16
1985 894.516
1985 938.322
1985 1391.54
1985 532.226
1985 382.46
1985 1600
1985 1258.76
1985 504.18
1986 687.618
1986 1396.694
1986 1323.878
1986 1106.904
1986 881.382
1986 1742.47
1986 436.024
1986 945.14
1987 268.282
1987 937.042
1987 1544.77
1987 1794.618
1987 665.418
1987 575.444
1987 367.942
1987 1511.496
1987 1293.502
1987 755.448
1987 636.044
1988 893.69
1988 843.182
1988 446.716
1988 1295.134
1988 2728.054
1988 1446
1988 975.984
1988 922.778
1988 829.472
1988 997.366
1988 878.396
1988 706.932
1989 478.614
1989 451.144
1989 364.686
1989 580.918
1989 606.442
1989 265.532
1989 1314.848
1989 1233.378
1989 2664.142
1989 2210.686
1989 1068.008
1990 1844.966
1990 444.09
1990 1251.014
1990 3476.894
1990 1786.722
1990 1375.656
1990 1239.752
1991 1636.36
1991 1960.646
1991 576.29
1991 626.952
1991 176.73
1991 1303.86
1991 1544.056
1991 1584.244
1991 663.24
1991 1674.022
1991 1891.868
1991 1312.046
1992 797.812
1992 1055.524
1992 749.316
1992 2369.25
1992 1082.13
1992 1857.88
1992 1194.044
1992 402.524
1993 693.53
1993 1115.708
1993 455.728
1993 333.536
1993 529.888
1993 1029.112
1993 945.414
1993 2933.734
1993 241.674
1993 1057.132
1994 2642.462
1994 333.304
1994 1091.454
1994 1746.682
1994 1108.636
1994 513.594
1994 638.078
1994 1576.25
1994 701.328
1994 2983.936
1994 1069.762
1995 1160.72
1995 526.014
1995 1925.182
1995 1324.104
1995 592.106
1995 958.882
1995 573.63
1995 694.978
1995 465.692
1995 470.206
1995 1157.014
1995 938.098
1996 461.608
1996 1105.552
1996 535.37
1996 517.698
1996 285.924
1996 1502.724
1997 969.978
1997 1526.356
1997 1271.138
1997 1055.262
1997 958.138
1997 1070.41
1997 373.346
1997 437.81
1997 601.482
1998 1237.666
1998 1208.284
1998 624.592
1998 2458.052
1998 658.022
1998 2154.204
1998 1791.49
1998 548.526
1999 532.646
1999 873.148
1999 783.696
1999 1397.53
1999 625.884
1999 616.642
1999 909.586
1999 1400.244
1999 1577.764
2000 1466.964
2000 948.878
2000 1481.014
2000 752.072
2000 818.33
2000 926.208
2000 824.156
2000 911.772
2001 1487.83
2001 321.438
2001 2291.022
2001 510.824
2001 1199
2001 329.34
2001 635.036
2001 536.056
2001 1089.382
2002 947.198
2002 1723.218
2002 547.406
2002 600.778
2002 980.46
2002 1528.298
2002 417.526
2002 1073.846
2002 778.788
2002 982.026
2002 771.172
2002 1162.476
2002 1399.668
2002 1100.232
2002 1038.906
2003 1375.822
2003 1016.264
2003 1455.328
2003 988.392
2003 1505.486
2003 822.672
2003 443.996
2003 4379.16
2003 2111.618
2003 1929.918
2003 943.242
2003 1236.542
2003 1174.556
2003 385.754
2003 516.506
2003 440.162
2004 1679.684
2004 1451.224
2004 1588.448
2004 317.026
2004 735.68
2004 1975.026
2004 1139.826
2004 2732.232
2004 737.756
2004 1459.808
2004 859.15
2004 838.884
2004 933.836
2004 1119.466
2004 1664.174
2004 570.454
2004 362.958
2005 2530.258
2005 468.272
2005 913.334
2005 2210.14
2005 364.412
2005 1074.372
2005 553.494
2005 528.242
2005 1080.402
2005 1038.988
2005 1860.496
2006 1997.922
2006 941.016
2006 3008.588
2006 1016.306
2007 1125.136
2007 498.208
2007 539.098
2007 973.458
2007 832.314
2007 786.784
2007 353.728
2007 1411.928
2007 1012.584
2007 1621.288
2007 250.596
2007 937.358
2008 1099.422
2008 530.852
2008 2107.228
2008 770.28
2008 1011.466
2008 467.19
2008 2371.928
2008 459.352
2008 392.898
2008 886.21
2009 714.278
2009 2325.206
2009 2189.41
2009 1267.714
2009 530.836
2009 1441.638
2009 1002.072
2009 3199.666
2009 3064.55
2009 794.416
2010 1945.502
2010 618.17
2010 2205.974
2011 985.94
2011 869.386
2011 1316.958
2011 1533.512
2011 2955.766
2011 538.672
2011 1044.456
2011 516.3
2011 1616.79
2011 335.084
2011 594.892
2012 773.43
2012 1224.878
2012 2019.796
2012 2733.96
2013 530.218
2013 785.722
2013 1117.34
2013 294.61
2013 480.828
2013 439.976
2013 464.476
2013 987.022
2013 2009.826
2013 1614.902
2013 1103.202
2013 460.71
2013 744.508
2013 763.49
2013 423.73
2013 3510.066
2014 370.352
2014 1999.486
2014 1411.444
2014 681.34
2014 251.736
2014 827.348
2014 597.446
2014 557.386
2015 2122.418
2015 1004.664
2015 1035.352
2015 358.16
2015 4005.468
2015 2686.198
2015 762.7
2015 709.336
2015 990.352
2015 759.046
2016 1667.174
2016 507.83
2016 1931.742
2016 1699.536
2016 1016.068
2016 865.614
2016 314.066
2016 426.76
2016 1100.478
2016 1433.516
2016 733.134
2016 1311.94
2016 1069.86
2016 775.382
2017 1097.062
2017 770.33
2017 616.7
2017 1060.782
2017 1138.788
2017 781.188
2017 491.522
2018 519.254
2018 1060.08
2018 1087.138
2018 419.858
2018 1154.292
2018 994.94
2018 750.876
2018 2638.764
2018 1431.92
2019 1922.878
2019 400.824
2019 1954.016
2019 991.65
2019 1760.166
2019 505.32
2019 1103.756
2019 705.678
2019 316.912
2019 1182.318
2020 1779.498
2020 594.856
2020 1096.584
2020 2296.466
2020 966.916
2020 824.048
2020 603.484
2020 563.148
2020 329.47
2020 1121.846
2020 1089.54
2020 645.224
2021 490.536
2021 629.416
2021 1428.354
2021 442.596
2021 971.14
2021 1491.516
2021 1541.548
2021 3964.826
2021 2191.314
2021 1356.334
2021 1387.922
2022 1103.76
2022 462.076
2022 508.832
2022 1399.41
2022 866.996
2022 910.122
2022 798.234
2022 524.58
2023 493.798
2023 1480.98
2023 837.096
2023 462.78
2023 1574.462
2024 988.538
2024 2383.664
2024 613.238
2024 413.446
2024 948.796
2024 568.394
2024 322.448
2024 371.712
2024 935.648
2024 357.862
2025 299.076
2025 1060.904
2025 480.43
2025 1129.076
2025 1256.032
2025 826.93
2025 389.932
2025 1150.796
2025 262.634
2025 1233.546
2025 727.458
2026 488.732
2026 376.276
2026 505.048
2026 1746.322
2026 486.314
2026 463.072
2026 1263.634
2026 695.594
2026 885.484
2026 505.592
2026 628.918
2026 212.572
2026 2898.304
2026 916.438
2026 1360.992
2027 843.158
2027 927.466
2027 285.932
2027 794.89
2027 806.7
2027 1729.97
2027 700.73
2027 584.25
2027 468.08
2027 704.844
2027 1256.336
2027 586.572
2027 552.954
2028 2344.656
2028 967.332
2028 892.1
2028 494.632
2028 510.792
2028 2088.486
2028 683.182
2028 1613.174
2028 874.65
2028 3085.554
2028 349.258
2028 469.144
2029 971.066
2029 933.786
2029 615.28
2029 763.916
2029 615.842
2030 465.012
2030 1302.722
2030 520.072
2030 4468.91
2030 609.026
2030 597.6
2030 1185.246
2030 1831.862
2031 575.906
2031 1859.17
2031 2826.69
2031 1556.184
2031 1378.588
2031 1523.4
2031 696.318
2031 2321.078
2031 455.526
2031 1601.074
2031 960.312
2032 2023.756
2032 671.556
2032 1274.94
2032 1048.702
2032 1166.028
2032 717.848
2032 2174.908
2032 1001.652
2032 512.742
2033 2856.892
2033 496.678
2033 1731.744
2033 1543.24
2033 1835.618
2033 598.296
2033 1434.976
2033 1593.994
2034 1064.21
2034 375.226
2034 713.662
2034 533.096
2034 668.242
2034 1116.14
2034 751.17
2034 931.202
2034 564.908
2034 1444.466
2034 3891.954
2035 1978.186
2035 3261.912
2035 1368.308
2035 1704.916
2035 1053.766
2035 1181.3
2035 2034.35
2035 614.224
2035 2175.222
2035 808.586
2035 1155.726
2035 242.218
2036 2135.298
2036 3284.432
2036 2959.508
2036 430.594
2036 2012.956
2036 725.086
2036 764.888
2036 1175.574
2036 1420.526
2036 871.302
2036 1194.166
2036 1064.098
2036 2440.98
2036 3205.86
2036 705.226
2037 760.012
2037 555.848
2038 538.67
2038 623.102
2038 2200.708
2038 1296.712
2038 743.452
2038 1032.028
2038 1183.07
2039 1417.814
2039 935.54
2039 1154.66
2039 254.78
2039 985.234
2039 1229.45
2039 1411.518
2039 701.458
2040 1884.652
2040 414.942
2040 2021.984
2040 465.322
2040 1122.466
2040 346.412
2040 726.86
2041 1030.818
2041 4116.39
2041 3256.604
2041 558.486
2041 455.98
2041 400.364
2041 2999.206
2041 1315.666
2041 896.226
2042 724.622
2042 1010.392
2042 2019.238
2042 488.034
2042 799.084
2042 826.07
2042 529.098
2042 2421.076
2042 350.07
2042 854.392
2042 742.364
2042 1750.528
2042 2602.554
2042 1566.106
2043 262.036
2043 509.05
2043 1072.798
2043 651.504
2043 1049.714
2043 327.974
2043 1073.56
2044 766.31
2044 950.504
2044 715.142
2044 329.054
2044 517.448
2044 385.868
2044 661.252
2044 1668.16
2044 396.034
2044 546.298
2044 673.874
2044 721.352
2044 2135.216
2044 322.436
2045 847.244
2045 301.678
2045 1897.436
2045 520.142
2045 725.512
2045 998.894
2045 1760.294
2045 1269.436
2045 636.116
2045 376.428
2045 2108.442
2046 1274.696
2046 902.182
2046 600.528
2046 755.244
2046 1996.622
2046 868.2
2046 1524.844
2046 1228.566
2047 1272.414
2047 4226.878
2047 684.018
2047 937.974
2047 931.774
2047 668.402
2047 702.148
2047 589.002
2047 632.774
2047 1388.21
2047 822.43
2047 1578.302
2047 1067.124
2047 903.938
2047 455.038
2048 2093.224
2048 1540.65
2048 984.588
2048 289.54
2048 2706.048
2048 1072.208
2048 4086.78
2049 966.606
2049 1443.488
2049 1879.312
2049 1220.174
2049 416.606
2049 534.69
2049 1612.974
2049 610.972
2050 535.156
2050 1173.872
2050 1831.342
2050 929.564
2050 2710.268
2050 945.426
2050 953.026
2050 980.098
2050 2719.982
2050 2167.76
2050 677.098
2050 1119.816
2050 1456.958
2050 1112.562
2050 2429.058
2050 525.406
2051 962.856
2051 291.726
2051 7613.026
2051 263.434
2051 828.14
2051 591.362
2051 1651.714
2051 1458.616
2051 1602.21
2051 718.194
2052 1782.992
2052 816.192
2052 852.46
2052 506.708
2052 393.358
2052 1799.016
2052 161.914
2052 685.728
2052 582.868
2053 506.642
2053 694.108
2053 353.156
2053 640.916
2053 2362.44
2053 353.88
2053 985.252
2054 1274.532
2054 1072.57
2054 1803.434
2054 1280.454
2054 2381.402
2054 668.27
2054 756.78
2054 2798.184
2054 767.816
2055 1618.686
2055 812.34
2055 1966.666
2055 1575.798
2055 1952.486
2055 1343.676
2055 1113.926
2055 1795.954
2055 1014.3
2055 1091.308
2055 1117.016
2055 780.592
2056 340.722
2056 448.132
2056 461.152
2056 708.738
2056 1874.908
2056 385.428
2056 630.756
2056 750.428
2056 1040.126
2056 1648.836
2056 995.664
2056 990.746
2057 823.878
2057 1899.52
2057 2931.834
2057 403.362
2057 952.638
2057 776.372
2058 522.932
2058 1802.052
2058 744.784
2058 1746.976
2058 661.474
2058 735.986
2059 1539.11
2059 605.878
2059 2384.182
2059 1888.72
2059 1227.896
2059 2983.576
2060 1246.308
2060 1220.282
2060 1046.94
2060 996.612
2060 1232.22
2060 1256.86
2060 576.416
2060 383.824
2060 1252.074
2060 371.256
2060 540.264
2061 1293.796
2061 1155.418
2061 1681.78
2061 1077.244
2061 492.182
2061 526.406
2061 388.544
2061 335.32
2061 517.822
2061 885.24
2062 727.998
2062 890.798
2062 1582.328
2062 848.538
2062 977.75
2062 1199.176
2062 622.544
2062 1287.528
2062 680.126
2063 651.686
2063 1447.908
2063 3058.124
2063 517.76
2063 413.46
2063 796.208
2063 798.386
2063 1250.356
2063 1451.582
2064 2052.094
2064 816.294
2064 257.078
2064 250.072
2064 1515.386
2064 667.944
2064 843.38
2064 1074.394
2064 1048.418
2064 2793.226
2064 493.138
2064 1277.416
2064 1055.89
2065 266.008
2065 1266.846
2065 585.678
2065 938.166
2065 765.958
2065 492.598
2065 605.148
2065 1350.662
2065 621.15
2065 1965.254
2066 1020.362
2066 1229.756
2066 614.772
2066 1428.626
2066 1145.194
2066 666.832
2066 1048.45
2066 1042.874
2066 1120.024
2066 534.404
2066 577.504
2066 500.074
2066 308.932
2067 1075.042
2067 714.046
2067 3190.81
2067 818.3
2067 2595.48
2067 817.684
2068 246.424
2068 875.142
2068 933.826
2068 1784.458
2068 432.144
2068 968.262
2068 712.94
2068 426.83
2068 570.118
2068 1118.728
2068 1514.744
2068 1612.202
2068 2094.832
2068 2040.066
2068 366.832
2068 335.308
2068 2308.296
2068 846.922
2069 365.11
2069 891.864
2069 1936.63
2069 1592.892
2069 1181.74
2069 575.52
2069 603.746
2069 1025.486
2069 3398.018
2070 1261.598
2070 794.358
2070 1082.1
2070 1874.226
2070 889.918
2070 1275.742
2070 408.92
2070 2002.25
2070 866.716
2070 473.974
2070 2565.778
2070 1302.648
2071 1247.566
2071 806.558
2071 862.126
2071 745.736
2071 882.892
2071 1172.184
2071 981.492
2071 572.15
2071 413.198
2071 1407.522
2072 850.468
2072 2416.756
2072 468.372
2072 1008.338
2072 771.58
2072 960.216
2072 594.586
2072 1382.9
2072 1120.282
2072 610.144
2073 2033.824
2073 973.026
2073 401.878
2073 980.95
2073 680.576
2073 335.316
2073 1410.318
2073 679.17
2073 2596.228
2074 574.424
2074 967.456
2074 442.214
2074 558.5
2074 639.828
2074 490.67
2075 664.532
2075 759.7
2075 924.47
2075 2231.3
2075 801.552
2075 1098.752
2075 2859.472
2075 1071.246
2075 965.368
2075 919.118
2075 1931.398
2075 930.382
2075 1574.744
2075 635.198
2076 568.388
2076 2628.188
2076 631.946
2076 560.612
2076 633.042
2076 830.998
2076 1200.09
2076 655.638
2077 368.212
2077 767.824
2077 777.29
2077 861.174
2077 819.866
2077 505.856
2077 519.102
2077 688.238
2077 1843.088
2077 835.87
2078 2731.552
2078 1348.742
2078 371.084
2078 427.572
2078 510.036
2078 779.526
2078 1177.022
2079 555.742
2079 1454.25
2079 698.696
2079 341.664
2079 1511.9
2079 1001.018
2079 915.33
2079 1536.608
2079 443.572
2079 1024.432
2079 492.21
2080 2319.584
2080 624.48
2080 484.168
2080 925.718
2080 812.524
2081 964.698
2081 1066.806
2081 1380.552
2081 2220.264
2081 1854.646
2081 1170.216
2081 575.638
2082 1471.224
2082 892.612
2082 891.582
2082 1426.166
2082 795.59
2082 643.048
2082 963.876
2082 604.272
2082 1159.764
2082 1314.03
2082 1308.44
2082 971.692
2083 344.91
2083 862.52
2083 964.208
2083 2150.58
2083 1656.308
2083 612.36
2083 690.946
2083 1073.53
2084 1141.61
2084 816.09
2084 805.798
2084 791.486
2084 1057.746
2084 948.402
2084 376.208
2084 522.186
2084 580.124
2084 1234.544
2084 1313.204
2084 384.18
2084 1158.46
2085 1680.112
2085 393.188
2085 1412.63
2085 741.648
2085 665.886
2086 1765.29
2086 714.382
2086 892.064
2086 1737.624
2086 872.592
2087 815.66
2087 825.37
2087 949.552
2087 3906.036
2087 1274.096
2087 2626.858
2087 3870.016
2087 1614.944
2088 1273.966
2088 530.232
2088 1733.406
2088 2587.472
2088 1145.23
2088 924.23
2089 424.318
2089 1376.434
2089 2000.436
2089 1592.78
2089 504.314
2089 1447.204
2089 1798.298
2089 1666.45
2089 1823.052
2089 968.878
2089 293.422
2089 853.466
2089 681.478
2090 1064.328
2090 1407.14
2090 568.03
2090 2029.258
2090 1150.572
2090 467.426
2090 489.122
2090 1093.582
2090 984.5
2090 289.874
2091 3253.43
2091 2564.3
2091 615.772
2091 399.19
2091 247.35
2091 2245.652
2091 422.814
2091 1017.664
2091 707.632
2092 2727.012
2092 775.974
2092 785.174
2092 607.464
2092 990.352
2092 1205.722
2092 482.868
2092 2292.752
2092 770.544
2093 988.88
2093 992.154
2093 1107.95
2093 352.69
2093 1519.978
2093 1334.62
2093 279.632
2093 711.364
2094 1015.444
2094 1574.016
2094 1013.322
2094 996.314
2094 775.834
2094 715.414
2094 1423.696
2094 727.128
2094 537.794
2094 703.116
2094 1085.22
2094 418.234
2094 1271.008
2094 1649.616
2094 530.128
2094 720.784
2094 375.712
2094 1300
2095 1171.07
2095 930.598
2095 970.864
2095 955.784
2095 640.502
2095 787.856
2095 506.312
2095 1400.914
2095 930.882
2096 450.31
2096 1481.684
2096 357.664
2096 767.216
2096 1241.53
2096 727.628
2096 1747.368
2096 794.832
2096 530.738
2097 1716.02
2097 417.508
2097 414.448
2097 684.046
2097 1045.83
2097 556.672
2097 601.636
2097 1003.414
2097 1733.748
2097 883.434
2097 434.448
2098 429.614
2098 1343.748
2098 1507.592
2098 1536.15
2098 639.228
2098 761.262
2098 1227.612
2098 1049.282
2098 1183.888
2099 1623.726
2099 1202.832
2099 1078.752
2099 553.32
2099 848.84
2099 797.92
2099 621.502
2099 657.196
2099 1386.848
2100 820.03
2100 1311.09
2100 2108.482
2100 2817.518
2100 839.678
2100 739.712
2100 875.54
2101 354.912
2101 463.676
2101 651.438
2101 672.116
2101 1295.89
2101 2231.806
2101 1246.686
2101 1165.65
2102 352.102
2102 1605.71
2102 322.594
2102 2394.306
2102 887.704
2103 1479.01
2103 6170.47
2103 828.922
2103 1447.908
2103 1431.782
2103 1375.226
2103 1356.28
2103 261.576
2103 1584.144
2103 347.47
2103 570.57
2103 621.71
2103 851.008
2103 649.092
2103 3419.508
2103 619.108
2104 1245.134
2104 2588.722
2104 1295.052
2104 932.394
2104 1127.622
2104 3806.754
2104 589.762
2104 1095.846
2104 1157.31
2105 1356.268
2105 2251.848
2105 609.472
2105 922.266
2105 1667.192
2105 912.702
2106 977.042
2106 2989.55
2106 1743.576
2106 843.86
2106 1316.81
2106 648.412
2106 728.814
2106 1048.9
2107 2173.99
2107 1044.848
2107 313.214
2107 678.892
2107 992.778
2107 2049.146
2108 861.856
2108 427.884
2108 475.118
2108 1086.308
2108 559.346
2108 1147.856
2108 867.186
2108 456.4
2108 332.372
2108 1192.738
2109 1934.884
2109 743.078
2109 1772.326
2109 864.4
2109 1241.786
2109 648.2
2109 2231.076
2109 324.286
2109 913.156
2109 1001.28
2109 891.586
2109 2631.902
2109 593.136
2109 738.152
2109 862.672
2109 1395.4
2109 674.692
2110 1141.376
2110 1209.436
2110 879.358
2110 1774.694
2110 1457.664
2110 378.378
2110 1528.616
2110 606.254
2111 1405.316
2111 794.762
2111 1000.89
2111 1916.752
2111 674.396
2111 571.268
2111 419.232
2111 2057.398
2111 2901.082
2111 625.286
2111 2077.442
2111 420.094
2111 357.936
2111 1426.59
2112 719.66
2112 1557.79
2112 521.876
2112 1778.672
2112 1666.036
2112 2655.184
2112 308.04
2112 1585.95
2112 1057.8
2112 802.836
2112 716.008
2112 765.21
2113 430.79
2113 1814.746
2113 472.628
2113 614.76
2113 683.056
2113 2150.554
2113 3450.814
2113 972.268
2113 894.418
2113 926.18
2113 519.262
2113 768.262
2113 964.672
2113 1065.764
2113 1600.452
2113 896.112
2113 2597.814
2113 659.526
2113 868.61
2114 855.784
2114 2599.062
2114 2095.586
2114 4483.064
2114 1313.996
2114 647.978
2114 929.84
2114 942.748
2114 2274.892
2114 1304.008
2114 1138.878
2114 897.74
2115 537.66
2115 467.618
2115 888.146
2115 1095.032
2115 679.236
2115 968.656
2115 3415.212
2115 331.978
2115 948.036
2116 643.892
2116 255.092
2116 1272.326
2116 714.602
2116 677.054
2116 496.964
2116 840.486
2116 462.132
2117 816.698
2117 930.756
2117 978.854
2117 1391.104
2117 1292.622
2117 941.818
2117 1173.478
2117 887.724
2117 682.252
2117 855.932
2117 652.406
2117 1677.196
2117 597.314
2117 872.366
2117 1969.062
2118 844.872
2118 1232.944
2118 885.58
2118 2982.328
2118 1892.156
2118 290.722
2118 1077.242
2119 1087.534
2119 568.296
2119 1217.66
2119 1096.298
2119 2519.764
2119 964.386
2119 446.658
2119 1336.878
2119 3100.374
2120 952.448
2120 672.262
2120 1922.232
2120 274.496
2120 299.864
2120 2072.686
2120 1051.34
2120 1006.876
2120 445.032
2120 751.802
2120 1735.102
2120 471.226
2120 958.934
2121 1644.106
2121 1241.812
2121 578.282
2121 1143.708
2121 2389.97
2121 354.71
2121 1381.884
2121 359.906
2121 407.888
2121 696.154
2121 639.756
2121 1810.132
2121 1338.692
2121 591.906
2122 306.884
2122 687.432
2122 1777.678
2122 802.866
2122 606.872
2122 1123.874
2122 705.288
2122 696.55
2122 906.732
2122 689.726
2123 414.692
2123 941.718
2123 1338.804
2123 2671.164
2123 470.812
2123 776.664
2123 1445.112
2123 843.352
2123 900.91
2123 360.096
2123 287.008
2124 3222.834
2124 614.198
2124 1317.066
2124 1338.432
2124 1063.07
2124 495.892
2124 1881.856
2124 351.298
2124 1129.012
2125 657.682
2125 1481.966
2125 367.928
2125 379.93
2125 669.022
2125 1650.16
2125 1379.61
2125 320.838
2125 506.12
2125 670.35
2125 2011.036
2126 2085.296
2126 494.696
2126 702.884
2126 1206.03
2126 419.396
2126 1461.822
2126 1304.314
2126 2555.472
2126 752.116
2126 1366.288
2127 937.03
2127 2201.896
2127 548.938
2127 414.258
2127 3038.174
2127 952.09
2128 1177.104
2128 1356.136
2128 2225.728
2128 1102.12
2128 287.55
2128 1426.322
2128 961.69
2128 1000.262
2128 1023.958
2129 1233.06
2129 488.482
2129 1537.9
2129 1650.912
2129 1083.158
2129 328.58
2129 926.628
2129 1921.948
2129 682.954
2129 289.296
2130 1772.562
2130 1355.712
2130 2667.062
2130 911.888
2130 790.434
2130 1699.822
2130 537.15
2130 338.172
2130 823.808
2130 942.43
2130 795.89
2130 669.798
2131 995.392
2131 1597.396
2132 417.384
2132 4336.04
2132 738.16
2132 553.872
2132 871.236
2132 702.648
2132 1924.324
2132 1870.5
2132 1918.672
2133 1049.134
2133 816.002
2133 782.136
2133 567.618
2133 2200.614
2133 1696.214
2133 1130.69
2134 1216.92
2134 609.692
2134 324.896
2134 1292.564
2134 589.434
2134 749.622
2134 1004.048
2134 704.006
2134 436.534
2134 1582.544
2134 1666.25
2134 947.146
2134 975.328
2134 1876.722
2135 533.868
2135 1643.854
2135 674.352
2135 1437.338
2135 626.528
2135 1927.146
2135 1289.002
2135 4914.532
2135 881.076
2135 897.622
2136 2049.262
2136 1346.194
2136 2858.146
2136 2094.578
2136 1004.728
2136 3792.722
2136 1093.556
2136 543.672
2136 409.868
2137 671.964
2137 329.006
2137 3071.654
2137 691.56
2137 1374.724
2137 1119.382
2137 1668.36
2137 1466.154
2137 384.286
2137 1695.97
2137 727.15
2137 830.582
2138 1520.56
2138 1491.55
2138 985.666
2138 496.15
2138 709.494
2138 845.288
2138 2785.266
2138 768.11
2138 1474.276
2139 644.01
2139 348.692
2139 1762.93
2139 648.83
2139 471.24
2139 896.728
2139 513.596
2139 990.976
2139 533.92
2139 1346.288
2140 612.792
2140 1306.618
2140 3521.792
2140 420.354
2140 512.488
2140 902.772
2140 498.826
2140 1020.074
2140 645.942
2140 355.22
2140 2087.668
2141 1884.506
2141 946.334
2141 735.256
2141 2471.028
2141 952.298
2141 270.092
2141 634.072
2141 402.996
2141 753.242
2142 524.844
2142 254.95
2142 3153.962
2142 1694.714
2142 298.824
2142 903.33
2142 1146.208
2142 1216.238
2143 733.026
2143 742.116
2143 1091.156
2143 787.45
2143 972.946
2143 1660.744
2143 675.282
2143 1007.092
2143 464.288
2144 986.606
2144 422.938
2144 724.09
2144 392.034
2144 681.694
2144 1576.662
2144 1428.44
2144 905.94
2144 510.416
2144 2151.308
2144 684.736
2144 2284.08
2144 1411.14
2144 426.212
2144 1816.466
2144 1151.414
2145 474.69
2145 709.692
2145 633.97
2145 1323.97
2145 576.362
2145 700.368
2145 725.47
2145 2181.042
2146 1871.612
2146 1017.586
2146 526.894
2147 895.946
2147 624.168
2147 436.37
2147 705.352
2147 1450.04
2147 1463.842
2147 1285.706
2148 914.472
2148 2510.686
2148 1483.28
2148 1736.924
2148 1185.944
2148 629.134
2148 665.448
2148 985.388
2148 402.334
2149 809.932
2149 931.764
2149 1374.486
2149 912.266
2149 1759.752
2149 982.958
2150 643.938
2150 1050.286
2150 1541.456
2150 2181.932
2150 687.852
2150 588.582
2150 2235.062
2150 1704.112
2150 429.832
2150 950.856
2151 1355.944
2151 754.23
2151 1001.02
2151 2015.91
2151 394.952
2151 815.192
2151 218.228
2152 1359.842
2152 1968.242
2152 863.518
2152 594.196
2152 453.97
2152 1034.612
2152 275.578
2152 1641.828
2152 2701.83
2152 1633.618
2152 679.632
2153 745.098
2153 2528.746
2153 1053.42
2153 795.006
2153 539.69
2153 1553.944
2153 2421.272
2153 953.2
2153 3094.396
2154 627.036
2154 1927.978
2154 639.988
2154 1239.2
2154 1539.362
2154 907.356
2154 536.142
2154 1019.784
2154 414.67
2154 1308.166
2154 745.366
2155 1045.784
2155 589.554
2155 695.52
2155 627.244
2155 1885.428
2155 579.176
2155 544.916
2155 1400.206
2155 998.028
2156 4473.68
2156 933.818
2156 1046.986
2156 662.508
2156 984.276
2156 1864.132
2156 748.872
2156 639.966
2156 1255.778
2156 790.392
2156 588.912
2156 334.382
2156 4624.056
2156 691.04
2156 309.996
2156 2514.52
2156 673.624
2157 2005.282
2157 1281.486
2157 1428.186
2157 210.598
2157 771.632
2157 4177.528
2157 1519.54
2157 609.204
2157 2133.888
2157 1688.772
2157 1817.168
2158 378.378
2158 702.704
2158 642.16
2158 443.488
2158 1483.91
2158 564.362
2158 936.924
2159 1416.416
2159 577.654
2159 659.67
2159 1374.23
2159 1389.472
2159 963.31
2159 833.088
2160 1113.508
2160 1471.07
2160 1609.072
2160 1072.914
2160 457.012
2160 727.85
2161 496.222
2161 908.576
2161 829.886
2161 592.602
2161 937.824
2161 1280.96
2161 514.382
2161 1193.31
2162 664.396
2162 758.256
2162 3770.596
2162 451.17
2162 1873.978
2162 1473.84
2162 517.438
2162 2068.362
2162 1738.95
2162 232.924
2162 1320.674
2162 1180.422
2162 620.622
2162 1179.39
2162 1254.404
2162 778.646
2162 544.138
2162 1314.998
2162 329.206
2162 376.992
2162 988.966
2163 681.852
2163 572.776
2163 1289.666
2163 806.294
2163 718.32
2163 474.39
2163 722.936
2163 703.608
2163 752.32
2163 323.104
2163 421.29
2163 559.014
2163 391.212
2163 1401.01
2164 622.048
2164 933.888
2164 1939.406
2164 977.214
2164 938.658
2164 1461.692
2164 1042.412
2164 854.776
2164 367.902
2164 2368.198
2164 393.14
2164 1656.422
2164 1555.604
2165 1065.162
2165 1543.974
2165 1511.126
2165 1870.972
2165 1683.746
2166 1131.346
2166 791.054
2166 994.314
2166 2607.36
2166 2129.158
2166 676.2
2166 594.692
2166 1489.124
2166 1718.076
2167 1276.388
2167 241.598
2167 464.304
2167 1427.37
2167 1730.314
2167 1382.044
2167 846.474
2167 699.918
2168 762.142
2168 1686.388
2168 1579.15
2168 1395.18
2168 448.782
2168 584.634
2168 1654.332
2169 2439.364
2169 1033.494
2169 763.97
2169 631.168
2169 2119.732
2170 480.6
2170 438.276
2170 1295.46
2170 507.808
2170 281.722
2170 972.432
2171 1164.822
2171 354.676
2171 1574.596
2171 1485.912
2171 2265.994
2171 1919.542
2171 317.878
2171 2962.85
2171 552.78
2171 724.818
2171 2044.32
2171 1886.646
2171 445.2
2171 1042.4
2171 955.61
2172 1746.602
2172 691.502
2172 1100.742
2172 831.242
2172 785.356
2172 629.23
2172 1774.454
2172 1250.958
2172 3088.078
2172 1829.754
2172 2725.45
2172 1185.336
2172 2210.778
2173 632.242
2173 1351.14
2173 531.88
2173 517.718
2173 1720.852
2173 1541.69
2173 337.888
2173 1058.35
2173 653.196
2173 1530.17
2173 2463.18
2173 3592.754
2173 883.864
2173 163.95
2173 292.614
2174 814.41
2174 1918.758
2174 451.44
2174 516.814
2174 769.482
2174 400.406
2174 352.238
2174 1067.9
2174 1064.502
2174 1244.8
2174 1157.898
2175 2237.376
2175 657.372
2175 2157.044
2175 459.26
2175 516.718
2175 986.542
2175 1143.728
2175 1046.318
2175 1156.436
2176 983.634
2176 926.614
2176 3114.306
2176 1304.544
2176 923.744
2176 912.266
2176 980.974
2176 1110.158
2176 2961.926
2176 3967.594
2176 346.628
2177 793.964
2177 1085.442
2177 1752.514
2177 752.412
2177 3625.482
2177 497.058
2178 1261.034
2178 399.998
2178 1010.54
2178 801.94
2178 529.408
2178 316.496
2178 806.966
2179 502.58
2179 1024.662
2179 2170.896
2179 528.648
2179 442.696
2179 710.072
2179 933.498
2179 1925.084
2179 832.764
2180 438.66
2180 1158.436
2180 196.112
2180 622.91
2180 360.364
2180 1205.836
2180 808.818
2180 1107.574
2180 359.748
2180 1751.89
2181 2021.818
2181 1935.218
2181 1595.586
2181 3206.208
2181 2011.492
2181 1376.624
2181 674.816
2181 824.84
2181 424.43
2181 611.72
2181 892.382
2181 1174.712
2181 764.02
2182 1174.468
2182 898.732
2182 1856.966
2182 1330.328
2182 1627.632
2182 971.964
2182 1413.342
2182 688.032
2183 524.53
2183 375.852
2183 692.446
2183 1181.862
2183 1558.198
2183 1085.432
2183 326.128
2183 520.97
2183 1460.772
2183 3694.266
2183 1541.176
2183 1829.616
2184 535.318
2184 1626.19
2184 2806.694
2184 2514.308
2184 1813.566
2184 632.632
2184 3796.558
2184 610.384
2185 403.124
2185 2988.976
2185 638.044
2185 1806.884
2185 1242.216
2185 509.176
2185 1517.832
2185 1781.062
2185 1299.95
2186 915
2186 1191.648
2186 1120.704
2186 482.388
2186 895.708
2187 1159.622
2187 766.004
2187 1136.61
2187 1953.458
2187 2248.46
2188 1282.488
2188 1083.766
2188 1660.408
2188 861.826
2188 1773.376
2188 716.75
2188 582.38
2188 808.632
2188 2509.248
2188 1703.502
2188 1373.252
2188 613.106
2188 983.112
2189 623.99
2189 1242.372
2189 702.72
2189 1821.376
2189 2792.53
2189 1386.598
2189 948.228
2189 2044.398
2189 2193.598
2189 505.19
2190 951.582
2190 1641.692
2190 595.43
2190 438.232
2190 690.116
2190 1328.208
2190 2102.188
2190 1014.774
2190 1108.95
2190 2953.188
2190 599.1
2190 454.108
2191 1028.874
2191 1567.988
2191 1243.29
2191 1375.982
2191 1150.684
2191 2007.49
2191 410.164
2191 542.008
2191 1742.748
2191 580.53
2191 541.448
2191 1231.772
2191 4096.206
2191 863.424
2191 912.296
2191 3972.306
2191 903.368
2191 1525.186
2191 1749.19
2192 1617.32
2192 2529.264
2192 1400.142
2192 2726.324
2192 2181.334
2192 1474.612
2192 611.69
2192 1441.74
2192 1155.936
2192 1307.766
2192 3134.98
2193 997.906
2193 1396.494
2193 530.042
2193 1229.952
2193 467.7
2193 275.876
2193 586.814
2193 1059.27
2193 785.308
2193 1132.528
2193 1558.674
2193 2946.342
2193 1752.72
2193 1669.694
2193 2380.942
2193 958.816
2193 5652.068
2194 1783.13
2194 774.928
2194 463.876
2194 677.826
2194 263.978
2194 1774.564
2194 1463.64
2194 561.184
2194 1537.178
2194 498.346
2194 965.394
2195 651.918
2195 1777.24
2195 737.336
2195 565.55
2195 628.484
2195 552.03
2195 500.924
2195 404.838
2195 572.602
2196 1192.62
2196 808.982
2196 1288.338
2196 1776.52
2196 1624.468
2196 1680.178
2196 1001.702
2196 829.066
2196 1921.474
2196 1330.67
2196 2147.166
2196 2023.546
2197 1946.53
2197 655.228
2197 1365.792
2197 1629.182
2197 1120.824
2197 503.928
2197 1060.83
2197 1232.842
2197 687.548
2197 1419.32
2197 1478.444
2198 1519.504
2198 1230.654
2198 767.816
2198 893.976
2198 1161.62
2198 2875.512
2198 1081.714
2198 1795.48
2198 1018.506
2198 1444.24
2199 777.394
2199 601.002
2199 1606.01
2199 1012.548
2199 1042.744
2199 446.562
2199 1797.666
2199 1685.418
2199 888.808
2199 1477.446
2200 1356.402
2200 437.648
2200 2512.784
2200 973.098
2200 731.202
2200 1659.086
2200 906.092
2200 1070.954
2200 1009.554
2200 434.032
2201 2923.254
2201 1114.064
2201 1444.606
2201 1960.16
2201 1053.168
2201 941.93
2201 1233.114
2201 2037.216
2201 1702.014
2202 593.466
2202 3016.21
2202 911.704
2202 1136.786
2202 403.312
2202 320.164
2202 735.128
2203 1568.02
2203 2482.114
2203 337.882
2203 1588.56
2203 491.922
2203 1254.752
2203 3359.194
2203 248.488
2203 247.726
2204 752.714
2204 952.338
2204 492.63
2204 2060.082
2204 1383.388
2204 949.78
2204 417.138
2204 621.71
2204 855.92
2204 315.774
2204 2050.718
2204 1161.008
2204 753.978
2205 1385.352
2205 367.288
2205 737.198
2205 595.75
2205 1297.498
2205 878.028
2205 1020.518
2205 926.616
2205 1381.46
2205 434.098
2206 462.106
2206 657.774
2206 474.504
2206 306.92
2206 351.438
2206 970.356
2206 1492.644
2206 840.55
2206 1381.12
2206 600.932
2206 476.098
2207 777.012
2207 2012.416
2207 1652.868
2207 1969.126
2207 370.308
2207 509.642
2207 1848.756
2207 760.468
2208 529.486
2208 1305.168
2208 1537.962
2208 1778.126
2208 801.498
2208 1072.742
2208 491.446
2208 514.71
2208 827.608
2208 458.704
2208 1271.232
2208 2503.88
2208 990.164
2208 1403.624
2209 1145.23
2209 1296.552
2209 1716.464
2209 839.068
2209 1746.084
2209 896.766
2209 1533.914
2209 575.684
2209 523.9
2209 1489.914
2209 2701.308
2210 1290.346
2210 1300.43
2210 842.378
2210 1698.634
2210 834.016
2210 866.624
2210 954.874
2210 1746.924
2211 856.484
2211 1891.42
2211 884.4
2211 1046.906
2211 657.648
2211 496.704
2211 1302.144
2211 1414.478
2211 2055.06
2211 2692.478
2211 487.654
2211 2951.43
2211 1197.984
2211 807.178
2212 909.726
2212 597.188
2212 820.33
2212 1562.68
2212 482.194
2212 1191.188
2212 1179.88
2212 720.628
2213 1115.196
2213 1388.986
2213 568.926
2213 258.822
2213 1078.602
2213 282.156
2213 1430.674
2213 657.714
2213 2040.934
2213 588.43
2214 839.564
2214 717.038
2214 1098.138
2214 1065.714
2214 1283.894
2214 799.776
2214 1236.034
2215 1264.588
2215 1326.158
2215 1386.93
2215 1394.602
2215 320.468
2215 446.068
2215 1554.412
2215 2065.804
2216 732.856
2216 499.054
2216 300.734
2216 1196.078
2216 763.282
2216 896.022
2216 2053.42
2216 524.208
2216 3775.28
2216 1373.756
2216 502.052
2216 626.41
2217 415.63
2217 528.962
2217 1631.61
2217 458.542
2217 783.418
2218 919.818
2218 1511.178
2218 1314.514
2218 1085.216
2218 737.916
2219 738.23
2219 1224.176
2219 494.062
2219 1406.434
2219 436.762
2219 2038.44
2219 576.122
2219 1060.29
2219 641.514
2219 1434.14
2219 1126.06
2219 746.638
2219 625.668
2219 921.258
2219 602.644
2219 1617.702
2220 735.48
2220 2823.484
2220 1255.512
2220 2544.856
2220 274.16
2220 729.514
2221 525.952
2221 558.33
2221 1186.318
2221 3163.362
2221 515.19
2221 1185.046
2221 1134.066
2222 3730.222
2222 1311.48
2222 1336.138
2222 779.84
2222 610.338
2222 376.22
2222 345.7
2222 651.854
2222 374.328
2222 1014.092
2223 1039.438
2223 508.344
2223 412.24
2223 3421.782
2223 1723.364
2223 686.236
2224 743.53
2224 800.166
2224 832.872
2224 395.434
2224 837.894
2224 826.12
2224 708.112
2224 1211.094
2224 1958.346
2225 645.438
2225 2930.214
2225 885.192
2225 899.306
2225 405.32
2225 724.49
2225 419.844
2225 2746.448
2225 893.15
2225 1608.446
2226 645.152
2226 921.648
2226 463.73
2226 1498.048
2226 627.044
2226 1457.964
2226 410.81
2227 696.988
2227 2395.452
2227 416.532
2227 2663.606
2227 1330.622
2227 622.26
2227 513.006
2227 587.526
2227 388.886
2227 1245.596
2227 630.502
2227 320.966
2227 3064.282
2227 851.044
2227 756.028
2228 411.862
2228 311.646
2228 501.184
2228 342.826
2228 1047.95
2228 722.844
2228 402.572
2228 409.156
2228 479.72
2229 533.82
2229 377.714
2229 835.352
2229 3958.61
2229 619.766
2229 1879
2229 621.794
2229 768.808
2229 697.73
2229 2195.618
2230 1775.492
2230 418.454
2230 626.512
2230 1607.814
2230 2037.22
2230 428.858
2230 3266.232
2230 997.506
2230 1518.31
2231 687.456
2231 1830.13
2231 943.556
2231 1381.456
2231 445.196
2231 1113.884
2231 533.486
2231 435.728
2231 406.35
2232 596.432
2232 876.042
2232 990.378
2232 1623.466
2232 647.25
2232 1755.732
2232 986.438
2232 438.3
2232 745.584
2232 2158.52
2232 1089.08
2232 3150.998
2232 1683.722
2232 1429.498
2232 1366.5
2232 487.61
2233 762.862
2233 6186.23
2233 1037.562
2233 1455.066
2233 371.584
2233 1687.152
2233 1063.964
2233 511.804
2233 928.72
2233 318.552
2233 1361.868
2233 504.92
2233 864.938
2233 510.734
2233 1413.378
2233 493.594
2234 2676.456
2234 424.378
2234 1305.728
2234 1430.938
2234 713.948
2234 898.882
2234 673.338
2234 1753.002
2234 1674.544
2234 730.882
2234 1467.858
2234 1691.466
2235 1610.228
2235 1271.256
2235 890.34
2235 1347.098
2235 3039.136
2235 920.794
2235 523.216
2236 2006.942
2236 1431.784
2236 1107.318
2236 988.342
2236 253.46
2236 3450.896
2236 642.782
2236 852.642
2237 913.25
2237 563.874
2237 957.032
2237 447.146
2237 903.434
2237 775.55
2237 568.448
2238 1535.726
2238 431.378
2238 691.38
2238 1038.98
2238 684.516
2238 582.614
2238 1112.454
2238 1332.726
2238 847.832
2238 1279.3
2238 625.17
2239 1012.316
2239 226.4
2239 765.068
2239 798.908
2239 1758.148
2239 1013.006
2239 1303.682
2240 1406.276
2240 786.868
2240 1147.47
2240 811.168
2240 328.22
2240 983.022
2240 416.438
2240 934.324
2240 943.794
2240 1316.238
2240 1003.328
2240 399.962
2240 622.044
2240 3126.684
2240 1317.782
2241 446.838
2241 1136.38
2241 1118.208
2241 2076.164
2241 570.796
2241 496.606
2241 605.142
2241 597.442
2241 1927.22
2241 1162.796
2242 1273.646
2242 4132.25
2242 2316.424
2242 1680.282
2242 514.75
2242 486.258
2243 1082.888
2243 558.582
2243 2215.872
2243 1925.186
2243 686.496
2243 2120.804
2243 792.656
2243 865.878
2243 867.978
2243 1916.206
2243 287.188
2243 406.628
2243 536.042
2244 1683.702
2244 926.756
2244 393.82
2244 1262.262
2245 896.37
2245 1422.05
2245 277.642
2245 1072.352
2245 2571.014
2245 1710.586
2245 1773.66
2245 632.63
2245 286.864
2245 737.66
2245 509.356
2245 1058.164
2246 1472
2246 1051.878
2246 931.946
2246 2906.832
2246 1074.204
2246 863.26
2247 1729.654
2247 1791.476
2247 766.722
2247 575.18
2247 497.624
2247 1448.72
2247 386.616
2247 211.358
2247 367.11
2247 391.57
2248 678.354
2248 974.65
2248 1796.374
2248 965.84
2248 308.742
2248 1395.95
2248 649.678
2248 1100.312
2248 323.024
2249 705.84
2249 1502.432
2249 987.054
2249 477.466
2249 646.706
2249 491.886
2249 3576.818
2249 1050.438
2249 4326.784
2249 723.126
2249 295.994
2249 522.4
2249 2166.902
2249 1407.122
2249 1598.614
2249 458.158
2249 2228.1
2249 322.648
2250 826.64
2250 813.51
2250 405.778
2250 890.128
2250 1235.102
2250 1203.978
2250 599.292
2251 943.88
2251 1367.628
2251 336.212
2251 308.978
2251 1116.208
2251 1860.288
2251 1243.138
2251 1055.066
2251 831.176
2252 581.056
2252 1060.404
2252 602.83
2252 1344.69
2252 1997.73
2252 399.13
2252 988.24
2252 250.97
2252 439.852
2252 1097.744
2252 344.436
2252 1192.596
2252 2365.866
2252 1709.354
2252 1309.848
2252 436.452
2253 923.64
2253 1421.214
2253 2202.204
2253 2270.96
2253 788.424
2253 1211.546
2253 418.608
2253 782.586
2253 854.848
2253 2000.61
2253 585.894
2254 1176.604
2254 632.494
2254 495.528
2254 424.208
2254 3313.69
2254 486.47
2254 1185.442
2254 1901.458
2254 455.984
2254 1261.922
2255 2272.992
2255 306.674
2255 865.958
2255 2151.72
2255 835.762
2255 1921.622
2255 1460.878
2255 1684.06
2255 1405.232
2255 723.352
2255 1746.2
2255 2553.002
2255 447.222
2255 3909.682
2256 563.026
2256 761.624
2256 580.638
2256 396.484
2256 764.696
2256 586.642
2256 1663.348
2256 1849.324
2256 649.482
2256 1074.594
2256 1561.994
2256 913.996
2256 496.14
2257 967.334
2257 729.752
2257 2173.756
2257 1073.34
2257 675.314
2257 890.02
2257 1412.99
2257 3805.418
2257 244.012
2257 497.362
2257 1021.164
2257 3081.73
2257 843.304
2257 948.538
2257 1838.51
2257 444.196
2257 1234.096
2258 962.538
2258 587.962
2258 1206.468
2258 1272.256
2259 1335.596
2259 1440.114
2259 1250.75
2259 443.752
2259 653.686
2259 690.108
2259 487.712
2260 1042.784
2260 1377.814
2260 543.538
2260 623.982
2260 986.362
2260 5086.91
2260 1071.436
2260 2297.404
2260 589.238
2260 655.79
2260 947.558
2261 350.63
2261 1404.33
2261 1433.256
2261 651.724
2261 1012.73
2261 546.274
2261 863.034
2261 1273.032
2261 502.174
2262 1874.306
2262 315.838
2262 903.424
2262 393.232
2262 1218.168
2262 742.812
2262 662.686
2263 1087.692
2263 1669.542
2263 723.6
2263 1332.778
2263 785.134
2263 1141.846
2263 942.148
2263 509.688
2263 560.124
2263 2141.784
2264 1057.06
2264 1209.53
2264 1222.804
2264 374.998
2264 1201.96
2264 593.46
2264 656.874
2264 1108.874
2264 259.73
2264 662.818
2264 1049.652
2264 871.956
2264 241.718
2265 733.306
2265 545.432
2265 924.024
2265 958.958
2265 745.034
2265 777.014
2265 1745.57
2265 517.85
2265 2214.796
2265 357.752
2265 776.522
2265 554.402
2265 735.072
2265 799.68
2266 1423.622
2266 1379.958
2266 337.144
2266 870.106
2266 1459.256
2266 597.668
2266 2793.348
2267 855.626
2267 594.452
2267 412.682
2267 1761.906
2267 248.19
2267 1198.618
2267 2115.872
2267 800.602
2267 486.732
2267 740.076
2267 1001.074
2268 1091.352
2268 737.144
2268 886
2268 540.474
2268 378.092
2268 889.976
2268 391.366
2268 947.252
2268 494.35
2268 367.88
2268 1850.708
2268 1078.986
2268 409.732
2268 1474.564
2268 2078.114
2269 2668.524
2269 615.414
2269 1074.074
2269 764.988
2269 444.604
2269 1429.214
2269 533.464
2269 955.93
2269 1057.024
2269 897.144
2270 2008.206
2270 1814.516
2270 1828.1
2270 1997.898
2270 560.788
2270 1080.002
2270 501.738
2270 447.97
2270 669.608
2270 2090.982
2270 472.146
2270 1706.038
2270 381.672
2270 510.69
2270 1464.144
2271 911.592
2271 1461.624
2271 395.07
2271 2062.172
2271 571.06
2271 849.122
2272 428.02
2272 841.288
2272 611.55
2272 837.942
2272 2139.91
2272 516.574
2272 343.2
2272 3165.67
2272 414.586
2272 378.714
2272 1750.77
2272 914.288
2272 917.636
2273 938.288
2273 1630.092
2273 648.418
2273 3473.136
2273 684.122
2273 630.808
2273 1017.01
2273 1177.1
2274 352.562
2274 637.454
2274 4167.704
2274 1141.944
2274 985.624
2275 1243.48
2275 1474.244
2275 1080.946
2275 1345.18
2275 1344.27
2275 623.336
2275 1689.306
2275 468.268
2275 229.782
2275 1310.514
2275 1053.846
2275 1104.01
2275 1670.612
2276 518.026
2276 3436.908
2276 678
2276 1099.34
2276 402.498
2276 836.22
2277 2038.91
2277 1007.916
2277 1177.992
2277 1314.748
2277 1525.65
2277 874.84
2277 491.258
2278 719.75
2278 3946.218
2278 892.558
2278 1061.63
2278 1803.998
2278 412.824
2278 486.536
2278 2340.884
2279 760.378
2279 464.832
2279 377.93
2279 1235.314
2279 1022.938
2279 511.168
2279 1088.848
2279 1443.852
2280 1829.688
2280 2716.142
2280 1489.822
2280 614.84
2280 2352.62
2280 501.534
2280 1539.674
2280 473.864
2280 1258.196
2280 1449.61
2280 612.4
2280 707.112
2280 395.628
2280 569.186
2280 673.564
2280 1627.038
2281 452.738
2281 1154.92
2281 791.774
2281 1015.922
2281 2072.046
2281 1866.486
2281 1050.76
2281 910.436
2281 501.35
2281 914.872
2281 1432.59
2281 897.92
2282 932.174
2282 278.968
2282 1719.468
2282 909
2282 590.264
2282 1014.586
2282 1718.588
2282 914.09
2283 904.962
2283 874.266
2283 1333.946
2283 1355.882
2283 749.164
2283 1187.61
2283 526.386
2283 505.184
2284 720.348
2284 699.606
2284 736.428
2284 613.326
2284 1103.738
2284 1301.034
2284 1190.488
2284 1487.376
2284 1116.226
2284 1718.486
2284 741.028
2284 939.268
2285 3326.438
2285 1556.532
2285 853.352
2285 1006.378
2285 417.26
2285 1301.5
2285 722.384
2285 1466.032
2285 836.892
2285 317.678
2285 957.064
2285 744.44
2285 1691.386
2285 581.648
2285 883.08
2286 769.566
2286 608.728
2286 528.23
2286 513.698
2286 946.72
2286 267.104
2286 550.316
2286 1324.676
2286 1271.88
2287 752.938
2287 786.832
2287 1652.09
2287 913.25
2287 1126.218
2287 930.812
2287 2041.63
2287 1413.74
2287 548.796
2287 472.992
2287 1330.9
2287 2574.348
2287 874.75
2287 759.924
2287 306.816
2288 404.736
2288 1129.178
2288 891.004
2288 894.994
2288 1205.556
2288 449.628
2288 494.566
2288 939.4
2288 912.652
2288 647.624
2288 863.41
2289 881.226
2289 986.888
2289 814.048
2289 716.048
2289 1304.014
2289 349.846
2289 1989.596
2289 947.9
2289 755.964
2289 649.598
2289 1809.292
2289 249.836
2289 1061.84
2290 994.582
2290 584.022
2290 727.528
2290 1221.37
2290 474.018
2290 1458.006
2290 1013.236
2290 2504.104
2290 1385.44
2290 689.884
2290 669.24
2291 856.282
2291 682.646
2291 710.704
2291 1113.336
2291 1367.572
2291 1650.594
2291 562.404
2292 781.382
2292 523.56
2292 479.49
2292 441.994
2292 1057.8
2292 3422.05
2292 1050.02
2292 482.546
2292 430.446
2293 500.314
2293 578.806
2293 1327.64
2293 1753.104
2293 1736.6
2293 1049.538
2293 1757.332
2294 964.588
2294 880.31
2294 547.688
2294 1025.594
2294 554.458
2294 737.178
2294 1666.986
2294 2242.466
2294 869.134
2294 1114.424
2294 1687.962
2294 1107.198
2294 2181.272
2294 898.246
2294 575.402
2295 858.944
2295 574.454
2295 685.038
2295 994.15
2295 451.998
2295 694.858
2296 666.412
2296 872.808
2296 1396.908
2296 889.282
2296 1932.62
2296 470.3
2296 986.136
2296 2430.176
2296 1148.87
2297 1201.12
2297 559.404
2297 1572.05
2297 451.828
2297 2625.124
2297 500.114
2297 1571.53
2297 968.598
2297 601.596
2297 1074.28
2297 1009.31
2298 1942.844
2298 1790.784
2298 997.486
2298 690.29
2298 1337.39
2298 820.156
2298 866.818
2298 2110.844
2298 1147.436
2298 2433.388
2298 985.866
2299 1642.87
2299 674.962
2299 673.388
2299 1715.752
2299 1091.984
2299 812.672
2299 782.252
2299 1971.066
2299 949.478
2299 2266.774
2300 882.294
2300 758.16
2300 1021.032
2300 1311.614
2300 1650.122
2300 907.852
2300 404.84
2300 401.786
2300 555.226
2300 382.468
2301 491.134
2301 515.428
2301 1770.484
2301 2742.142
2301 1735.636
2301 839.248
2301 2421.794
2301 431.132
2301 698.96
2301 1359.314
2301 3124.062
2302 707.596
2302 563.402
2302 1315.868
2302 897.936
2302 1184.512
2302 832.998
2302 836.154
2302 407.868
2302 543.048
2302 1037.598
2302 1570.176
2303 354.818
2303 802.562
2303 2423.434
2303 448.862
2303 1471.91
2303 1571.896
2303 2051.32
2303 978.954
2303 1143.57
2304 558.504
2304 937.748
2304 932.722
2304 1289.328
2304 949.226
2304 2397.132
2304 674.592
2304 1530.368
2305 776.518
2305 723.956
2305 1120.176
2305 469.674
2305 813.332
2305 797.692
2305 1253.272
2305 433.884
2305 510.578
2305 1482.006
2306 1146.388
2306 392.336
2306 430.498
2306 608.31
2306 707.06
2306 433.188
2306 1145.9
2307 2386.916
2307 1630.094
2307 1020.274
2307 647.174
2307 1952.312
2307 549.838
2307 2864.652
2307 839.618
2307 900.832
2307 2990.216
2307 723.128
2307 879.582
2307 194.782
2307 413.644
2307 1672.016
2307 1149.932
2307 701.046
2307 1869.664
2307 753.31
2308 3593.372
2308 505.668
2308 1804.938
2308 483.444
2308 1135.766
2308 994.928
2308 819.208
2308 2716.716
2308 863.414
2308 919.118
2308 740.726
2308 1681.11
2308 2053.886
2308 3759.648
2309 1717.41
2309 212.97
2309 776.308
2309 2234.126
2309 676.524
2309 389.558
2309 5419.626
2310 1862.232
2310 3982.06
2310 2841.882
2310 2887.216
2310 2480.694
2310 1127.69
2311 689.602
2311 685.252
2311 1161.622
2311 674.184
2311 1594.138
2311 478.146
2311 1452.634
2311 1264.666
2311 1390.368
2311 2312.812
2311 722.09
2311 2585.21
2312 646.424
2312 525.618
2312 965.684
2312 1318.774
2312 680.05
2312 520.534
2312 2571.916
2312 716
2312 1456.134
2312 2345.09
2312 280.884
2313 1367.644
2313 739.598
2313 850.02
2313 1302.828
2313 943.068
2313 1982.76
2314 756.418
2314 547.874
2314 2004.344
2314 2818.204
2314 1082.094
2314 1251.026
2314 875.076
2314 428.868
2314 1373.01
2314 1946.628
2314 680.364
2314 1444.706
2315 1413.906
2315 380.174
2315 369.732
2315 731.398
2315 1155.138
2315 836.714
2316 734.122
2316 1043.01
2316 2259.332
2316 822.182
2316 441.53
2317 861.464
2317 449.264
2317 848.332
2317 2964.892
2317 570.082
2317 791.396
2317 848.932
2317 553.436
2317 450.498
2317 694.2
2317 1050.522
2317 1279.1
2318 537.354
2318 551.354
2318 700.702
2318 3588.814
2318 1136.188
2318 727.206
2318 744.914
2319 505.544
2319 2196.786
2319 1552.622
2319 714.678
2319 1060.666
2319 1348.202
2319 4163.436
2320 1449.22
2320 1545.32
2320 3082.03
2320 506.496
2320 698.06
2320 2519.68
2320 1924.208
2320 242.482
2320 919.556
2320 331.126
2320 873.566
2320 2795.752
2321 392.634
2321 3895.264
2321 1467.53
2321 728.354
2321 1110.758
2321 834.092
2321 1326.688
2321 716.944
2321 892.22
2321 1306.19
2321 349.458
2321 1247.676
2321 971.636
2321 657.524
2321 632.848
2322 1661.752
2322 537.958
2322 932.126
2322 2338.532
2322 363.988
2322 2116.534
2322 1513.308
2322 721.144
2323 964.278
2323 1119.118
2323 2574.044
2323 3229.102
2323 4356.43
2323 485.752
2323 2398.508
2323 229.798
2324 3046.474
2324 2116.108
2324 3083.488
2324 1069.8
2324 965.884
2324 1326.264
2324 479.19
2324 935.72
2324 899.368
2325 607.67
2325 861.602
2325 199.582
2325 1299.66
2325 889.214
2325 809.688
2325 1272.962
2325 265.484
2325 1066.33
2325 616.322
2325 1511.272
2325 679.512
2326 1184.042
2326 774.564
2326 459.886
2326 1032.552
2326 1552.572
2326 1356.924
2326 795.004
2326 521.614
2326 615.914
2327 919.93
2327 534.49
2327 860.43
2327 922.194
2327 1662.53
2328 1879.496
2328 459.51
2328 325.162
2328 1363.624
2328 1394.216
2328 624.946
2328 280.512
2329 2249.964
2329 1996.068
2329 464.842
2329 895.096
2329 1098.548
2329 1556.654
2329 495.548
2330 1131.576
2330 2174.464
2330 1864.524
2330 1012.43
2330 1168.482
2330 2787.502
2330 2281.344
2330 1075.702
2330 670.26
2330 665.572
2330 996.35
2330 1071.244
2330 1081.096
2331 1710.406
2331 783.428
2331 1500.096
2331 362.052
2331 725.834
2331 1501.2
2331 1326.476
2331 334.056
2331 638.5
2331 2012.19
2331 2040.976
2331 577.814
2331 1323.034
2332 794.352
2332 1468.542
2332 675.404
2332 518.794
2332 2402.4
2332 1659.37
2332 1244.036
2332 415.556
2332 325.266
2332 686.104
2333 808.886
2333 3328.696
2333 1062.58
2333 1441.04
2333 320.784
2333 1373.072
2333 982.362
2333 345.158
2333 3585.994
2333 2183.554
2333 1465.176
2333 575.534
2334 1448.252
2334 542.768
2334 1432.848
2334 856.858
2334 643.498
2334 453.012
2334 1429.308
2334 475.664
2335 1670.04
2335 327.576
2335 684.912
2335 515.922
2335 622.154
2335 1355.372
2335 618.068
2335 839.156
2335 1536.668
2335 843.432
2335 835.92
2335 633.266
2335 887.78
2335 355.336
2335 657.146
2335 954.138
2335 1666.466
2336 842.236
2336 975.214
2336 910.958
2336 1271.812
2336 647.766
2336 357.202
2336 1549.474
2336 315.994
2336 932.44
2336 1738.772
2336 2207.904
2337 2317.644
2337 568.224
2337 682.42
2337 2884.974
2337 441.98
2337 391.114
2337 522.79
2337 2268.882
2337 1333.414
2337 2782.364
2337 1499.624
2337 1460.664
2337 2880.05
2337 844.424
2338 607.858
2338 1672.688
2338 1376.786
2338 1446.226
2338 2617.43
2338 533.576
2338 1177.102
2338 463.556
2339 894.092
2339 564.592
2339 4210.128
2339 1155.83
2339 1094.756
2339 2385.704
2339 461.458
2339 608.78
2339 587.988
2340 2854.762
2340 1096.93
2340 446.02
2340 381.854
2340 486.934
2340 541.016
2340 639.308
2340 788.428
2340 2942.506
2340 1966.096
2340 684.808
2340 1015.92
2340 532.052
2340 3089.86
2340 966.99
2340 2165.264
2340 2735.65
2341 1270.492
2341 408.308
2341 1716.52
2341 635.13
2341 584.41
2341 356.132
2341 1278.922
2341 903.652
2341 1326.224
2341 1069.76
2341 1151.202
2342 2197.104
2342 995.82
2342 3145.866
2342 772.074
2342 1454.978
2342 1905.432
2342 811.268
2342 2052.62
2343 631.124
2343 311.078
2343 490.066
2343 2241.246
2343 827.242
2343 1175.546
2343 1074.95
2343 1200.748
2344 1431.414
2344 802.258
2344 456.03
2344 1040.564
2344 2753.888
2344 430.282
2344 822.818
2345 954.314
2345 752.354
2345 1868.924
2345 1853.994
2345 1315.546
2345 1730.77
2345 465.336
2346 1082.408
2346 913.304
2346 1259.534
2346 422.804
2346 2886.29
2346 475.982
2346 913.638
2346 974.312
2346 1083.864
2346 2449.95
2346 777.278
2346 2142.294
2347 971.786
2347 1863.28
2347 989.672
2347 627.458
2347 1427.306
2347 607.784
2348 3213.6
2348 2510.932
2348 691.288
2348 546.288
2348 1839.79
2348 1308.018
2348 732.924
2348 3378.544
2348 435.096
2348 819.07
2348 875.156
2348 344.606
2348 638.436
2348 935.772
2349 1421.112
2349 593.268
2349 883.726
2349 1453.822
2349 418.282
2349 203.874
2349 1484.634
2349 505.528
2350 822.088
2350 522.224
2350 1765.614
2350 616.976
2350 2279.86
2350 927.806
2350 627.17
2350 1503.64
2350 1127.14
2350 497.678
2350 1447.77
2350 697.684
2351 396.624
2351 585.522
2351 1760.466
2351 1282.492
2351 868.336
2351 1712.454
2351 1188.148
2351 1035.64
2351 2790.792
2351 534.622
2351 683.91
2352 861.636
2352 463.914
2352 551.034
2352 981.388
2352 1161.056
2352 638.454
2352 914.238
2352 895.156
2352 1014.554
2352 431.98
2353 683.076
2353 1120.418
2353 519.608
2353 1233.294
2353 1687.82
2353 1301.122
2353 906.816
2353 1751.116
2353 1016.906
2353 1707.478
2353 367.126
2353 1010.818
2354 1144.922
2354 1610.03
2354 905.5
2354 1290.062
2354 503.244
2354 491.444
2354 425.896
2354 459.02
2354 340.684
2355 1041.272
2355 593.43
2355 1101.238
2355 1614.58
2355 806.02
2355 1161.918
2355 1532.788
2355 519.958
2355 718.53
2355 1839.714
2355 1479.98
2356 1941.538
2356 890.606
2356 575.152
2356 1577.532
2356 4865.512
2356 2747.622
2356 673.414
2356 1511.798
2356 764.682
2356 1112.22
2356 499.512
2357 2281.1
2357 1377.934
2357 2131.066
2357 355.266
2357 526.494
2358 427.012
2358 1223.308
2358 400.378
2358 719.652
2358 555.252
2358 678.22
2358 2202.552
2358 252.836
2358 668.658
2358 967.182
2358 684.968
2359 322.158
2359 949.224
2359 660.366
2359 1101.294
2359 2304.08
2359 1504.634
2359 667.366
2359 2992.794
2359 1755.014
2360 1158.6
2360 1304.656
2360 266.626
2360 1291.602
2360 887.08
2360 1292.202
2360 542.374
2360 336.244
2361 1095.76
2361 580.294
2361 1438.322
2361 603.664
2361 782.71
2361 1497.526
2361 3265.13
2362 983.478
2362 893.13
2362 1555.192
2362 1139.178
2362 1265.552
2362 466.42
2362 498.542
2362 1118.43
2362 764.226
2362 664.262
2362 1278.296
2362 1400.74
2363 568.036
2363 2740.724
2363 1205.128
2363 504.102
2363 916.658
2363 726.238
2363 1306.058
2363 884.432
2363 675.1
2364 1260.308
2364 359.654
2364 2337.142
2364 2361.248
2364 2074.21
2364 1160.464
2364 1026.494
2365 981.732
2365 1365.238
2365 788.046
2365 873.606
2365 1651.944
2365 684.01
2365 1154.74
2365 559.652
2365 2009.842
2365 421.784
2365 2276.738
2366 1887.674
2366 433.268
2366 1093.73
2366 1837.034
2366 1158.028
2366 842.228
2366 839.272
2366 1528.994
2366 1099.408
2366 1554.454
2366 975.492
2366 1018.986
2366 1384.88
2367 777.95
2367 530.19
2367 977.798
2367 1286.832
2367 1141.66
2367 751.066
2367 1908.306
2367 941.91
2368 897.736
2368 1183.528
2368 565.946
2368 529.26
2368 1017.106
2368 805.244
2368 960.542
2368 675.932
2368 450.684
2368 983.768
2368 888.504
2368 351.966
2368 406.614
2368 567.454
2368 2928.462
2369 585.27
2369 1523.676
2369 803.198
2369 2006.986
2369 1963.536
2369 1194.124
2369 2124.41
2369 687.128
2370 2282.102
2370 1506.648
2370 3618.53
2370 4288.244
2370 522.442
2370 707.46
2370 839.006
2371 4023.056
2371 599.552
2371 715.996
2371 1187.124
2371 1242.346
2371 836.39
2372 1533.27
2372 1573.404
2372 1089.502
2372 867.614
2372 511.544
2372 1062.89
2373 614.438
2373 326.244
2373 716.004
2373 780.386
2373 1568.796
2373 1249.6
2373 1395.57
2373 1582.32
2373 1030.24
2373 2060.234
2373 2020.708
2374 4086.118
2374 768.44
2374 3135.26
2374 1220.6
2374 460.184
2374 695.402
2374 881.14
2374 929.426
2374 583.896
2374 777.408
2374 448.144
2375 1241.512
2375 654.932
2375 1190.378
2375 790.562
2375 328.532
2375 1642.1
2375 357.922
2375 2142.876
2376 638.456
2376 388.11
2376 1330.694
2376 1269.22
2376 1849.004
2376 972.59
2376 630.08
2376 786.83
2376 2781.402
2376 1458.112
2376 2407.954
2377 731.712
2377 410.622
2377 1792.766
2377 1506.808
2377 1050.28
2377 1515.532
2377 1444.22
2377 223.538
2378 821.458
2378 1089.454
2378 1931.244
2378 471.812
2378 1248.882
2378 1412.844
2378 1347.802
2378 616.674
2378 377.122
2378 1585.728
2378 467.978
2379 676.746
2379 1184.766
2379 1143.072
2379 1474.358
2379 1157.03
2379 1576.354
2379 305.808
2379 2259.986
2379 995.652
2379 678.982
2379 704.4
2379 447.8
2380 942.496
2380 2932.266
2380 709.874
2380 3660.428
2380 324.044
2380 1393.12
2380 1079.112
2380 1523.718
2380 3127.882
2380 665.486
2380 1487.614
2380 684.712
2380 868.402
2380 1837.842
2380 1125.288
2380 713.018
2380 1664.352
2380 1542.8
2380 644.82
2380 539.314
2380 2390.52
2380 1269.596
2380 2427.05
2380 931.458
2380 852.29
2380 514.876
2381 4772.328
2381 3449.736
2381 1360.166
2381 622.5
2381 870.526
2381 1758.32
2381 3170.48
2382 1657.146
2382 407.308
2382 959.766
2382 665.586
2382 1433.918
2382 1265.604
2382 236.882
2382 542.592
2382 593.346
2383 659.934
2383 1379
2383 593.982
2383 2246.644
2383 1841.438
2383 746.236
2383 1464.274
2384 519.08
2384 743
2384 456.162
2384 1381.524
2384 1494.584
2384 626.692
2384 693.264
2384 747.85
2384 402.388
2384 1761.054
2384 706.32
2385 853.172
2385 2002.93
2385 457.048
2385 1036.21
2385 773.928
2385 775.59
2385 870.922
2385 612.838
2385 935.952
2385 329.004
2385 3123.132
2386 423.732
2386 551.324
2386 298.042
2386 3215.324
2386 1583.368
2386 821.992
2386 1236.424
2386 1484.648
2386 1005.846
2386 761.624
2386 775.816
2386 1755.824
2386 1845.888
2387 687.08
2387 440.686
2387 1569.104
2387 1124.728
2387 884.202
2387 420.024
2387 404.86
2387 3064.458
2387 627.66
2387 1310.038
2387 865.524
2387 613.202
2387 577.62
2388 1188.18
2388 640.356
2388 4389.266
2388 541.994
2388 2659.462
2388 1390.33
2388 3287.206
2389 377.444
2389 387.062
2389 857.558
2389 334.102
2389 806.712
2389 875.934
2389 565.752
2389 2163.698
2389 501.14
2389 1362.58
2389 1294.114
2389 592.474
2389 523.356
2390 221.554
2390 376.926
2390 1132.912
2390 841.718
2390 689.738
2390 358.148
2390 616.03
2390 2914.662
2390 1775.742
2390 1656.294
2390 1553.16
2390 993.042
2391 979.69
2391 2868.73
2391 2432.464
2391 2169.818
2391 398.942
2391 1537.172
2391 1391.306
2391 609.18
2391 2226.236
2391 1222.432
2391 2836.906
2391 867.876
2392 1253.844
2392 799.288
2392 723.618
2392 440.79
2392 1078.506
2392 589.842
2392 610.836
2392 627.076
2392 1268.776
2392 444.822
2392 348.28
2392 727.592
2392 1501.282
2393 936.022
2393 788.368
2393 1081.81
2393 1022.99
2393 516.868
2393 544.682
2394 2663.448
2394 3407.49
2394 2919.426
2394 583.216
2394 1967.29
2394 512.148
2394 1902.924
2394 894.284
2394 1564.412
2394 819.836
2394 615.142
2394 420.764
2394 1276.594
2394 438.478
2394 681.624
2394 1049.268
2395 1333.632
2395 1386.642
2395 492.434
2395 448.158
2395 760.642
2395 713.212
2395 339.064
2395 979.69
2395 1775.442
2395 975.636
2395 1398.198
2396 635.612
2396 940.982
2396 3140.578
2396 1232.1
2396 673.644
2396 380.128
2396 436.256
2396 828.184
2396 643.026
2396 833.716
2396 1206.058
2396 1639.056
2396 1236.288
2396 697.662
2397 2653.41
2397 447.946
2397 2066.706
2397 651.02
2397 3051.314
2397 1094.684
2397 1586.29
2397 873.946
2397 349.668
2397 982.222
2397 755.486
2397 1674.366
2397 907.6
2397 1540.126
2397 1930.778
2397 2379.678
2398 671.722
2398 1331.652
2398 539.736
2399 1274.208
2399 1051.888
2399 764.636
2400 629.74
2400 283.228
2400 1409.23
2400 317.33
2400 1658.428
2400 2421.636
2400 977.628
2400 593.25
2400 2381.178
2400 2237.146
2400 3829.734
2400 1435.6
2400 446.458
2400 1640.234
2400 397.234
2401 3120.556
2401 349.524
2401 679.208
2401 1073.456
2401 1781.108
2401 1646.206
2401 451.406
2401 1953.832
2401 502.142
2401 2595.618
2401 728.946
2401 1599.31
2402 1025.706
2402 1132.626
2402 504.106
2402 483.476
2402 385.358
2402 929.044
2402 1359.108
2402 1150.426
2402 1112.278
2402 559.882
2402 3874.136
2403 1143.522
2403 1174.488
2403 592.1
2403 748.008
2403 707.552
2403 579.962
2403 2508.964
2403 821.664
2403 606.632
2403 1167.656
2403 437.114
2403 2343.814
2403 844.61
2403 587.428
2404 592.86
2404 595.298
2404 1802.168
2404 1306.202
2404 1038.544
2404 739.742
2404 606.724
2404 1864.21
2404 938.068
2404 1071.602
2404 827.594
2404 331.15
2405 657.448
2405 753.74
2405 1074.994
2405 1677.796
2405 783.076
2405 671.166
2406 889.072
2406 1473.008
2406 630.926
2406 794.876
2406 586.406
2406 520.316
2407 2826.176
2407 1068.15
2407 604.342
2407 728.378
2407 1407.38
2407 1224.76
2407 652.162
2407 1171.312
2407 339.364
2407 1321.148
2408 1323.588
2408 626.186
2408 1196.014
2408 526.262
2408 1077.522
2408 674.846
2408 537.706
2409 547.754
2409 2326.52
2409 1538.274
2409 1494.386
2409 2700.816
2409 747.234
2409 1096.962
2410 452.904
2410 2262.396
2410 1078.966
2410 3159.076
2410 752.856
2410 1121.004
2410 1188.724
2410 1157.036
2410 1191.86
2411 2179.254
2411 1709.99
2411 855.298
2411 1007.56
2411 818.656
2411 1164.766
2411 549.536
2411 600.884
2411 1680.322
2412 909.796
2412 834.926
2412 2496.646
2412 1361.968
2412 1536.08
2412 1038.902
2412 542.788
2412 760.99
2413 1130.49
2413 316.94
2413 1355.754
2413 1272.056
2413 1145.584
2413 3276.416
2413 694.664
2413 2936.732
2414 892.65
2414 746.732
2414 600.37
2414 2454.036
2414 2305.108
2414 681.91
2414 482.898
2414 1089.556
2414 2687.68
2414 1192.626
2415 642.942
2415 661.74
2415 867.59
2415 2869.624
2415 1071.034
2415 872.992
2415 1397.384
2415 863.07
2415 1289.294
2416 2645.234
2416 2789.026
2416 563.09
2416 444.976
2416 2044.262
2416 957.302
2417 1308.614
2417 1829.498
2417 949.346
2417 561.07
2417 743.796
2417 2098.282
2417 460.064
2417 2575.104
2417 1597.29
2418 636.184
2418 759.154
2418 355.776
2418 871.948
2418 1047.806
2418 1053.786
2418 820.124
2418 1045.682
2419 768.342
2419 1518.412
2419 1114.014
2419 679.568
2419 986.148
2419 1574.12
2419 660.886
2420 369.796
2420 698.296
2420 692.106
2420 2230.032
2420 1233.08
2420 896.246
2421 1211
2421 677.092
2421 666.894
2421 423.65
2421 407.252
2421 872.524
2421 472.206
2422 622.842
2422 1905.076
2422 1201.398
2422 2102.266
2422 927.684
2422 407.048
2422 2983.324
2422 1704.168
2422 915.488
2422 396.172
2422 1265.8
2422 616.212
2422 1363.364
2423 441.822
2423 1352.586
2423 1497.852
2423 4199.18
2423 3840.396
2423 857.038
2423 1684.434
2423 927.756
2423 709.91
2423 1899.798
2423 1234.564
2423 1026.354
2424 655.508
2424 1261.442
2424 730.48
2424 1481.082
2424 1770.638
2424 846.15
2424 624.128
2424 1187.956
2424 1761.738
2424 1067.612
2425 401.056
2425 1259.808
2425 1188.622
2425 638.056
2425 299.996
2425 923.026
2425 1021.892
2425 942.454
2425 861.846
2425 1259.466
2425 1057.114
2426 2301.416
2426 988.816
2426 1192.618
2426 943.924
2426 837.21
2426 1598.214
2426 2148.448
2426 1591.428
2426 573.64
2426 2593.292
2426 701.14
2426 1625.964
2427 535.762
2427 2788.734
2427 1716.522
2427 941.574
2427 559.544
2427 471.41
2427 534.282
2427 967.724
2427 417.494
2427 530.662
2428 992.442
2428 1294.776
2428 2516.866
2428 565.4
2428 1283.828
2428 300.832
2428 746.472
2428 634.706
2428 1366.318
2429 1166.424
2429 568.198
2429 453.416
2429 663.204
2429 1503.156
2429 404.726
2429 690.166
2429 817.882
2429 784.62
2429 365.598
2430 665.808
2430 2920.202
2430 715.006
2430 1012.34
2430 886.662
2430 794.618
2430 1552.206
2430 397.39
2430 1159.794
2430 631.928
2430 883.098
2430 803.298
2431 690.916
2431 1489.446
2431 1478.318
2431 2011.864
2431 892.574
2431 2152.508
2431 1392.54
2431 3799.15
2431 1323.138
2431 1245.91
2431 1416.25
2431 500.698
2431 2164.06
2432 3186.886
2432 607.582
2432 742.604
2432 289.342
2432 632.23
2432 1188.728
2432 2381.512
2432 686.672
2432 996.894
2432 1812.04
2433 455.386
2433 2652.368
2433 744.516
2433 2030.748
2433 174.678
2433 604.088
2433 1084.09
2433 462.888
2434 837.772
2434 415.17
2434 1118.944
2434 742.07
2434 1377.834
2434 354.974
2434 2443.092
2434 1128.462
2434 1471.316
2434 2645.59
2434 694.192
2434 1913.824
2434 2785.63
2434 500.02
2434 1120.67
2434 504.08
2434 1796.106
2434 1498.412
2435 355.62
2435 755.808
2435 721.972
2435 662.148
2435 1333.6
2435 649.148
2435 1431.044
2436 1158.984
2436 578.798
2436 710.634
2436 1897.07
2436 1558.176
2436 450.71
2436 1298.56
2436 1155.88
2436 6618.724
2437 684.222
2437 980.904
2437 1082.39
2437 3184.778
2437 886.604
2437 357.706
2437 4002.522
2437 1637.61
2438 673.444
2438 1158.134
2438 1393.314
2438 590.894
2438 2088.926
2438 595.106
2439 1490.382
2439 1100.89
2439 2506.35
2439 316
2439 631.538
2439 782.91
2439 830.604
2440 1153.318
2440 494.644
2440 783.888
2440 490.544
2440 2881.172
2440 638.244
2440 791.516
2440 598.752
2440 670.616
2440 1657.534
2440 562.692
2440 902.18
2440 2367.026
2440 768.386
2441 2000.16
2441 783.092
2441 1452.31
2441 497.228
2441 489.07
2441 684.096
2441 867.094
2441 1571.028
2441 1424.992
2441 2326.784
2441 748.982
2441 906.132
2441 494.02
2441 482.528
2442 1522.044
2442 228.242
2442 1306.998
2442 467.378
2442 1151.934
2442 438.15
2442 362.478
2442 456.458
2443 1193.524
2443 850.934
2443 528.34
2443 503.816
2443 2629.528
2443 1068.33
2443 865.538
2444 931.012
2444 1479.992
2444 470.254
2444 553.702
2444 1609.772
2444 578.74
2445 3123.59
2445 730.108
2445 1598.568
2445 1810.198
2445 933.082
2445 446.664
2445 436.61
2446 1208.13
2446 732.414
2446 1032.696
2446 1707.65
2446 856.26
2446 581.518
2446 564.198
2447 1514.486
2447 1657.132
2447 2800.042
2447 800.452
2447 2142.236
2447 2073.078
2447 950.146
2447 1597.848
2447 1095.378
2447 777.12
2447 1426.722
2447 1897.058
2447 889.598
2447 1144.218
2447 1053.482
2447 1140.576
2447 2171.446
2447 751.508
2448 432.468
2448 1064.862
2448 832.762
2448 2509.406
2448 646.682
2448 1120.028
2448 718.77
2448 2024.6
2448 1006.138
2448 774.312
2448 1130.934
2448 417.278
2448 888.344
2448 1530.654
2448 905.784
2448 3255.744
2448 494.572
2449 694.774
2449 1283.572
2450 1279.81
2450 464.152
2450 403.454
2450 667.924
2450 1243.372
2450 547.316
2450 965.788
2450 518.736
2450 941.476
2450 596.348
2451 1317.926
2451 529.202
2451 5239.478
2451 839.344
2451 758.722
2451 406.654
2451 1772.392
2451 928.48
2451 2273.688
2451 492.636
2451 811.052
2452 585.91
2452 1725.964
2452 539.468
2452 688.44
2452 1664.058
2452 893.836
2452 1655.182
2452 1956.93
2452 767.368
2452 412.11
2452 575.638
2452 2750.7
2453 974.766
2453 2051.13
2453 371.366
2454 2024.226
2454 1291.974
2454 4328.006
2454 2269.544
2454 918.034
2454 1244.714
2454 849.598
2454 385.242
2454 1394.618
2454 1202.52
2454 423.486
2454 1689.682
2455 869.528
2455 571.542
2455 2557.776
2455 639.122
2455 618.516
2455 499.768
2455 1245.004
2455 2230.006
2455 713.502
2455 352.128
2455 431.506
2456 2805.124
2456 1777.074
2456 1906.602
2456 942.514
2456 871.326
2456 768.004
2456 1214.822
2456 1200.306
2457 795.776
2457 1276.852
2457 1013.134
2457 349.48
2457 1606.836
2458 1140.35
2458 770.234
2458 1078.824
2458 567.472
2458 680.63
2458 1284.188
2458 869.24
2458 573.042
2458 978.584
2458 1066.424
2459 758.88
2459 928.712
2459 2208.042
2459 2053.37
2459 1606.786
2459 2130.72
2459 225.546
2459 525.404
2459 884.072
2460 803.642
2460 391.688
2460 1073.13
2460 539.128
2460 1205.578
2460 1066.042
2461 555.022
2461 859.452
2461 4011.344
2461 2092.588
2461 1127.646
2461 938.15
2461 2202.164
2461 939.244
2461 1380.688
2462 1184.354
2462 1571.534
2462 1307.884
2462 405.096
2462 1023.038
2462 1172.308
2462 1182.084
2462 826.144
2462 946.212
2462 1910.152
2462 560.196
2463 834.766
2463 1734.908
2463 457.924
2463 2754.814
2463 814.27
2463 1020.178
2463 405.064
2463 1573.99
2463 980.874
2463 486.408
2464 669.254
2464 890.626
2464 1077.568
2464 2604.36
2464 841.582
2464 1923.082
2464 679.222
2464 583.078
2464 1149.9
2465 1046.7
2465 479.604
2465 1135.318
2465 472.136
2465 450.34
2465 2302.316
2465 1328.576
2465 1141.634
2465 2657.754
2465 357.822
2465 2717.67
2466 1547.212
2466 1525.372
2466 808.904
2466 1075.744
2466 238.268
2466 2391.18
2466 1896.026
2466 1421.596
2466 386.456
2466 1988.964
2466 457.616
2466 658.59
2467 2113.316
2467 1332.524
2467 914.606
2467 1548.702
2467 492.206
2467 380.634
2467 2464.134
2467 1443.776
2467 1127.966
2467 824.342
2467 463.042
2468 1373.936
2468 397.304
2468 1009.854
2468 740.716
2468 1091.368
2468 523.638
2468 875.038
2468 1401.272
2469 1436.922
2469 334.242
2469 686.544
2469 1176.082
2469 679.146
2469 2465.53
2470 2223.786
2470 469.372
2470 1053.29
2470 653.134
2470 334.026
2470 1240.218
2470 856.806
2470 889.89
2470 677.216
2470 601.3
2470 222.198
2471 1296.618
2471 555.37
2471 668.454
2471 528.732
2471 2702.274
2471 940.498
2471 1283.856
2472 1727.988
2472 1782.76
2472 1600.552
2472 1060.054
2472 980.93
2472 1153.934
2472 2676.73
2472 1215.03
2473 386.662
2473 920.094
2473 919.666
2473 617.608
2473 602.86
2474 1747.376
2474 2417.548
2474 1621.066
2474 680.352
2474 833.91
2474 1868.16
2474 503.892
2474 1232.144
2474 1428.572
2474 735.922
2474 797.574
2475 766.152
2475 391.304
2475 1463.342
2475 828.65
2475 518.554
2475 445.47
2476 2467.158
2476 1542.426
2476 742.808
2476 436.168
2476 633.728
2477 379.5
2477 889.256
2477 1597.96
2477 617.076
2477 562.906
2477 1135.444
2477 493.052
2477 236.198
2478 767.914
2478 1425.054
2478 735.52
2478 581.462
2478 362.382
2478 742.152
2478 1852.118
2478 967.268
2478 1073.596
2478 517.276
2479 1291.57
2479 581.034
2479 748.78
2479 2970.392
2479 519.966
2479 319.608
2479 1797.814
2479 890.044
2479 1459.324
2479 1125.462
2479 660.27
2479 4027.088
2479 1012.952
2479 1109.632
2479 1244.974
2480 1965.166
2480 987.268
2480 1562.318
2480 356.968
2480 240.652
2480 596.98
2480 1764.21
2480 884.628
2480 970.44
2481 975.028
2481 708.416
2481 535.44
2481 931.616
2481 494.64
2481 1595.076
2482 586.398
2482 1418.854
2482 582.936
2482 1103.518
2482 1032.076
2482 562.416
2482 1547.338
2482 1125.44
2482 3013.514
2482 1130.272
2482 817.768
2482 749.218
2483 342.292
2483 959.868
2483 715.75
2483 336.708
2483 802.912
2483 1669.362
2483 1571.794
2483 1483.18
2483 1370.068
2483 548.12
2483 931.318
2483 818.478
2483 1057.468
2484 433.24
2484 795.104
2484 646.866
2484 1067.176
2484 1032.892
2484 508.34
2484 1851.58
2484 3903.848
2484 861.09
2484 1381.51
2484 962.026
2484 1686.886
2484 367.12
2484 817.006
2484 1866.066
2484 719.916
2485 610.772
2485 1112.426
2485 639.562
2485 1499.87
2485 690.07
2485 734.156
2486 2195.708
2486 606.654
2486 767.332
2486 691.308
2486 492.276
2486 1941.358
2486 1017.628
2486 422.88
2486 716.354
2486 831.366
2486 568.134
2487 809.842
2487 2787.11
2487 338.002
2487 721.844
2487 838.524
2487 732.148
2487 364.914
2487 1332.21
2488 952.458
2488 699.088
2488 1620.14
2488 982.328
2488 997.296
2488 1023.41
2488 1159.594
2489 1579.528
2489 1558.924
2489 728.54
2489 828.298
2489 1870.806
2489 711.886
2489 1022.81
2490 1583.286
2490 575.632
2490 2644.496
2490 655.632
2490 1520.822
2490 732.972
2490 1602.33
2490 496.194
2490 1189.672
2490 969.76
2490 897.868
2491 1133.704
2491 429.2
2491 1081.286
2491 986.54
2491 344.43
2491 1501.58
2491 1265.998
2491 469.684
2492 504.014
2492 1022.992
2492 325.712
2492 344.974
2492 1774.854
2492 2125.084
2492 1256.77
2492 1596.624
2492 472.474
2492 1708.578
2492 1470
2492 293.08
2493 831.142
2493 456.094
2493 563.886
2493 3638.262
2493 972.892
2493 571.392
2493 902.098
2494 1234.13
2494 824.316
2494 1620.548
2494 1026.948
2494 1544.34
2494 330.424
2494 4311.834
2494 1269.848
2494 476.874
2494 389.09
2494 619.754
2494 590.438
2494 1429.85
2495 1176.412
2495 719.652
2495 1178.746
2495 2335.552
2495 510.938
2495 284.64
2495 937.944
2495 2470.812
2495 766.5
2496 1501.788
2496 1335.046
2496 1789.358
2496 514.476
2496 1433.808
2497 338.56
2497 1465.158
2497 1172.43
2497 482.524
2497 1651.448
2497 811.704
2497 1025.244
2497 642.404
2497 551.162
2497 268.63
2497 1094.404
2498 1149.168
2498 683.584
2498 1490.06
2498 453.628
2498 864.6
2498 1039.886
2498 819.412
2498 310.502
2498 2330.61
2498 332.914
2498 406.218
2498 697.192
2498 451.118
2498 337.736
2498 1675.906
2499 1723.85
2499 693.272
2499 3946.432
2499 820.726
2499 983.582
2499 718.838
2499 1954.042
2499 1286.916
2499 896.686
2499 596.136
2499 783.108
2500 1999.418
2500 2548.778
2500 1061.782
2500 421.514
2500 374.582
2500 1240.69
2500 315.352
2500 1019.746
2500 542.394
2500 1139.954
2501 311.768
2501 1761.764
2501 504.274
2501 685.432
2501 830.37
2501 724.296
2501 1953.364
2501 1754.646
2501 665.876
2502 2797.894
2502 642.292
2502 1431.978
2502 829.56
2502 1674.832
2502 750.918
2502 674.754
2502 259.77
2502 891.606
2502 1168.128
2502 1753.61
2503 1051.506
2503 1986.306
2503 767.088
2503 775.57
2503 1502.382
2503 979.462
2503 851.48
2503 2213.162
2503 406.158
2503 1154.302
2503 534.334
2503 2216.3
2503 2291.684
2503 337.036
2503 688.522
2504 1238.688
2504 1132.426
2504 637.576
2504 2134.616
2504 1265.794
2504 789.332
2504 261.422
2504 3299.784
2504 752.998
2504 1836.9
2505 2452.354
2505 1089.374
2505 675.032
2505 843.136
2505 380.414
2505 1159.424
2505 507.548
2505 901.036
2505 2101.126
2506 787.674
2506 534.132
2506 534.606
2506 778.796
2506 1519.338
2506 684.712
2506 488.652
2506 297.602
2506 1987.044
2506 1908.92
2506 702.63
2507 2567.594
2507 1538.486
2507 834.45
2507 852.808
2507 870.416
2507 1200.862
2508 579.64
2508 1315.626
2508 1102.864
2508 404.942
2508 744.076
2508 986.908
2508 1312.852
2508 2221.246
2509 688.32
2509 705.596
2509 865.786
2509 701.824
2509 908.116
2509 588.95
2509 867.972
2510 2682.054
2510 1647.47
2510 1353.276
2510 1649.7
2510 658.958
2510 1403.132
2510 4342.206
2510 966.89
2510 584.774
2510 352.57
2510 1422.766
2510 2332.876
2510 3919.69
2511 1220.35
2511 1445.734
2511 882.74
2511 731.134
2511 748.614
2511 1046.34
2511 1309.23
2511 1016.43
2511 531.494
2511 608.962
2511 581.702
2512 1089.456
2512 448.248
2512 294.836
2512 273.254
2512 1194.178
2512 419.492
2512 894.832
2512 862.124
2512 432.236
2512 1823.868
2512 712.098
2512 664.446
2512 2613.082
2512 363.218
2512 1093.53
2512 401.376
2513 1642.102
2513 1112.374
2513 925.036
2513 585.718
2513 3062.396
2513 2559.476
2513 1573.046
2513 999.402
2513 364.364
2513 1505.662
2514 511.276
2514 813.344
2514 844.726
2514 1024.63
2514 1642.396
2514 719.678
2514 895.106
2514 1469.668
2514 1291.424
2514 1650.456
2514 1311.806
2514 955.082
2514 1190.592
2514 1437.742
2514 1012.512
2514 389.518
2514 661.016
2515 1422.68
2515 387.342
2515 556.824
2515 1597.28
2515 701.11
2515 1058.904
2515 464.364
2515 720.276
2515 1891.28
2515 1009.948
2515 1628.004
2515 1730.228
2515 1297.114
2515 853.432
2516 1788.234
2516 1216.202
2516 2139.61
2516 601.01
2516 4327.394
2516 1062.962
2516 1159.402
2516 2523.87
2516 648.334
2516 1379.292
2517 983.694
2517 248.028
2517 1596.944
2517 1021.66
2517 1919.728
2517 1321.298
2517 1035.908
2517 1692.65
2517 900.458
2517 1099.6
2517 1405.932
2517 701.802
2518 470.376
2518 267.194
2518 1381.22
2518 661.182
2518 721.714
2518 242.79
2518 744.846
2518 615.34
2518 336.746
2519 780.712
2519 973.16
2519 960.826
2519 2043.96
2519 644.122
2519 807.374
2519 2421.534
2519 486.682
2519 648.546
2519 373.328
2519 620.216
2520 436.09
2520 1185.118
2520 574.106
2520 1151.666
2520 1369.558
2520 1306.416
2520 1224.484
2520 2022.126
2520 981.254
2521 727.116
2521 866.588
2521 441.452
2521 1435.288
2521 1425.324
2521 383.338
2521 2529.256
2521 1258.46
2521 1142.272
2521 1052.444
2521 477.052
2521 901.092
2521 546.91
2521 1247.374
2521 793.88
2522 1083.884
2522 1318.074
2522 865.022
2522 629.836
2522 1115.64
2522 601.736
2522 407.578
2522 368.546
2522 987.21
2522 880.254
2522 668.442
2523 690.23
2523 1829.1
2523 2455.178
2523 1811.258
2523 793.326
2523 2179.174
2523 401.202
2523 214.544
2523 1327.636
2523 998.442
2523 441.202
2523 685.644
2523 483.802
2524 841.776
2524 925.8
2524 1374.368
2524 2164.178
2524 1029.9
2524 1874.352
2524 1110.118
2524 572.362
2524 1239.444
2524 850.432
2524 1792.358
2525 2136.408
2525 741.534
2525 371.844
2525 1232.642
2525 838.028
2525 654.026
2525 564.706
2525 1375.788
2525 1149.516
2525 580.84
2525 1981.448
2526 1290.606
2526 371.388
2526 470.216
2526 1989.252
2526 343.666
2526 898.098
2526 1072.572
2526 739.02
2526 1080.106
2526 1283.478
2526 313.7
2526 808.646
2526 1607.528
2527 822.888
2527 526.382
2527 871.874
2527 1564.096
2527 884.716
2527 566.28
2527 777.662
2528 752.786
2528 412.094
2528 1422.672
2528 2172.346
2528 1329.502
2528 1403.062
2528 1463.538
2528 453.72
2528 695.904
2528 1366.036
2528 686.636
2528 1628.572
2528 894.76
2529 763.306
2529 2217.332
2529 449.672
2529 1091.418
2529 1164.106
2529 495.672
2529 1274.31
2529 1754.06
2529 2308.492
2529 1041.552
2529 622.058
2529 1237.034
2530 1587.396
2530 783.338
2530 747.554
2530 445.85
2530 1946.81
2530 683.752
2530 1300.362
2530 957.042
2530 454.512
2530 1172.692
2530 1761.892
2531 1666.046
2531 1296.306
2531 1298.09
2531 3706.832
2531 1288.198
2532 802.456
2532 1540.174
2532 1353.418
2532 879.586
2532 718.318
2532 924.004
2532 784.518
2532 962.62
2532 787.516
2532 582.312
2532 1287.162
2532 695.012
2532 488.146
2532 901.14
2532 1496.592
2533 250.572
2533 535.034
2533 297.024
2533 510.798
2533 843.582
2533 1042.854
2533 2362.65
2533 1323.122
2533 1296.902
2533 314.272
2533 2544.15
2533 1782.832
2533 1728.088
2533 2553.796
2533 743.68
2533 561.954
2534 2427.04
2534 1786.006
2534 3150.412
2534 968.154
2534 957.12
2534 1143.372
2534 2657.144
2534 1540.332
2535 767.072
2535 697.64
2535 738.02
2535 660.052
2535 892.188
2535 634.378
2535 1272.944
2535 475.218
2535 549.104
2536 1539.194
2536 711.524
2536 444.698
2536 1491.474
2536 735.446
2536 3185.914
2536 2137.77
2536 1812.138
2536 584.584
2536 493.344
2536 787.6
2536 844.228
2536 1009.182
2536 3439.746
2536 1703.694
2537 704.436
2537 578.698
2537 3773.756
2537 3581.636
2537 788.22
2537 648.336
2537 312.946
2537 2335.554
2537 1126.704
2537 1305.398
2537 676.96
2537 1849.876
2538 1456.028
2538 553.214
2538 873.118
2538 781.164
2538 1230.778
2538 1169.198
2539 2884.796
2539 1077.722
2539 1035.03
2539 1909.106
2539 601.236
2539 1061.358
2539 1638.616
2539 2520.228
2539 565.508
2539 1614.756
2540 490.58
2540 811.028
2540 1332.332
2540 835.292
2540 308.182
2540 564.222
2540 2661.57
2540 1509.872
2540 1007.212
2540 1969.628
2540 1065.976
2540 632.02
2541 1540.968
2541 1593.824
2541 1017.844
2541 743.328
2541 703.962
2541 1458.218
2541 716.224
2541 4541.636
2541 821.616
2542 479.62
2542 1229.3
2542 770.876
2542 417.638
2542 734.802
2542 392.07
2542 1598.312
2542 1445.11
2542 582.762
2542 370.574
2542 332.378
2542 513.688
2543 1240.25
2543 682.91
2543 2906.768
2543 452.008
2543 681.346
2543 261.746
2543 1388.9
2543 785.864
2543 1220.14
2543 2234.974
2544 1024.354
2544 497.674
2544 1448.724
2544 339.176
2544 1119.064
2544 4014.482
2544 3308.502
2544 1202.878
2545 4574.594
2545 2652.178
2545 723.228
2545 4482.432
2545 1209.068
2545 1201.558
2545 843.972
2546 593.364
2546 412.338
2546 525.368
2546 556.914
2546 477.68
2546 711.818
2546 1207.468
2546 1223.086
2546 1614.426
2547 1010.706
2547 2298.932
2547 613.69
2547 495.304
2547 1630.682
2547 785.378
2547 1620.338
2547 1553.54
2548 588.336
2548 1060.774
2548 337.252
2548 3959.486
2548 551.28
2548 300.792
2549 696.204
2549 939.63
2549 1384.798
2549 2042.318
2549 1825.162
2549 1302.07
2549 1522.796
2549 1752.938
2550 1553.198
2550 1164.766
2550 907.07
2550 1190.506
2550 491.574
2550 1128.398
2550 1381.664
2550 1270.11
2551 712.11
2551 606.018
2551 1224.746
2551 324.8
2551 528.642
2551 1250.564
2551 709.252
2551 309.272
2552 380.884
2552 2273.348
2552 1660.794
2552 378.464
2552 702.17
2552 388.366
2552 1200.504
2552 1240.636
2552 1491.924
2552 1013.58
2553 1016.196
2553 791.332
2553 1362.716
2553 619.712
2553 1155.616
2553 2792.742
2553 1166.572
2553 1571.498
2553 1966.194
2554 249.046
2554 865.584
2554 1359.65
2554 272.678
2554 655.006
2555 636.568
2555 1371.478
2555 626.74
2555 2231.052
2555 966.89
2555 1506.546
2555 2122.644
2556 1164.302
2556 620.36
2556 1684.642
2556 419.336
2556 1099.788
2556 828.422
2556 641.93
2557 835.252
2557 1002.436
2557 391.952
2557 694.926
2557 1135.832
2557 574
2557 3294.69
2557 848.36
2557 592.64
2557 828.042
2557 373.592
2557 855.914
2557 1518.49
2558 1369.198
2558 496.704
2558 604.692
2558 725.794
2558 418.604
2558 506.362
2558 699.546
2558 1078.568
2559 689.782
2559 272.698
2559 1542.404
2559 1042.93
2559 381.828
2559 919.366
2559 804.524
2559 614.218
2560 403.582
2560 2837.762
2560 1202.714
2560 504.022
2560 1951.42
2560 2590.38
2560 571.57
2560 611.378
2560 220.512
2560 862.952
2561 1231.702
2561 694.818
2561 1220.53
2561 815.486
2561 442.734
2561 279.598
2561 791.342
2561 548.282
2562 446.782
2562 1434.698
2562 559.76
2562 1199.848
2562 354.154
2562 1272.186
2562 1574.122
2562 821.664
2562 4215.076
2562 1327.962
2563 1070.052
2563 286.066
2563 829.012
2563 419.688
2563 3635.25
2563 2207.56
2563 866.202
2563 742.936
2563 461.914
2563 529.532
2563 1441.424
2564 264.502
2564 1785.628
2564 1268.05
2564 1443.574
2564 792.27
2564 366.55
2564 1876.888
2564 2443.798
2565 548.876
2565 789.45
2565 678.384
2565 521.594
2565 533.286
2565 829.14
2565 999.946
2565 1832.398
2565 607.206
2566 1151.45
2566 1222.142
2566 394.308
2566 1041.572
2566 1769.744
2566 1074.24
2566 2309.13
2566 965.032
2566 376.47
2566 669.928
2566 717.528
2566 434.946
2567 611.986
2567 1252.342
2567 1575.954
2567 5706.798
2567 1137.844
2567 1285.35
2567 526.908
2567 328.962
2567 703.416
2567 1106.604
2567 651.406
2567 2887.228
2567 432.616
2568 1398.924
2568 462.568
2568 417.378
2568 3143.096
2568 1048.554
2568 561.862
2568 863.154
2568 983.128
2568 505.622
2568 511.302
2568 1752.032
2569 368.704
2569 1718.878
2569 2251.004
2569 1774.878
2569 841.182
2569 2423.788
2569 523.71
2569 513.856
2569 882.556
2570 1269.114
2570 400.292
2570 1214.148
2570 829.556
2570 840.5
2570 290.33
2570 798.14
2570 752.98
2571 1787.626
2571 345.052
2571 710.914
2571 1576.612
2571 400.694
2572 274.776
2572 388.404
2572 1551.354
2572 336.446
2572 459.792
2572 409.264
2572 457.102
2573 1728.102
2573 497.648
2573 2109.606
2573 541.092
2573 1544.85
2573 1109.78
2573 1720.476
2573 877.05
2573 619.458
2574 1982.318
2574 1836.15
2574 827.068
2574 1795.632
2574 1739.796
2574 592.214
2574 994.278
2574 826.798
2574 367.016
2574 853.936
2574 1985.856
2575 491.318
2575 2311.752
2575 2143.022
2575 837.952
2575 1099.284
2575 306.778
2575 1258.832
2575 762.284
2575 610.45
2575 2242.856
2576 1029.754
2576 787.762
2576 629.398
2576 479.984
2576 648.21
2576 2918.944
2576 621.824
2576 472.676
2577 3245.83
2577 599.69
2577 1619.92
2577 761.952
2577 784.798
2577 818.776
2577 373.33
2577 1361.028
2577 952.628
2577 753.054
2577 636.106
2577 2356.664
2578 1034.062
2578 2570.398
2578 1390.57
2578 481.992
2578 1359.396
2578 1081.718
2578 843.092
2578 2368.214
2578 2564.95
2578 711.482
2578 968.004
2579 2083.048
2579 521.35
2579 690.334
2579 1133.088
2579 1084.278
2579 1281.692
2579 994.508
2579 556.104
2579 1160.766
2580 437.442
2580 602.724
2580 730.23
2580 1752.15
2580 2316.94
2580 741.96
2580 1521.488
2580 1458.438
2580 558.354
2580 614.334
2580 1534.642
2580 431.672
2581 1306.286
2581 209.934
2581 1130.656
2581 751.218
2581 1196.928
2581 2631.226
2581 1311.88
2582 885.752
2582 1165.972
2582 715.456
2582 918.368
2582 474.438
2582 2254.148
2582 1959.598
2582 1278.926
2582 751.534
2582 573.472
2583 897.19
2583 772.12
2583 742.084
2583 446.38
2583 1219.756
2583 861.864
2583 541.506
2584 1041.662
2584 660.372
2584 1164.002
2584 598.372
2584 671.026
2584 778.394
2584 576.392
2584 885.998
2584 362.93
2584 761.588
2584 607.422
2585 1468.146
2585 234.946
2585 1441.48
2585 520.708
2585 1375.678
2585 1101.926
2585 995.866
2585 529.312
2585 1942.254
2585 798.238
2585 1314.552
2586 894.594
2586 582.132
2586 1213.276
2586 385.128
2586 2076.85
2586 306.086
2586 2022.946
2586 972.766
2586 1241.54
2586 416.13
2586 1454.256
2586 608.764
2587 524.732
2587 1007.754
2587 313.836
2587 863.704
2587 1155.04
2587 1892.03
2587 1665.012
2587 987.03
2587 575.018
2587 639.422
2587 748.874
2587 306.044
2587 1310.308
2587 580.366
2587 1623.506
2588 540.022
2588 960.1
2588 760.204
2588 1142.408
2588 471.214
2588 883.792
2588 1926.82
2588 739.376
2588 1238.916
2588 588.714
2588 1325.142
2588 584.174
2588 5582.904
2588 235.624
2588 354.83
2589 436.376
2589 1786.326
2589 1116.874
2589 624.83
2589 847.704
2589 1080.864
2589 1004.434
2589 1377.46
2589 1059.92
2589 404.672
2589 457.696
2589 1368.988
2590 575.446
2590 546.75
2590 2333.02
2591 1056.856
2591 404.03
2591 785.872
2591 1781.47
2591 1347.836
2591 2186.554
2591 1163.296
2592 1596.352
2592 1029.126
2592 1264.78
2592 929.174
2592 1497.46
2592 1976.72
2593 1087.14
2593 1259.504
2593 430.594
2593 1837.868
2593 1456.546
2593 1120.376
2593 1021.864
2593 559.036
2593 522.92
2593 1454.164
2594 3693.76
2594 3207.262
2594 1483.818
2594 1751.004
2594 1394.18
2595 1271.77
2595 1536.796
2595 1945.228
2595 1258.772
2595 450.72
2595 1362.926
2595 1484.792
2595 2264.674
2595 1125.252
2595 862.056
2596 1069.472
2596 556.594
2596 596.166
2596 473.528
2596 718.22
2596 1200.354
2596 1555.656
2596 1881.062
2596 2388.014
2596 1474.208
2596 730.346
2596 1675.39
2597 412.776
2597 1168.852
2597 1144.544
2597 1276.328
2597 166.838
2597 1012.056
2597 2287.586
2597 751.558
2598 637.796
2598 418.144
2598 443.838
2598 1876.76
2598 248.398
2598 941.07
2598 1092.554
2599 1126.248
2599 991.482
2599 1364.204
2599 751.642
2599 668.738
2599 1092.07
2599 290.958
2600 630.054
2600 697.624
2600 1298.08
2600 1269.808
2600 762.206
2600 1098.06
2601 579.254
2601 417.38
2601 1461.73
2601 4051.552
2601 263.588
2601 1460.292
2601 443.222
2601 1419.406
2601 1250.622
2601 686.684
2601 1290.82
2601 1019.842
2601 530.848
2601 1316.87
2602 1084.706
2602 518.338
2602 906.436
2602 1495.042
2602 1210.322
2602 1118.188
2602 866.884
2602 2222.31
2603 475.086
2603 663.614
2603 1263.342
2603 459.418
2604 894.93
2604 562.926
2604 1621.184
2604 1731.228
2604 2729.578
2604 850.796
2604 178.988
2604 3033.642
2604 909.43
2604 2521.16
2604 2700.398
2605 632.122
2605 2071.998
2605 986.448
2605 2608.312
2605 636.798
2606 1336.316
2606 1792.312
2606 502.038
2606 664.91
2606 760.292
2606 2940.622
2606 673.34
2606 801.946
2606 1043.05
2606 775.642
2606 1125.178
2606 385.668
2606 1468.446
2606 727.156
2606 435.048
2606 573.626
2606 2018.434
2606 442.828
2606 2488.83
2606 859.416
2607 922.324
2607 1723.996
2607 653.846
2607 882.844
2607 273.76
2607 1101.39
2607 1756.466
2607 2732.58
2607 420.622
2607 420.648
2607 1608.388
2607 2294.038
2607 1945.324
2607 1054.816
2607 828.048
2607 933.626
2607 2779.828
2607 835.124
2607 541.046
2608 320.074
2608 448.26
2608 332.764
2608 747.932
2608 533.812
2608 917.286
2608 648.216
2608 1864.044
2608 1713.056
2608 968.532
2608 2901.508
2608 1038.886
2608 1924.36
2608 1385.162
2609 2692.292
2609 1793.226
2609 577.776
2609 1750.42
2609 976.828
2609 635.48
2609 971.276
2609 971.35
2609 1057.646
2609 309.516
2609 324.384
2609 2804.236
2610 4769.462
2610 781.674
2610 1109.388
2610 1824.486
2610 646.14
2610 1202.88
2610 687.598
2610 1750.036
2610 795.404
2610 688.246
2611 1573.254
2611 2125.646
2611 1455.174
2611 2310.708
2611 1513.298
2611 1728.958
2612 608.078
2612 362.944
2612 873.154
2612 820.772
2612 567.95
2612 572.292
2613 794.122
2613 1928.69
2613 1445.332
2613 401.09
2613 994.924
2613 363.512
2613 1781.408
2613 479.466
2613 470.034
2613 602.372
2614 705.086
2614 1296.278
2614 1452.788
2614 916.68
2614 529.366
2614 495.13
2614 3208.324
2614 2287.996
2614 2055.338
2614 630.874
2615 3833.62
2615 1624.478
2615 1765.762
2615 2308.772
2615 2508.452
2615 616.806
2615 1259.324
2615 1189.234
2615 937.57
2615 647.436
2615 455.95
2616 350.162
2616 1602.142
2616 893.628
2616 1661.27
2616 1796.272
2616 622.426
2616 2761.136
2616 2842.298
2616 1693.61
2617 657.964
2617 1874.514
2617 775.362
2617 1105.072
2617 656.304
2617 1015.508
2617 1267.862
2617 585.726
2617 651.2
2617 548.538
2618 475.582
2618 771.474
2618 2024.29
2618 990.45
2618 1526.708
2618 1460.628
2618 772.39
2618 597.81
2618 297.902
2618 866.178
2618 838.966
2619 454.84
2619 1263.584
2619 754.83
2619 1288.386
2619 2506.41
2619 1235.744
2619 925.942
2619 419.686
2620 2336.464
2620 1231.312
2620 861.274
2620 4115.33
2620 761.886
2620 480.498
2620 418.576
2620 1076.402
2621 2140.76
2621 543.958
2621 2055.214
2621 1224.852
2621 1485.106
2621 606.038
2621 1557.094
2622 560.958
2622 646.606
2622 585.802
2622 1030.37
2622 1292.794
2622 1144.412
2622 758.358
2622 736.678
2622 523.24
2622 1276.958
2623 320.984
2623 1862.652
2623 387.524
2623 451.838
2623 455.408
2623 1115.192
2623 925.388
2623 1747.376
2623 1755.948
2623 1376.48
2624 1700.642
2624 2798.162
2624 740.906
2624 515.248
2624 729.156
2624 396.872
2624 691.378
2624 1162.896
2624 240.376
2625 331.712
2625 1337.302
2625 357.268
2625 1106.464
2625 1827.528
2625 2216.282
2625 732.434
2625 527.262
2625 2413.7
2626 1312.906
2626 478.566
2626 532.934
2626 835.174
2626 815.494
2626 994.98
2626 1563.988
2626 2448.794
2627 601.52
2627 1793.804
2627 3595.488
2627 510.93
2627 1214.388
2627 2236.99
2627 813.702
2627 936.78
2627 491.684
2627 3325.914
2628 1189.144
2628 644.326
2628 1632.952
2628 866.564
2628 842.926
2628 2290.65
2628 415.048
2629 1429.576
2629 792.054
2629 292.55
2629 1082.528
2629 794.95
2629 970.174
2629 887.612
2630 754.466
2630 500.318
2630 538.18
2630 1641.92
2630 555.028
2630 1985.178
2630 1380.486
2630 3056.962
2630 2862.68
2630 1864.14
2630 399.394
2631 940.752
2631 1235.776
2631 559.544
2631 580.616
2631 2014.836
2632 775.918
2632 1395.328
2632 500.894
2632 587.04
2632 1131.616
2632 1026.386
2632 280.154
2632 1336.05
2633 1152.104
2633 1074.098
2633 569.182
2633 961.356
2633 1550.07
2633 715.42
2633 358.352
2633 340.81
2633 731.966
2633 1237.2
2633 1306.644
2633 658.784
2633 820.616
2633 535.894
2633 1224.636
2634 923.414
2634 300.004
2634 1706.556
2634 775.48
2634 1681.764
2634 3060.532
2634 1279.504
2634 515.962
2634 413.268
2634 3216.264
2634 2687.124
2634 607.336
2634 988.89
2634 416.666
2634 974.554
2634 1190.042
2635 531.968
2635 2121.508
2635 916.292
2635 2186.6
2635 885.8
2635 897.482
2635 886.828
2635 1667.866
2635 1767.256
2636 960.524
2636 1261.862
2636 1151.562
2636 952.544
2636 605.218
2636 660.132
2636 1979.798
2636 2494.968
2636 269.786
2636 1937.422
2636 1549.12
2637 1952.306
2637 1023.484
2637 510.704
2637 535.048
2637 1181.602
2637 204.902
2637 634.958
2637 796.578
2637 766.186
2637 516.216
2637 328.362
2638 622.69
2638 851.524
2638 962.832
2638 831.332
2638 619.052
2638 1252.802
2638 1429.724
2638 774.622
2639 1700.05
2639 1886.93
2639 1802.454
2639 702.48
2639 789.09
2639 1536.728
2639 489.56
2639 734.27
2639 1388.564
2639 384.494
2639 1065.942
2639 2099.546
2640 731.218
2640 2112.152
2640 527.024
2640 1523.536
2640 1320.768
2640 1287.274
2641 1360.024
2641 1312.936
2641 741.402
2641 364.984
2641 1408.5
2641 906.134
2641 1476.138
2641 945.202
2641 531.802
2641 1371.03
2641 1409.586
2641 821.612
2641 745.09
2641 757.616
2641 713.082
2641 1016.442
2642 851.888
2642 600.04
2642 2519.256
2642 382.116
2642 1720.04
2642 1503.652
2642 1485.89
2642 999.076
2642 1614.292
2642 1619.504
2643 756.908
2643 1575.224
2643 412.592
2643 1581.928
2643 2863.202
2643 820.246
2643 389.268
2643 927.582
2643 847.134
2643 891.318
2643 846.686
2643 317.192
2643 243.47
2643 784.77
2644 1484.024
2644 681.986
2644 1022.496
2644 571.168
2644 2715.154
2645 499.942
2645 954.556
2645 832.194
2645 3418.572
2645 1294.47
2645 1879.2
2645 1630.512
2645 738.196
2645 443.728
2645 1476.124
2645 1092.24
2645 657.158
2646 485.186
2646 1404.326
2646 417.178
2646 1980.222
2646 517.888
2646 2559.89
2646 941.052
2646 699.658
2646 1021.622
2646 598.09
2646 1160.978
2647 1168.356
2647 1181.308
2647 1339.372
2647 1360.556
2647 1810.798
2648 829.808
2648 910.65
2648 3168.158
2648 1298.748
2648 3192.662
2648 739.236
2648 1541.092
2648 382.534
2648 445.894
2648 1912.116
2648 432.268
2649 1953.476
2649 1261.036
2649 847.354
2649 764.85
2649 1192.768
2649 1955.792
2649 2127.114
2649 344.652
2649 781.842
2649 2120.69
2649 1316.22
2650 997.416
2650 499.684
2650 403.41
2650 1560.782
2650 512.294
2650 721.29
2650 1581.406
2650 1397.304
2650 593.322
2650 1102.754
2650 1274.46
2650 1066.034
2650 891.022
2650 424.174
2651 1894.922
2651 1681.958
2651 827.004
2651 891.726
2651 1324.662
2651 699.87
2652 1603.882
2652 375.778
2652 708.404
2652 950.942
2652 1506.672
2652 1166.106
2652 1266.272
2652 2023.702
2652 343.216
2652 567.488
2652 414.604
2652 654.334
2652 1738.24
2652 1992.066
2653 1062.424
2653 2415.734
2653 605.242
2653 768.656
2653 664.876
2653 850.364
2653 1526.104
2653 445.774
2653 706.364
2653 954.26
2653 1465.244
2654 839.972
2654 874.674
2654 807.188
2654 1733.876
2654 600.676
2654 896.056
2654 1709.014
2654 914.866
2654 744.554
2654 447.056
2654 1173.582
2654 1033.98
2654 615.45
2654 1176.856
2655 1050.778
2655 3268.698
2655 3047.87
2655 521.448
2655 1053.904
2655 1121.886
2655 1415.3
2655 550.066
2655 2209.908
2655 890.858
2656 1026.772
2656 2231.186
2656 492.918
2656 471.206
2656 860.25
2657 502.122
2657 2650.312
2657 243.32
2657 886.09
2657 3572.826
2657 887.736
2657 999.104
2657 857.936
2657 469.576
2657 2049.826
2657 1211.542
2658 829.998
2658 311.474
2658 1305.104
2658 513.5
2658 428.604
2658 810.258
2658 667.666
2658 362.478
2658 495.778
2658 411.546
2658 1322.122
2658 626.814
2658 720.278
2658 553.148
2658 694.834
2658 825.098
2658 834.186
2659 500.632
2659 759.714
2659 658.358
2659 1551.676
2659 600.174
2659 1392.176
2659 449.626
2659 378.112
2659 933.622
2659 818.75
2659 1102.608
2659 449.15
2660 577.88
2660 678.832
2660 468.364
2660 1083.07
2660 684.33
2660 907.968
2660 1315.232
2660 1466.392
2660 734.122
2660 655.51
2660 598.098
2660 563.08
2660 847.332
2660 1881.728
2660 1571.304
2661 685.57
2661 1383.42
2661 3321.576
2661 459.216
2662 814.676
2662 775.518
2662 1952.016
2662 1731.468
2662 963.996
2662 1119.148
2662 1178.886
2662 761.146
2662 252.518
2662 290.334
2662 1108.844
2662 1691.384
2663 600.716
2663 2326.552
2663 1059.492
2663 424.21
2663 2948.648
2663 673.47
2663 1455.414
2663 541.272
2663 1523.928
2663 1274.838
2663 1142.224
2663 2280.89
2664 1722.098
2664 354.1
2664 597.012
2664 1321.774
2664 705.856
2664 2080.022
2664 3051.25
2664 961.866
2664 844.938
2665 750.354
2665 829.64
2665 919.224
2665 1498.692
2665 1718.05
2665 593.178
2665 1071.41
2665 2189.056
2665 771.562
2665 621.786
2666 1402.884
2666 822.386
2666 613.088
2666 821
2666 913.49
2666 1736.63
2666 1133.942
2666 1245.864
2666 1060.128
2667 1761.726
2667 697.994
2667 581.8
2667 823.856
2667 1277.726
2667 3266.114
2667 1999.354
2667 1311.942
2667 1334.332
2667 1444.216
2667 419.656
2667 1294.254
2667 235.44
2667 1293.556
2667 3289.464
2667 406.624
2667 745.726
2668 1099.524
2668 489.652
2668 1353.74
2668 1592.046
2668 737.282
2668 364.206
2668 1147.678
2668 722.658
2668 448.498
2668 725.41
2668 430.592
2668 1181.996
2668 454.244
2668 1087.166
2668 383.382
2669 868.606
2669 965.582
2669 2693.682
2669 691.606
2669 381.434
2669 911.192
2669 921.598
2670 1092.532
2670 1804.684
2670 785.944
2670 1661.176
2670 581.004
2670 575.576
2670 1313.312
2670 788.012
2670 983.236
2670 1258.846
2670 463.804
2670 1803.594
2670 1328.092
2671 1324.216
2671 369.758
2671 529.19
2671 2038.986
2671 1582.136
2671 807.984
2671 850.17
2671 1088.836
2671 691.434
2672 428.868
2672 1939.604
2672 894.516
2672 4868.858
2672 941.018
2672 1699.81
2672 530.216
2672 580.312
2672 424.484
2672 1096.136
2672 332.158
2672 1655.034
2673 291.068
2673 3207.14
2673 1770.058
2673 1080.994
2673 777.976
2673 3099.524
2673 2112.518
2673 2135.332
2673 685.252
2673 851.608
2674 1013.946
2674 564.798
2674 820.08
2674 379.238
2674 838.51
2674 1306.798
2674 698.006
2674 1178.708
2674 1296.916
2674 1617.482
2674 813.212
2674 1306.136
2674 644.884
2674 1036.12
2674 2251.578
2675 1091.338
2675 403.542
2675 594.236
2675 957.48
2675 691.656
2675 1316.146
2675 1123.018
2675 2028.672
2675 1683.712
2675 543.822
2675 1201.35
2675 935.098
2675 374.732
2675 607.14
2675 1745.018
2675 1177.45
2676 822.642
2676 462.776
2676 437.7
2676 502.194
2676 699.058
2676 1623.832
2676 651.178
2676 1006.336
2677 399.546
2677 626.748
2677 271.998
2677 436.64
2677 3075.784
2677 1951.096
2677 397.762
2677 816.682
2677 300.44
2677 254.952
2677 775.97
2677 1055.262
2677 2471.366
2678 1268.374
2678 896.504
2678 614.826
2678 682.308
2678 397.164
2678 475.042
2678 821.212
2678 2277.46
2679 326.57
2679 1785.224
2679 1188.022
2679 2757.578
2679 1136.156
2679 1353.242
2679 2305.982
2680 951.25
2680 720.746
2680 633.18
2680 525.126
2680 239.976
2680 1722.916
2680 858.552
2680 961.936
2680 570.548
2681 559.496
2681 644.966
2681 1378.652
2681 576.042
2681 967.606
2681 1044.992
2681 1651.656
2681 2399.3
2681 3186.59
2681 1387.946
2681 2195.45
2682 859.62
2682 1262.81
2682 1058.574
2682 2423.524
2682 1155.674
2682 739.012
2682 2410.7
2682 373.056
2682 751.068
2682 708.72
2682 1989.142
2682 572.244
2682 3215.05
2682 532.66
2683 841.934
2683 2318.086
2683 988.824
2683 1606.164
2683 2932.558
2683 1038.06
2683 2399.88
2683 714.422
2683 1208.414
2683 3279.14
2683 2794.192
2683 482.766
2683 991.728
2684 1722.26
2684 343.238
2684 2576.818
2684 585.784
2684 944.986
2684 1837.662
2684 730.38
2684 372.486
2684 1271.948
2684 1008.342
2684 3697.458
2684 1997.718
2684 438.516
2684 685.982
2685 651.566
2685 1208.954
2685 540.47
2685 588.028
2685 1739.58
2685 5201.826
2685 1546.442
2685 1764.312
2685 1122.204
2686 1200.73
2686 1386.32
2686 1625.186
2686 1883.01
2686 1100.042
2686 1089.524
2686 835.238
2686 1028.314
2686 2292.64
2687 1032.886
2687 349.922
2687 2069.332
2687 802.138
2687 659.312
2687 1985.584
2687 1200.306
2687 583.964
2688 847.076
2688 823.604
2688 1499.922
2688 1037.892
2688 1582.534
2688 636.7
2689 690.694
2689 803.178
2689 802.492
2689 1632.928
2689 2633.948
2689 1293.49
2689 952.474
2689 1198.114
2690 526.27
2690 694.4
2690 1134.136
2690 766.954
2690 3828.884
2690 1558.244
2690 385.372
2691 970.13
2691 2175.24
2691 475.494
2691 1137.326
2691 525.864
2692 572.264
2692 1033.616
2692 781.004
2692 1369.112
2692 402.454
2692 1839.974
2692 909.716
2692 1042.63
2692 434.916
2692 1117.296
2693 623.168
2693 813.082
2693 1736.732
2693 632.826
2693 941.582
2693 370.014
2693 1655.67
2693 2014.994
2693 1619.63
2694 1852.484
2694 533.924
2694 930.07
2694 985.186
2694 445.682
2694 812.066
2694 2481.038
2694 650.798
2694 692.22
2694 827.684
2695 893.802
2695 444.458
2695 1412.65
2695 1283.55
2695 779.472
2695 1438.892
2695 999.01
2696 668.382
2696 646.562
2696 937.686
2696 819.486
2696 1332.944
2696 2281.834
2696 1879.046
2696 856.012
2697 803.446
2697 494.668
2697 736.394
2697 1501.852
2698 2152.432
2698 601.76
2698 434.588
2698 939.958
2698 2236.842
2698 1107.18
2698 1472.314
2698 852.964
2698 727.152
2699 505.862
2699 1079.08
2699 352.142
2699 537.62
2699 400.058
2699 1372.412
2699 1274.4
2699 429.646
2699 516.764
2699 526.214
2699 437.2
2699 570.132
2700 630.146
2700 1700.406
2700 1273.418
2700 1742.894
2700 778.082
2700 1078.44
2700 700.746
2701 1240.476
2701 1782.088
2701 450.912
2701 958.624
2701 518.8
2701 326.866
2701 1248.192
2701 1639.514
2701 702
2701 549.572
2701 731.18
2701 948.476
2701 1596.938
2702 668.988
2702 1493.2
2702 1102.242
2702 807.432
2702 931.428
2702 1116.962
2702 1259.474
2702 428.164
2702 2523.9
2702 379.898
2702 638.314
2703 472.35
2703 855.08
2703 948.22
2703 2508.62
2703 385.792
2704 482.34
2704 843.96
2704 822.12
2704 512.054
2704 489.672
2704 580.904
2704 1839.744
2704 1265.944
2705 2400.494
2705 1246.288
2705 742
2705 753.256
2705 1016.736
2705 1031.4
2705 933.796
2706 416.108
2706 1039.388
2706 534.192
2706 927.67
2706 470.994
2706 1364.104
2706 2852.086
2706 947.306
2706 1782.804
2706 592.874
2706 460.11
2707 2078.052
2707 1459.6
2707 1718.994
2707 686.446
2707 1684.934
2707 1033.594
2707 831.136
2707 1170.556
2707 265.224
2708 1091.87
2708 2303.214
2708 449.696
2708 1084.868
2708 861.87
2708 800.58
2708 4610.842
2708 2389.404
2709 4780.084
2709 5029.886
2709 645.576
2709 1243.134
2709 762.198
2709 754.322
2709 1382.294
2709 3247.012
2709 1374.21
2709 1148.98
2709 909.852
2709 900.79
2710 504.766
2710 734.134
2710 756.662
2710 591.35
2710 884.318
2710 493.804
2710 2907.392
2710 927.204
2710 334.852
2710 1251.396
2710 1448.912
2711 890.82
2711 843.924
2711 2612.464
2711 1342.866
2711 812.874
2711 846.288
2711 1166.304
2711 562.304
2712 416.876
2712 2102.934
2712 605.64
2712 491.766
2712 1278.438
2712 510.092
2712 1450.818
2712 607.052
2712 1068.386
2712 892.24
2712 984.442
2713 605.732
2713 1389.098
2713 2272.242
2713 937.626
2713 577.486
2713 562.104
2713 1117.962
2713 478.316
2713 2209.76
2713 1463.936
2714 659.526
2714 643.034
2714 1567.726
2714 1084.476
2714 2510.172
2714 937.842
2714 661.424
2714 1477.862
2714 579.116
2714 874.83
2714 903.73
2715 1303.172
2715 628.424
2715 902.586
2715 406.548
2715 3573.854
2715 642.394
2715 827.022
2715 735.594
2716 985.872
2716 2213.904
2716 3531.678
2716 735.848
2716 1774.484
2716 212.476
2716 3515.99
2716 664.73
2717 685.342
2717 1075.32
2717 637.776
2717 1469.77
2717 1735.098
2717 510.554
2717 1182.008
2718 433.71
2718 513.746
2718 2963.582
2718 839.832
2718 1697.38
2718 388.45
2718 2349.598
2718 1797.57
2718 583.93
2718 1048.652
2719 1229.652
2719 555.328
2719 432.81
2719 746.802
2719 1530.474
2719 1158.352
2719 813.158
2719 1044.612
2719 1892.91
2720 652.086
2720 844.538
2720 474.278
2720 844.082
2720 1373.182
2720 1621.11
2720 629.426
2720 1110.03
2720 556.12
2720 1879.902
2720 4197.84
2720 330.922
2720 1487.88
2720 621.592
2720 787.19
2721 596.79
2721 723.056
2721 1220.452
2721 430.812
2722 2331.076
2722 2709.886
2722 419.29
2722 498.6
2722 412.354
2722 974.852
2723 1141.104
2723 2042.016
2723 682.992
2723 629.5
2723 1279.118
2723 769.828
2723 1382.9
2723 956.272
2723 766.722
2724 3928.408
2724 374.132
2724 808.256
2724 773.774
2724 567.902
2724 921.57
2724 251.376
2724 1183.608
2724 972.586
2724 730.588
2724 481.28
2724 998.086
2725 913.826
2725 1078.446
2725 364.456
2725 711.31
2725 490.486
2725 741.632
2725 502.586
2725 727.648
2725 1874.948
2725 612.084
2725 673.758
2725 438.818
2726 688.814
2726 2591.718
2726 986.494
2726 1058.298
2726 1130.608
2726 1108.928
2726 572.3
2727 2312.318
2727 926.65
2727 710.762
2727 766.182
2727 708.89
2727 1169.398
2727 1099.068
2727 415.666
2727 2708.806
2727 1027.814
2727 654.756
2728 1331.412
2728 2605.526
2728 1722.844
2728 1747.648
2728 614.834
2728 915.902
2728 760.522
2728 964.194
2728 2581.018
2728 463.838
2728 2290.236
2729 1306.912
2729 775.974
2729 2544.678
2729 469.716
2729 568.62
2729 1009.456
2729 520.244
2730 1206.758
2730 3163.078
2730 4585.256
2730 1381.146
2730 845.146
2730 1189.934
2730 538.822
2730 2772.654
2730 981.152
2730 951.456
2730 520.444
2731 1816.618
2731 775.242
2731 1029.03
2731 1273.412
2731 1269.136
2731 1287.802
2731 1390.786
2731 1402.678
2731 1030.066
2731 891.106
2732 694.304
2732 878.25
2733 751.544
2733 792.18
2733 946.848
2733 389.874
2733 1857.676
2733 1077.378
2733 1510.344
2733 4190.088
2733 1397.186
2734 745.056
2734 546.046
2734 472.924
2734 1280.922
2734 1095.522
2734 1390.86
2734 1206.4
2734 1809.534
2735 1452.954
2735 851.496
2735 1146.388
2735 508.036
2735 504.718
2735 1289.894
2735 1014.426
2735 833.724
2735 1311.582
2736 346.952
2736 1283.894
2736 799
2736 1782.638
2736 338.8
2736 2100.862
2736 1344.902
2737 792.898
2737 326.326
2737 426.678
2737 534.176
2737 272.976
2738 1316.752
2738 720.166
2738 578.12
2738 2715.048
2738 653.516
2738 1203.288
2738 1208.328
2738 814.09
2738 3274.668
2738 414.002
2738 554.506
2738 290.124
2738 605.14
2739 824.7
2739 406.748
2739 1399.914
2739 658.316
2739 476.852
2739 903.296
2739 1698.848
2739 692
2740 597.678
2740 1837.738
2740 585.428
2740 1553.006
2740 1149.706
2740 1106.268
2740 1264.716
2740 524.652
2740 378.128
2740 1137.934
2741 610.798
2741 739.298
2741 753.02
2741 771.384
2741 927.92
2741 766.284
2742 1571.62
2742 1778.14
2742 542.052
2742 1513.742
2742 606.872
2742 940.046
2742 714.04
2742 976.704
2742 494.616
2742 1681.6
2742 1185.814
2742 699.504
2743 1689.62
2743 594.988
2743 764.768
2743 960.762
2743 1267.132
2743 1768.224
2743 1301.162
2744 622.954
2744 2838.452
2744 913.774
2744 668.342
2744 691.916
2744 730.958
2744 438.096
2745 666.058
2745 1593.502
2745 1184.632
2745 1638.968
2745 593.452
2745 356.556
2745 961.784
2746 761.892
2746 2209.104
2746 1092.782
2746 1434.948
2746 1139.104
2746 921.13
2747 855.638
2747 2054.824
2747 2073.876
2747 1164.476
2747 692.19
2747 1728.992
2747 1418.41
2748 2003.152
2748 621.892
2748 1870.664
2748 652.65
2748 2640.242
2748 602.358
2748 2120.696
2748 966.124
2748 434.588
2748 1227.58
2748 429.074
2749 1273.982
2749 1179.236
2749 1296.404
2749 871.45
2749 1317.986
2749 1087.344
2749 882.474
2749 741.052
2749 1301.32
2749 2575.356
2750 643.894
2750 1209.278
2750 1328.696
2750 891.558
2750 775.198
2750 2060.074
2750 150.63
2750 2867.61
2750 863.402
2750 1154.5
2751 687.296
2751 358.548
2751 1562.672
2751 1125.722
2751 1523.166
2751 1484.018
2751 1469.612
2751 1453.544
2751 1738.686
2751 436.156
2751 1284.04
2751 369.462
2751 349.128
2752 1699.724
2752 1569.412
2752 307.698
2752 1788.684
2752 1017.976
2752 1503.892
2752 1441.054
2752 1213.32
2752 1933.498
2752 1837.538
2752 664.66
2752 1376.08
2752 720.118
2753 499.272
2753 2166.058
2753 1854.336
2753 3055.054
2753 1112.582
2753 3358.088
2753 282.634
2753 437.324
2754 432.314
2754 984.616
2754 1952.248
2754 926.162
2754 1378.846
2754 1014.362
2754 559.284
2754 357.186
2754 1078.532
2754 1222.074
2754 548.818
2755 814.486
2755 483.1
2755 857.588
2755 553.214
2755 1619.454
2755 2284.09
2755 1204.818
2756 1282.66
2756 431.918
2756 1478.74
2756 930.182
2756 339.912
2757 535.506
2757 631.634
2757 1366.838
2757 529.03
2757 2222.342
2757 1407.448
2757 2832.876
2757 2526.826
2757 1320.676
2757 390.01
2757 1519.272
2758 489.19
2758 488.842
2758 2714.014
2758 2918.45
2758 733.858
2758 657.23
2758 870.04
2758 932.804
2758 445.184
2758 1453.402
2758 1723.862
2758 877.182
2758 1726.566
2758 697.078
2759 967.984
2759 506.532
2759 1255.356
2759 480.026
2759 1640.972
2759 328.158
2759 1345.874
2760 572.414
2760 375.26
2760 1983.912
2760 2038.606
2760 789.156
2760 2040.396
2760 609.752
2761 1102.042
2761 297.22
2761 332.128
2761 1369.134
2761 697.482
2761 1523.874
2761 1600.474
2762 1119.1
2762 1211.822
2762 1579.884
2762 1393.764
2762 185.818
2762 515.348
2762 752.554
2762 1722.742
2762 1041.63
2762 727.736
2763 376.55
2763 1730.284
2763 1367.678
2763 2215.75
2763 974.474
2763 4618.074
2763 474.138
2763 396.892
2764 915.232
2764 1041.838
2764 1419.304
2764 796.894
2764 1089.386
2764 2331.844
2764 873.148
2764 1062.848
2764 690.598
2764 652.056
2765 630.87
2765 3129.566
2765 2381.792
2765 703.968
2765 737.774
2765 3194.694
2765 2075.44
2765 826.302
2765 488.72
2766 889.326
2766 1245.726
2766 1349.93
2766 522.58
2766 987.096
2766 2082.072
2766 1037.12
2767 1847.66
2767 519.39
2767 1296.504
2767 1899.206
2767 581.334
2767 734.656
2767 509.3
2767 1064.554
2767 1241.93
2768 923.794
2768 1302.426
2768 861.832
2768 480.808
2768 874.156
2768 3756.514
2768 945.146
2768 565.122
2769 1221.69
2769 2021.142
2769 1340.192
2769 405.34
2769 1530.154
2769 622.406
2769 510.832
2769 396.822
2769 1560.456
2769 1155.858
2769 1306.42
2769 1638.608
2769 202.108
2769 4560.808
2770 743.204
2770 2143.46
2770 693.762
2770 531.008
2770 466.002
2770 591.786
2770 1553.24
2770 875.878
2770 919.452
2771 1540.74
2771 262.312
2771 1607.196
2771 766.836
2771 690.638
2771 892.9
2771 504.412
2771 1076.06
2771 869.524
2772 740.808
2772 1209.936
2772 2909.86
2772 2250.462
2772 736.056
2772 755.846
2772 987.312
2772 1353.922
2772 423.358
2773 1610.504
2773 4431.544
2773 1120.294
2773 3505.786
2773 2124.684
2773 3260.936
2773 1850.312
2773 647.026
2774 806.64
2774 498.068
2774 1195.384
2774 1819.186
2774 898.008
2774 374.524
2774 1795.762
2774 649.2
2774 1009.982
2774 1462.944
2774 1228.112
2775 492.362
2775 1135.138
2775 1099.834
2775 321.444
2775 641.386
2775 549.28
2775 1125.8
2775 823.22
2775 1496.17
2775 1206.654
2775 708.85
2775 727.82
2775 1661.278
2775 2694.174
2775 1233.864
2775 925.934
2776 314.756
2776 932.606
2776 2054.8
2776 1144.23
2776 987.288
2776 326.122
2776 378.29
2776 1348.342
2776 895.242
2776 2213.868
2777 1108.14
2777 562.286
2777 949.31
2777 388.94
2777 1303.644
2777 424.36
2777 2856.818
2777 1183.074
2777 840.438
2777 489.222
2778 1123.628
2778 1968.364
2778 1760.16
2778 1008.63
2778 1219.748
2778 340.91
2778 890.574
2778 966.804
2778 1168.972
2778 747.504
2778 2987.504
2778 500.376
2778 805.498
2779 1094.408
2779 990.156
2779 1599.612
2779 1169.648
2779 1535.826
2779 1397.63
2779 644.644
2779 682.778
2779 3019.952
2779 1137.6
2779 2914.428
2779 564.186
2780 782.654
2780 301.034
2780 1457.064
2780 570.894
2780 353.686
2780 503.314
2780 2149.406
2780 1605.158
2781 576.564
2781 1302.718
2781 735.942
2781 1349.296
2781 877.604
2781 1652.422
2781 1797.372
2782 415.35
2782 1231.064
2782 3642.522
2782 984.04
2782 573.71
2782 510.746
2782 1478.766
2782 396.636
2782 1064.07
2782 946.684
2782 764.28
2782 1077.146
2782 748.7
2782 354.724
2783 574.554
2783 971.602
2783 763.398
2783 430.042
2783 382.96
2783 1313.24
2783 1298.106
2783 717.842
2783 2317.72
2783 802.112
2783 505.372
2784 605.626
2784 476.574
2784 1578.582
2784 758.066
2784 867.418
2784 330.814
2784 769.268
2784 1504.766
2785 741.9
2785 1512.41
2785 963.956
2785 474.864
2785 979.572
2785 482.886
2785 507.604
2785 711.01
2785 679.86
2786 1379.296
2786 830.886
2786 1906.024
2786 481.266
2786 612.444
2786 2747.978
2786 400.976
2786 1160.15
2786 1849.348
2787 2183.54
2787 953.254
2787 1485.99
2787 669.938
2787 1398.894
2787 504.68
2787 451.566
2787 893.808
2787 590.186
2787 529.84
2787 1100.82
2787 604.628
2788 410.416
2788 265.448
2788 1058.274
2788 585.366
2788 1575.752
2788 2586.938
2788 892.924
2788 1413.718
2788 768.618
2788 684.43
2789 526.296
2789 700.104
2789 648.27
2789 1533.478
2789 1781.318
2789 835.472
2789 1198.768
2789 546.014
2789 446.75
2789 664.916
2789 698.534
2789 1997.78
2790 1012.67
2790 1101.89
2790 1096.068
2790 1313.926
2790 730.988
2790 2340.006
2790 985.53
2790 760.562
2790 744.742
2790 760.374
2790 1163.814
2791 2328.58
2791 358.956
2791 439.898
2791 1003.232
2791 663.79
2791 879.628
2791 955.918
2791 1340.192
2791 755.046
2791 428.598
2792 1115.062
2792 554.774
2792 915.07
2792 969.994
2792 1071.74
2792 1116.546
2792 1724.904
2792 714.788
2792 422.194
2792 563.662
2792 538.706
2793 816.844
2793 1031.004
2793 2526.218
2793 2413.726
2793 1227.766
2793 882.29
2793 1587.472
2793 870.35
2794 3279.412
2794 916.144
2794 863.896
2794 2076.588
2794 682.458
2794 1511.624
2794 1557.694
2794 699.392
2794 965.412
2795 1214.78
2795 950.272
2795 674.166
2795 1363.422
2795 605.754
2795 1184.992
2795 2064.334
2795 709.394
2795 2071.728
2795 1982.802
2795 1817.088
2796 1771.626
2796 1731.924
2796 539.334
2796 1462.806
2796 556.784
2796 1189.688
2796 1230.396
2796 1581.026
2796 1000.96
2796 816.214
2796 446.07
2797 825.362
2797 827.918
2797 339.606
2797 393.404
2797 721.866
2797 1081.474
2797 836.392
2797 1182.548
2797 521.962
2797 1397.232
2797 532.23
2797 2028.068
2798 894.424
2798 1362.822
2798 743.574
2798 2142.35
2798 1239.594
2798 869.178
2798 613.842
2798 1636.126
2798 621.132
2798 1034.828
2798 361.298
2799 927.202
2799 526.042
2799 540.588
2799 604.006
2799 634.794
2799 376.114
2799 922.93
2799 839.802
2799 736.664
2799 1569.812
2799 1247.178
2800 1186.868
2800 960.582
2800 1480.84
2800 599.034
2800 802.956
2800 768.898
2800 1474.46
2800 1533.696
2800 2107.33
2800 328.644
2801 1227.096
2801 2163.626
2801 869.522
2801 670.816
2801 752.59
2801 2343.106
2801 730.026
2801 393.314
2801 838.856
2801 949.648
2801 620.028
2801 1519.712
2801 1014.066
2802 1496.11
2802 823.416
2802 1268.392
2802 1078.072
2802 290.756
2802 462.868
2802 387.81
2802 617.174
2802 1382.904
2802 1699.214
2802 731.316
2802 1082.544
2802 4582.994
2802 329.47
2803 1114.912
2803 1182.702
2803 810.134
2803 1162.71
2803 828.516
2803 758.064
2803 928.078
2803 620.322
2803 1112.256
2804 699.136
2804 774.868
2804 1679.722
2804 326.078
2804 665.496
2804 849.052
2804 966.29
2804 568.402
2804 1608.482
2804 357.834
2804 774.45
2804 1987.188
2804 1023.53
2805 382.45
2805 1355.966
2805 202.66
2805 394.57
2805 1537.972
2805 860.41
2805 597.386
2805 679.314
2805 1024.468
2805 1215.798
2805 372.392
2805 654.568
2806 1510.966
2806 2757.944
2806 1144.594
2806 1692.898
2806 1846.214
2806 3212.838
2806 1896.052
2806 1238.758
2806 885.674
2806 857.318
2807 1863.184
2807 1170.08
2807 1075.576
2807 891.606
2807 925.36
2807 747.288
2807 357.666
2807 817.742
2808 1524.948
2808 1638.128
2808 1052.94
2808 1515.942
2808 670.256
2808 554.856
2808 1196.11
2808 3077.776
2808 601.246
2808 620.944
2808 1468.868
2809 560.892
2809 2219.546
2809 1250.91
2809 1150.024
2809 462.072
2809 2342.636
2809 598
2809 857.272
2809 323.636
2809 700.038
2809 904.952
2810 2023.448
2810 919.854
2810 291.9
2810 1306.698
2810 659.844
2810 815.026
2810 883.864
2810 1102.406
2810 1767.86
2810 828.9
2810 1045.438
2810 469.1
2810 912.97
2811 893.25
2811 1719.68
2811 623.852
2811 484.602
2811 817.02
2811 1090.202
2811 410.09
2811 1907.75
2811 290.324
2811 295.568
2811 1034.69
2811 2091.518
2812 3583.292
2812 1653.834
2812 740.6
2812 1529.454
2812 526.64
2812 865.568
2812 360.84
2813 782.304
2813 732.016
2813 952.776
2813 748.552
2813 1164
2813 722.01
2813 2028.986
2813 881.816
2813 890.482
2813 579.702
2813 357.296
2813 1265.168
2814 1334.492
2814 1057.34
2814 716.272
2814 1158.972
2814 461.978
2814 2771.666
2814 797.146
2814 559.258
2815 363.226
2815 4209.056
2815 1038.936
2815 691.542
2815 545.374
2815 1489.432
2815 1102.36
2815 1630.38
2815 654.902
2815 1586.744
2815 584.082
2815 521.988
2815 1106.222
2815 1407.402
2815 419.046
2815 445.156
2816 913.804
2816 388.308
2816 755.07
2816 579.326
2816 263.474
2816 525.702
2816 400.134
2816 814.988
2816 583.634
2816 549.662
2816 937.768
2816 1460.372
2816 1790.252
2816 1581.034
2816 439.682
2816 590.292
2817 709.166
2817 861.1
2817 1466.3
2817 511.318
2817 2455.064
2817 417.734
2817 1119.184
2817 1728.26
2817 674.558
2817 842.662
2817 1518.074
2817 1200.5
2818 1000.402
2818 787.622
2818 659.052
2818 656.702
2818 1011.714
2818 687.63
2819 2162.376
2819 847.734
2819 527.952
2819 706.31
2819 962.778
2819 1216.966
2819 3542.944
2819 665.51
2819 1237.338
2819 447.168
2819 972.58
2820 964.13
2820 1449.414
2820 1436.942
2820 597.836
2820 953.748
2820 1216.742
2820 891.636
2820 753.88
2820 1809.002
2820 689.974
2821 360.722
2821 408
2821 662.998
2821 568.018
2821 455.958
2821 477.42
2821 1595.76
2822 1319.704
2822 789.396
2822 525.35
2822 578.764
2822 476.37
2822 930.148
2822 2292.358
2822 2280.914
2822 670.472
2822 1499.714
2823 1844.068
2823 334.654
2823 1377.302
2823 1145.642
2823 681.25
2823 1187.462
2823 2954.268
2823 417.996
2824 714.676
2824 309.434
2824 408.47
2824 964.86
2824 653.704
2824 1281.748
2825 1482.606
2825 651.7
2825 1829.38
2825 650.542
2825 740.89
2825 518.91
2825 1052.936
2825 297.936
2825 423.046
2825 527.126
2825 936.67
2825 760.974
2825 1103.366
2825 1523.426
2825 2909.37
2825 651.59
2826 338.594
2826 884.104
2826 1347.66
2826 512.448
2826 416.198
2826 571.252
2827 1619.752
2827 1500.546
2827 534.696
2827 1492.604
2827 985.674
2827 839.59
2827 1691.604
2827 1483.99
2827 965.302
2827 489.034
2827 1748.616
2827 478.616
2828 1258.548
2828 652.212
2828 1417.966
2828 568.372
2828 1260.986
2828 1003.514
2828 1149.594
2828 922.426
2828 1441.778
2828 941.268
2828 2960.43
2828 1416.524
2828 1427.14
2829 607.918
2829 983.074
2829 1159.44
2829 2002.314
2829 1850.694
2829 688.434
2829 1709.574
2829 819.484
2829 1205.928
2829 1343.472
2830 1435.774
2830 2923.186
2830 1266.762
2830 801.072
2830 565.266
2831 555.196
2831 459.818
2831 1129.754
2831 2668.714
2831 1432.816
2831 700.498
2831 1836.566
2831 1341.67
2831 1810.472
2832 940.532
2832 736.558
2832 2218.712
2832 1314.572
2832 2017.086
2832 351.322
2832 1585.204
2833 1395.244
2833 606.56
2833 788.742
2833 255.31
2833 917.442
2833 419.66
2833 715.144
2833 708.428
2833 635.704
2834 964.322
2834 712.334
2834 375.204
2834 882.362
2834 870.54
2834 556.592
2834 773.602
2834 789.65
2834 2981.656
2835 667.988
2835 787.31
2835 2011.368
2835 655.302
2835 844.866
2835 1363.496
2835 819.06
2835 1463.89
2835 788.362
2836 969.05
2836 3298.032
2836 2404.744
2836 651.288
2836 957.396
2836 854.386
2836 1794.72
2836 992.178
2836 1250.592
2836 866.974
2836 1212.902
2836 3303.378
2837 2271.158
2837 1884.782
2837 3132.048
2837 1551.314
2837 4121.592
2837 1003.874
2837 795.142
2837 779.59
2837 1008.26
2838 2142.05
2838 1210.212
2838 971.632
2838 905.956
2838 1687.124
2838 754.782
2838 1013.36
2838 1079.038
2839 2541.97
2839 441.034
2839 1411.858
2839 1426.02
2839 1007.094
2839 1313.84
2839 570.042
2839 635.852
2839 544.446
2839 513.972
2839 1012.074
2839 787.68
2839 494.218
2839 2626.402
2840 858.48
2840 1429.074
2840 1404.372
2840 1549.118
2840 1202.078
2840 864.49
2841 3310.706
2841 1266.42
2841 1651.376
2841 485.618
2841 1652.142
2841 1500.448
2841 788.03
2841 640.13
2841 1359.192
2841 366.316
2841 681.348
2841 755.496
2841 1327.856
2842 1708.532
2842 692.842
2842 1530.904
2842 885.296
2842 1678.278
2842 1085.764
2842 817.668
2842 1044.882
2842 648.314
2842 842.406
2842 627.242
2842 872.686
2843 295.502
2843 1436.104
2843 949.858
2843 1237.484
2843 1148.416
2843 375.728
2843 275.86
2843 857.99
2843 581.02
2844 337.088
2844 391.48
2844 1100.902
2844 327.718
2844 405.248
2844 1406.436
2844 1176.052
2844 902.334
2844 867.922
2844 203.872
2844 1023.946
2844 627.844
2844 579.89
2845 1142.908
2845 974.246
2845 1238.368
2845 629.446
2845 1179.344
2845 370.338
2845 2393.57
2845 766.296
2845 1450.232
2845 509.216
2845 786.966
2845 805.79
2845 345.35
2846 2075.638
2846 563.11
2846 702.59
2846 523.476
2846 589.194
2846 1082.872
2846 856.374
2846 422.732
2846 545.102
2847 1846.728
2847 617.128
2847 814.144
2847 826.706
2847 979.05
2847 2279.81
2848 655.51
2848 1287.856
2848 873.418
2848 1617.72
2848 752.15
2848 848.244
2848 352.282
2848 358.552
2848 594.342
2849 1073.436
2849 429.798
2849 254.372
2849 1038.422
2849 411.532
2849 601.246
2849 511.126
2849 304.946
2849 439.91
2850 2393.884
2850 1188.712
2850 476.486
2850 918.556
2850 925.422
2850 765.71
2850 876.656
2850 1358.1
2850 640.724
2850 958.254
2850 1863.962
2851 536.876
2851 1044.002
2851 2250.516
2851 1197.244
2851 1094.99
2851 506.048
2851 2240.516
2851 290.596
2852 1275.872
2852 806.84
2852 953.096
2852 586.726
2852 320.308
2852 603.754
2852 679.518
2852 2967.972
2852 486.12
2853 561.422
2853 1488.208
2853 1209.086
2853 3889.718
2853 1204.398
2853 1525.986
2853 1410.742
2853 1549.242
2853 962.616
2853 2544.822
2853 722.594
2853 991.948
2854 979.61
2854 452.89
2854 1450.64
2854 554.404
2854 1020.08
2854 1276.752
2855 1050.608
2855 461.296
2855 563.084
2855 1079.07
2855 1396.41
2855 1297.406
2855 1027.132
2855 1272.774
2855 581.83
2855 3360.942
2855 229.01
2856 619.402
2856 1063.028
2856 1397.522
2856 1460.206
2856 859.724
2856 1549.426
2856 736.19
2856 717.896
2856 707.66
2856 734.232
2857 340.6
2857 891.654
2857 1340.528
2857 2283.21
2857 1384.378
2857 360.484
2857 832.41
2857 1330.742
2857 2196.736
2857 917.132
2857 1789.812
2858 1118.19
2858 1861.064
2858 913.198
2858 519.062
2858 756.338
2858 848.434
2858 645.336
2858 1412.54
2858 1875.256
2858 1263.536
2858 719.888
2858 2129.584
2859 501
2859 3624.376
2859 788.652
2859 602.758
2859 491.944
2859 678.808
2859 876.71
2860 544.094
2860 1000.776
2860 1569.696
2860 690.724
2860 2114.552
2860 1786.156
2860 1511.816
2861 1476.894
2861 931.2
2861 262.922
2861 371.286
2861 182.44
2861 593.698
2862 1378.556
2862 1853.082
2862 1177.944
2862 1347.874
2862 1190.272
2862 412.846
2862 687.202
2863 1706.636
2863 811.652
2863 911.598
2863 1032.502
2863 1387.284
2863 935.356
2863 586.754
2863 624.202
2863 483.276
2863 485.8
2863 1427.014
2863 797.644
2863 843.61
2863 663.746
2864 1652.55
2864 498.17
2864 2790.198
2864 1345.758
2864 1771.316
2864 727.33
2864 2282.972
2864 1974.304
2864 1029.06
2865 347.32
2865 1802.154
2865 584.68
2865 744.064
2865 308.682
2865 2248.51
2865 865.496
2865 635.482
2865 853.528
2865 397.31
2866 2399.544
2866 312.774
2866 616.652
2866 600.908
2866 734.842
2866 639.136
2866 1617.226
2866 696.138
2866 1239.21
2866 884.868
2867 2221.662
2867 1289.748
2867 613.454
2867 1285.43
2867 1334.356
2867 2457.866
2867 1695.316
2867 798.756
2867 493.064
2867 911.416
2867 1140.132
2867 1317.308
2867 1848.418
2868 392.434
2868 1847.102
2868 733.02
2868 573.038
2868 1068.958
2868 722.39
2868 650.11
2868 362.41
2868 665.816
2868 984.072
2868 1451.736
2868 647.864
2868 1504.234
2868 1075.63
2868 612.982
2868 3387.952
2869 546.002
2869 707.1
2869 538.482
2869 586.98
2869 1043.17
2869 1159.87
2869 1953.548
2869 777.022
2870 688.848
2870 1099.47
2870 1315.768
2870 861.97
2870 2187.416
2870 2067.026
2870 498.614
2870 537.228
2870 815.062
2870 651.534
2871 382.186
2871 550.672
2871 2740.002
2871 457.48
2871 580.512
2871 962.23
2871 779.866
2871 2260.654
2872 474.958
2872 1604.574
2872 537.894
2872 566.834
2872 500.936
2872 1087.456
2872 604.9
2872 2144.816
2872 314.408
2872 1652.52
2872 343.224
2872 434.802
2873 1771.304
2873 1072.61
2873 681.954
2873 934.474
2873 1349.222
2873 1059.108
2873 777.934
2873 549.634
2874 1068.796
2874 2065.276
2874 948.984
2875 331.878
2875 901.524
2875 1107.222
2875 810.698
2875 2487.472
2875 626.474
2875 2267.66
2875 1133.8
2875 1575.504
2875 1021.338
2875 454.838
2875 1676.77
2875 2343.24
2876 676.48
2876 688.178
2876 1577.068
2876 1103.784
2876 952.42
2876 832.134
2876 2179.428
2876 486.874
2876 3667.996
2876 1573.902
2877 420.656
2877 306.004
2877 1154.932
2877 1671.474
2877 1322.314
2877 1333.092
2877 825.062
2878 2278.292
2878 605.53
2878 593.456
2878 2300.626
2878 887.872
2878 2013.362
2878 1095.316
2878 821.488
2878 1629.974
2878 1247.348
2878 936.458
2878 1273.094
2878 1908.078
2878 1450.046
2879 380.944
2879 884.958
2879 791.728
2879 214.686
2879 681.318
2879 1247.672
2879 1699.662
2879 799.352
2879 244.97
2880 1806.05
2880 447.004
2880 1265.766
2880 963.742
2880 881.616
2880 533.27
2880 812.632
2880 1284.74
2880 515.694
2880 402.184
2880 572.374
2880 2290.882
2881 839.334
2881 1490.724
2881 762.682
2881 1343.482
2881 642.634
2881 901.59
2881 455.018
2881 607.368
2881 914.8
2881 1441.274
2881 283.652
2881 740.358
2881 1252.058
2881 1286.13
2881 1279.778
2881 320.458
2881 807.692
2881 832.172
2881 919.368
2881 924.338
2882 449.348
2882 488.274
2882 514.77
2882 1534.192
2882 1345.866
2882 1048.228
2883 644.99
2883 703.564
2883 659.22
2883 218.224
2883 636.208
2883 982.716
2883 281.022
2883 1499.114
2883 1379.906
2883 886.366
2883 1107.862
2884 892.952
2884 2530.214
2884 427.434
2884 402.854
2884 533.606
2884 401.848
2884 1846.09
2884 2858.754
2884 531.902
2884 467.716
2884 1563.612
2884 725.166
2884 978.702
2885 651.78
2885 1525.102
2885 1637.736
2885 763.31
2885 626.256
2885 1980.332
2885 522.618
2885 732.274
2885 519.426
2885 780.296
2885 1038.33
2885 1524.68
2885 1682.786
2885 1168.308
2886 704.626
2886 438.01
2886 888.728
2886 1198.42
2886 1031.136
2886 1041.516
2886 470.172
2886 437
2886 439.388
2886 597.612
2886 1153.1
2887 1287.714
2887 1207.904
2887 2726.846
2887 655.806
2887 991.5
2887 1068.146
2887 3563.92
2887 504.67
2887 520.3
2887 2256.828
2887 521.862
2887 592.858
2888 668.722
2888 755.97
2888 1086.426
2888 973.308
2888 928.082
2888 435.866
2888 770.562
2888 1567.39
2888 1108.564
2888 355.368
2889 1416.162
2889 599.882
2889 1743.488
2889 540.688
2889 831.526
2889 876.266
2889 600.736
2889 2046.644
2889 1150.024
2889 595.78
2889 4043.658
2889 770.678
2889 2820.566
2889 1294.59
2890 1109.772
2890 510.594
2890 701.346
2890 1081.458
2890 1420.54
2890 1406.328
2890 926.956
2890 1801.466
2890 2054.91
2890 555.17
2890 751.074
2890 739.81
2890 449.452
2891 1192.45
2891 575.168
2891 1574.5
2891 957.262
2891 786.9
2891 478.994
2891 748.574
2891 665.56
2891 451.51
2891 633.922
2891 407.874
2891 1361.244
2891 985.796
2892 679.728
2892 2109.694
2892 2266.51
2892 332.016
2892 2017.726
2892 576.684
2892 1593.756
2892 3346.77
2892 904.648
2892 451.242
2892 602.75
2892 786.582
2892 907.492
2892 340.51
2893 2489.576
2893 1985.45
2893 590.154
2893 3607.142
2893 646.228
2893 715.814
2893 423.412
2893 829.136
2893 1135.274
2893 613.938
2894 846.548
2894 805.684
2894 831.596
2894 1812.656
2894 622.624
2894 1413.9
2894 648.08
2894 910.296
2894 714.558
2894 440.54
2894 715.33
2894 1467.714
2895 473.328
2895 564.866
2895 1404.028
2895 378.336
2895 424.028
2895 478.812
2895 621.56
2895 297.542
2895 392.682
2895 952.828
2895 447.404
2896 699.966
2896 751.49
2896 1785.222
2896 2838.496
2896 2098.284
2896 1163.484
2896 773.718
2896 1517.358
2896 2356.27
2896 535.832
2896 135.894
2896 1419.116
2896 666.64
2896 780.2
2896 1296.902
2896 678.554
2897 651.278
2897 2321.688
2897 4120.282
2897 336.314
2897 790.306
2897 1982.982
2898 714.702
2898 1153.946
2898 904.896
2898 587.672
2898 886.832
2898 1355.996
2898 252.53
2898 972.118
2898 1941.86
2899 635.744
2899 457.828
2899 703.132
2899 1249.92
2899 1983.87
2899 1948.25
2899 1253.782
2899 1438.33
2899 1404.82
2899 485.546
2900 1526.69
2900 2937.674
2900 426.002
2900 1899.43
2900 1450.894
2900 924.87
2900 1037.014
2900 736.784
2900 519.206
2900 732.802
2901 452.99
2901 228.7
2901 938.346
2901 530.32
2901 518.794
2901 918.99
2901 1767.862
2901 1881.164
2901 586.792
2901 885.812
2901 1139.338
2901 1454.03
2901 1680.576
2901 3127.104
2901 836.868
2901 905.504
2901 1025.208
2901 384.03
2902 528.882
2902 973.59
2902 1641.196
2902 472.714
2902 739.802
2902 3130.142
2902 1068.212
2902 695.952
2903 2873.79
2903 2323.674
2903 779.172
2903 687.09
2903 793.606
2903 1117.236
2903 976.182
2903 840.13
2903 1314.868
2904 502.174
2904 688.784
2904 4095.096
2904 710.362
2904 500.126
2904 932.23
2904 478.712
2904 2045.758
2904 2512.064
2904 544.112
2904 1283.422
2904 529.584
2904 1472.746
2904 2117.7
2904 731.374
2905 1063.852
2905 1190.366
2905 921.556
2905 775.482
2905 893.624
2905 1081.158
2905 522.45
2905 1732.174
2905 2387.452
2905 248.66
2905 1649.784
2905 609.104
2905 345.162
2905 1191.864
2906 906.244
2906 585.256
2906 730.282
2906 265.734
2906 1329.096
2906 1701.13
2906 1462.636
2906 254.166
2906 872.434
2906 1212.554
2906 1189.934
2906 1598.312
2906 938.022
2906 1886.502
2906 531.324
2907 1231.21
2907 3220.068
2907 937.61
2907 1456.594
2907 722.878
2907 2002.706
2907 1314.004
2907 833.394
2908 865.092
2908 1355.718
2908 770.118
2908 428.03
2908 1084.83
2908 694.532
2908 3837.926
2908 1833.078
2908 915.142
2909 818.232
2909 1628.748
2909 1595.958
2909 552.99
2909 491.692
2909 226.958
2909 679.024
2909 884.654
2909 1618.832
2909 1523.132
2909 1592.808
2910 607.774
2910 818.778
2910 4826.596
2910 2224.43
2910 970.034
2910 1353.418
2910 1451.518
2910 362.436
2911 1473.81
2911 916.274
2911 2299.586
2911 3341.646
2911 961.052
2911 1697.306
2911 545.62
2911 327.734
2911 360.898
2911 858.996
2912 759.866
2912 357.244
2912 1367.846
2912 655.446
2912 609.018
2912 538.31
2912 651.956
2912 507.206
2912 1364.654
2913 512.088
2913 389.016
2913 2796.724
2913 1344.346
2913 267.866
2913 446.834
2913 461.29
2914 2239.016
2914 317.442
2914 929.958
2914 1018.682
2914 2211.652
2914 1114.428
2914 824.412
2914 321.942
2914 576.378
2914 1206.154
2914 434.412
2914 1034.022
2914 617.482
2914 700.478
2914 806.846
2915 1673.59
2915 1372.468
2915 1556.052
2915 899.132
2915 1673.602
2915 858.162
2915 704.516
2915 2254.112
2915 1470.126
2915 1640.898
2915 2424.332
2915 424.238
2915 964.484
2916 868.674
2916 1048.342
2916 715.528
2916 1131.134
2916 1263.788
2916 1749.468
2916 669.934
2917 674.528
2917 710.836
2917 386.318
2917 1185.162
2917 1281.8
2917 1783.902
2917 261.532
2917 567.27
2917 479.956
2917 1366.408
2917 1249.248
2918 619.894
2918 778.794
2918 1728.264
2918 2990.946
2918 830.53
2918 2174.712
2918 1005.908
2918 1510.118
2918 1018.118
2918 482.536
2918 565.386
2918 2861.81
2918 1220.428
2918 1712.206
2919 1211.014
2919 3233.154
2919 1740.668
2919 1008.93
2919 1545.766
2919 543.884
2919 582.204
2920 847.488
2920 531.362
2920 534.112
2920 525.862
2920 1385.914
2920 651.436
2920 907.362
2920 891.828
2920 314.716
2920 1503.746
2920 876.166
2920 2493.832
2920 2320.04
2921 1233.428
2921 743.916
2921 1103.286
2921 536.53
2921 1238.552
2921 456.202
2921 666.768
2921 889.45
2921 1414.042
2921 298.528
2922 1176.372
2922 1216.496
2922 511.852
2922 1899.044
2922 985.012
2922 2751.528
2922 278.508
2922 1169.61
2922 628.1
2922 1372.09
2922 2182.436
2923 923.954
2923 978.328
2923 1452.926
2923 624.918
2923 2472.89
2923 2551.516
2923 529.898
2923 485.9
2924 910.368
2924 1205.508
2924 532.24
2924 938.534
2924 1625.062
2924 544.184
2924 577.872
2924 2094.35
2924 1409.114
2924 1258.964
2925 514.452
2925 2995.78
2925 2278.27
2925 834.408
2925 423.48
2925 1078.33
2925 474.4
2926 2662.522
2926 828.086
2926 2396.21
2926 575.528
2926 1330.218
2926 939.366
2926 1072.428
2926 435.312
2926 1501.526
2927 1032.894
2927 1322.826
2927 278.626
2927 818.006
2927 976.464
2927 1487.364
2928 498.204
2928 2446.164
2928 1244.058
2928 2561.316
2928 630.246
2928 2746.376
2928 1583.068
2928 224.186
2928 1602.866
2928 1489.9
2929 1044.672
2929 959.702
2929 369.242
2930 331.162
2930 501.38
2930 702.238
2930 699.368
2930 871.198
2930 390.84
2930 1245.542
2930 835.574
2930 888.492
2930 1314.818
2930 410.146
2930 465.602
2930 1589.944
2930 938.686
2931 473.85
2931 869.838
2931 298.148
2931 1965.154
2931 724.28
2931 286.822
2931 1115.96
2931 269.46
2931 1387.348
2931 1769.388
2931 705.002
2931 575.234
2931 1384.912
2932 1746.772
2932 1322.014
2932 576.596
2932 642.386
2932 956.402
2932 878.364
2932 670.45
2932 2882.068
2932 1338.63
2932 2465.2
2933 784.002
2933 368.868
2933 3200.488
2933 702.622
2933 857.21
2933 863.742
2934 2074.518
2934 560.696
2934 1403.746
2934 929.122
2934 704.3
2934 845.608
2934 1189.694
2934 1122.874
2935 2044.836
2935 1054.528
2935 462.054
2935 835.312
2935 450.954
2935 1669.264
2935 734.434
2935 1313.136
2936 863.578
2936 1196.554
2936 2772.608
2936 1408.354
2936 681.966
2936 1000.112
2936 971.582
2936 1140
2936 1265.44
2936 694.468
2937 1814.212
2937 544.3
2937 725.736
2937 466.448
2937 850.18
2937 1543.822
2937 1205.69
2937 840.98
2937 653.606
2937 938.202
2937 1126.846
2938 1331.928
2938 953.898
2938 1405.32
2938 643.418
2938 1504.088
2938 631.824
2938 353.856
2938 1184.436
2938 1196.236
2938 847.516
2938 394.424
2939 1184.402
2939 1784.312
2939 474.308
2939 936.406
2939 804.358
2939 487.676
2939 1976.404
2939 920.756
2939 532.248
2939 1486.078
2940 767.05
2940 1234.288
2940 2146.638
2940 583.398
2940 1660.102
2940 805.884
2940 1337.336
2940 336.792
2940 335.108
2941 1192.654
2941 846.892
2941 1557.132
2941 2727.672
2941 2370.16
2941 888.288
2941 334.2
2941 1354.516
2941 228.75
2941 770.016
2941 4099.264
2941 4269.442
2941 1265.324
2942 1323.178
2942 2201.844
2942 834.746
2942 592.27
2942 475.34
2942 1435.1
2942 1329.066
2942 578.974
2942 773.646
2942 922.22
2942 320.868
2943 1901.164
2943 2846.92
2943 582.632
2943 992.812
2943 1276.018
2943 583.272
2943 1307.346
2943 783.07
2943 1153.832
2943 662.876
2943 862.11
2943 528.664
2943 867.93
2944 368.056
2944 1019.858
2944 521.494
2944 925.098
2944 473.64
2944 1116.15
2944 1033.95
2944 417.068
2944 763.242
2944 597.728
2945 3136.552
2945 1909.638
2945 1180.462
2945 636.626
2945 1510.282
2946 1914.722
2946 1020.462
2946 764.662
2946 519.974
2946 799.13
2946 1150.308
2946 851.696
2946 285.192
2947 342.36
2947 539.736
2947 378.374
2947 1240.536
2947 695.304
2947 1349.264
2948 1639.96
2948 990.112
2948 2024.072
2948 1615.35
2948 740.158
2948 1105.628
2949 865.906
2949 1051.356
2949 456.53
2949 1857.2
2949 1560.118
2949 1066.27
2950 1357.922
2950 845.068
2950 764.602
2950 630.764
2950 1173.762
2950 333.614
2950 1153.844
2951 1545.066
2951 917.112
2951 532.252
2951 1006.14
2951 218.594
2951 1520.914
2951 664.736
2951 552.038
2951 658.262
2951 897.062
2951 741.214
2951 1405.696
2951 1585.57
2951 1024.65
2952 3433.408
2952 786.524
2952 4090.144
2952 915.834
2952 3003.012
2952 1008.418
2952 356.5
2952 521.194
2953 1102.448
2953 484.886
2953 2198.352
2953 965.616
2953 390.892
2953 599.032
2953 1685.11
2953 724.272
2953 808.194
2953 1661.144
2953 784.24
2953 1833.286
2954 588.278
2954 752.452
2954 1104.41
2954 2638.878
2954 423.804
2954 752.466
2954 429.024
2954 1317.33
2954 669.614
2954 909.762
2954 598.486
2955 2363.74
2955 3612.084
2955 1276.118
2955 1673.214
2955 1005.472
2955 456.696
2955 1214.166
2955 586.056
2956 591.5
2956 1116.554
2956 789.066
2956 437.4
2956 1279.968
2956 951.748
2956 356.266
2956 1575.656
2956 1271.816
2957 397.126
2957 1688.496
2957 2594.256
2957 701.698
2957 724.96
2957 1076.154
2957 1002.972
2957 758.662
2957 2163.168
2957 2118.96
2957 1892.936
2957 717.75
2958 500.712
2958 503.818
2958 666.494
2958 1324.908
2958 792.854
2958 1008.972
2959 509.234
2959 411.584
2959 1401.052
2959 360.718
2959 714.896
2959 834.598
2959 849.66
2959 2996.27
2959 1851.284
2959 479.758
2960 308.978
2960 499.904
2960 758.536
2960 1879.422
2960 491.658
2960 808.38
2960 1897
2960 1030.226
2960 2185.22
2961 1410.334
2961 1006.95
2961 1477.328
2961 1342.174
2961 803.386
2961 2107.216
2961 1303.98
2961 567.336
2961 497.494
2961 391.498
2961 945.668
2961 1528.072
2961 1214.574
2961 705.444
2962 1024.392
2962 914.662
2962 1803.806
2962 803.55
2962 2340.098
2962 584.252
2962 973.174
2962 870.962
2962 531.878
2963 3169.558
2963 870.2
2963 640.95
2963 745.56
2963 1001.962
2963 815.546
2963 665.676
2963 3032.4
2963 576.068
2963 491.884
2963 840.5
2964 515.73
2964 812.428
2964 3656.582
2964 864.852
2964 1577.116
2964 1334.402
2964 2157.454
2964 608.976
2964 606.862
2964 1350.306
2964 942.58
2964 2692.012
2964 728.97
2965 3912.332
2965 2851.56
2965 730.658
2965 2618.102
2965 677.734
2965 1221.592
2965 4571.616
2965 367.246
2965 548.03
2965 1885.258
2966 547.56
2966 1564.85
2966 366.386
2966 905.14
2966 1117.842
2966 1963.152
2966 880.784
2966 1359.492
2966 457.584
2967 2092.67
2967 1173.992
2967 1658.37
2967 771.386
2967 675.702
2967 679.884
2967 842.518
2967 706.702
2967 1461.062
2967 1235.124
2967 1190.848
2967 1085.616
2968 991.316
2968 884.7
2968 957.332
2968 623.558
2968 481.304
2968 1287.92
2968 853.906
2968 326.91
2968 2298.562
2968 277.644
2969 478.388
2969 784.23
2969 824.704
2969 1232.18
2969 958.14
2969 1656.744
2969 609.546
2969 588.472
2969 1100.562
2969 688.002
2970 1585.868
2970 577.626
2970 836.842
2970 875.496
2970 988.512
2970 555.344
2970 431.106
2970 702.074
2970 466.706
2970 1003.196
2970 1343.014
2971 241.888
2971 610.988
2971 518.51
2971 1729.13
2971 702.886
2971 1772.872
2971 913.132
2972 874.438
2972 444.232
2972 419.252
2972 2578.87
2972 763.044
2972 1768.432
2972 1047.806
2972 292.39
2972 524.068
2972 2313.564
2973 592.056
2973 1441.126
2973 1424.048
2973 862.06
2973 424.926
2973 1455.866
2973 1395.676
2973 1671.548
2974 440.228
2974 565.026
2974 331.608
2974 2449.606
2974 1012.442
2974 867.032
2974 539.672
2974 1691.204
2975 2509.42
2975 534.378
2975 1036.094
2975 1791.45
2975 1563.886
2975 2172.072
2975 512.716
2975 257.1
2975 2222.856
2975 1227.7
2976 1236.162
2976 468.156
2976 2888.25
2976 1215.918
2976 1544.442
2976 1671.336
2976 515.564
2976 1283.278
2976 604.442
2976 770.55
2976 812.326
2977 968.618
2977 1101.826
2977 585.99
2977 1113.158
2977 855.952
2977 504.048
2977 2023.534
2977 942.612
2978 1753.6
2978 1437.314
2978 1112.746
2978 1167.518
2978 1474.38
2978 694.52
2979 350.382
2979 2198.906
2979 2437.52
2979 638.75
2979 981.094
2979 405.488
2979 1302.874
2979 517.646
2979 740.504
2979 1587.9
2979 763.076
2979 319.202
2980 1515.35
2980 1409.748
2980 1109.19
2980 990.884
2980 550.164
2980 395.922
2980 723.128
2981 1508.806
2981 1399.504
2981 643.774
2981 419.696
2981 496.992
2981 769.356
2981 657.938
2981 1182.342
2981 818.362
2981 658.696
2982 1260.184
2982 694
2982 510.068
2982 2522.06
2982 538.202
2982 850.15
2982 950.146
2982 568.394
2982 399.64
2982 342.51
2982 324.784
2982 938.272
2982 707.518
2983 703.362
2983 2321.87
2983 504.93
2983 833.634
2984 452.65
2984 1790.794
2984 927.856
2984 908.44
2984 1522.326
2984 3104.316
2984 2859.612
2984 1787.26
2984 1180.714
2985 765.414
2985 1163.664
2985 1156.654
2985 1260.968
2985 823.408
2985 1587.272
2985 536.14
2985 2615.498
2985 797.938
2985 365.616
2985 1088.814
2985 1213.166
2985 923.984
2985 1314.194
2985 569.052
2986 1078.046
2986 2745.338
2986 546.198
2986 859.814
2986 741.538
2986 2131.258
2986 417.08
2986 1223.418
2986 1317.086
2986 1574.454
2986 1889.188
2987 2146.518
2987 735.022
2987 644.58
2987 3711.912
2987 422.548
2987 553.758
2987 1058.864
2987 848.164
2987 715.57
2987 590.88
2987 867.754
2987 1643.064
2988 1468.052
2988 654.554
2988 466.422
2988 651.834
2988 910.084
2988 1411.5
2988 1030.796
2988 686.144
2988 387.864
2988 409.92
2988 1531.406
2988 927.876
2989 219.76
2989 4068.194
2989 536.404
2989 1186.892
2989 800.244
2989 752.264
2989 2639.36
2989 565.482
2989 1223.228
2989 607.462
2989 452.166
2989 1670.448
2989 924.176
2989 1393.65
2989 1333.142
2990 888.756
2990 545.508
2990 1956.492
2990 471.468
2990 351.648
2990 2320.742
2990 869.128
2990 511.912
2990 921.338
2990 2428.702
2990 571.054
2991 826.254
2991 664.442
2991 481.084
2991 2807.842
2991 286.204
2991 545.356
2991 1667.332
2991 772.9
2991 705.712
2991 1785.874
2991 1054.678
2991 1455.55
2991 820.99
2991 270.806
2991 879.802
2991 388.668
2992 534.958
2992 943.352
2992 907.408
2992 368.524
2992 897.118
2992 407.194
2992 1504.302
2992 1279.034
2992 554.96
2992 1759.018
2992 840.882
2993 879.58
2993 656.21
2993 471.28
2993 2008.946
2993 1009.482
2993 1341.728
2993 1184.706
2993 833.106
2994 869.594
2994 246.006
2994 941.398
2994 582.296
2994 777.46
2994 790.67
2994 2017.652
2994 1762.46
2994 816.238
2994 1351.222
2995 1870.834
2995 607.014
2995 1071.056
2995 786.538
2995 1267.262
2995 2607.138
2995 473.288
2995 4248.092
2995 549.518
2996 3541.638
2996 1443.648
2996 2698.182
2996 1349.668
2996 316.02
2996 491.634
2996 3028.89
2996 566.418
2996 937.596
2996 1152.354
2996 872.542
2996 1805.384
2996 536.492
2996 497.808
2996 536.636
2996 952.29
2996 346.888
2996 881.948
2997 864.95
2997 942.436
2997 812.792
2997 1808.654
2997 1526.368
2997 623.818
2997 1319.362
2997 709.086
2997 832.032
2997 979.478
2997 1290.21
2997 848.746
2997 558.378
2998 1086.23
2998 593.82
2998 1004.894
2998 746.974
2998 1329.862
2998 478.018
2998 514.566
2998 321.922
2998 751.434
2998 1697.374
2998 655.732
2999 1937.316
2999 3404.616
2999 838.44
2999 1014.728
2999 730.748
2999 497.376
3000 684.186
3000 780.206
3000 425.732
3000 1039.592
3000 414.63
3000 1652.776
3000 714.828
3000 954.186
3001 968.406
3001 288.616
3001 1068.338
3001 2070.842
3001 2341.63
3002 1160.444
3002 797.444
3002 637.638
3002 2272.564
3002 995.718
3002 331.498
3002 571.882
3002 1353.746
3002 922.084
3002 1536.382
3002 691.074
3002 1264.908
3002 1799.318
3003 3493.062
3003 1007.346
3003 515.874
3003 336.548
3003 207.46
3003 2586.788
3003 796.24
3003 2116.092
3003 1002.892
3003 1646.744
3003 1073.574
3003 1681.108
3003 2733.07
3003 400.888
3003 2976.544
3003 1406.576
3003 1602.264
3003 1171.238
3003 1218.52
3004 2082.69
3004 552.258
3004 1284.072
3004 1038.64
3004 1042.286
3004 1109.278
3004 343.826
3004 1114.66
3004 1360.672
3004 1067.44
3004 441.45
3004 428.198
3005 1038.744
3005 2582.858
3005 1250.372
3005 1852.004
3005 1497.182
3005 795.888
3005 1069.458
3005 1050.976
3005 554.65
3005 796.276
3005 318.014
3005 389.7
3005 1069.39
3005 1321.26
3005 879.83
3005 1494.246
3005 2333.244
3006 826.172
3006 1397.69
3006 469.152
3006 311.69
3006 602.926
3006 2070.082
3006 836.21
3006 1183.24
3007 1475.744
3007 1275.332
3007 1043.478
3007 3160.494
3007 3978.172
3007 922.966
3007 1298.816
3007 1781.072
3007 1658.724
3008 563.588
3008 630.038
3008 588.508
3008 441.224
3008 1869.426
3008 864.146
3008 1202.696
3008 1235.218
3008 1138.122
3009 735.39
3009 973.192
3009 793.16
3009 2177.24
3009 669.582
3009 1315.146
3009 397.416
3009 1033.608
3009 764.342
3009 357.684
3010 890.552
3010 1764.394
3010 624.722
3010 2090.978
3010 610.866
3010 875.124
3010 1182.624
3010 2482.744
3010 876.02
3010 1336.714
3010 1934.78
3010 622.846
3010 566.486
3010 3710.91
3010 888.856
3011 1487.07
3011 742.836
3011 1266.47
3011 364.872
3011 1600.192
3011 1749.108
3011 2033.916
3011 697.67
3011 361.684
3011 1081.578
3011 1268.922
3011 1056.46
3011 383.372
3011 545.608
3011 406.85
3011 2058.79
3012 1823.698
3012 2055.808
3012 1502.944
3012 2503.61
3012 1100.564
3012 2294.424
3012 1045.046
3012 928.372
3013 1063.616
3013 1569.614
3013 777.034
3013 2297.414
3013 997.156
3013 2626.112
3013 930.062
3013 1096.962
3013 1245.602
3014 1672.688
3014 2290.2
3014 580.684
3014 2058.852
3014 1811.484
3014 664.536
3014 860.174
3014 448.914
3014 933.91
3014 1353.466
3014 1261.634
3015 3017.242
3015 1240.104
3015 1027.184
3015 814.35
3015 497.668
3015 549.876
3015 1733.788
3015 1390.074
3015 1250.894
3016 2520.05
3016 722.292
3016 657.722
3016 1135.28
3016 1129.242
3016 689.388
3017 503.404
3017 591.816
3017 630.544
3017 1468.706
3017 493.774
3017 1551.302
3018 542.37
3018 534.708
3018 1353.884
3018 643.45
3018 565.312
3018 910.574
3018 692.51
3018 319.112
3018 941.074
3018 1043.698
3018 738.9
3018 957.292
3018 1476.11
3019 1072.286
3019 2030.11
3019 1587.088
3019 727.896
3019 1150.64
3019 115.712
3019 554.04
3019 1283.104
3019 521.722
3019 1004.292
3019 1794.912
3019 859.576
3019 1039.166
3019 1744.176
3019 1601.098
3020 1010.586
3020 1288.114
3020 246.438
3020 2525.356
3020 489.85
3020 1909.028
3020 1093.492
3020 1229.676
3020 1646.004
3021 1449.094
3021 1475.992
3021 2221.542
3021 3235.318
3021 491.556
3021 389.328
3021 708.106
3021 1518.698
3021 676.71
3021 2160.598
3021 1607.146
3021 1776.846
3022 247.158
3022 1254.796
3022 1718.97
3022 1509.994
3022 1505.872
3022 1152.96
3022 695.708
3022 1638.494
3022 466.136
3022 1462.718
3022 1290.448
3022 1171.61
3022 2504.146
3022 506.404
3022 1093.024
3023 1796.994
3023 984.512
3023 480.47
3023 1575.998
3023 3002.258
3023 409.486
3023 1228.582
3024 916.876
3024 1161.676
3024 316.994
3024 850.21
3024 2578.784
3025 2306.89
3025 396.374
3025 191.986
3025 211.236
3025 495.76
3025 292.41
3025 837.992
3025 1331.842
3025 2673.488
3025 2611.666
3025 392.292
3025 1180.664
3025 1734.148
3026 643.94
3026 608.334
3026 449.508
3026 607.766
3026 580.472
3026 549.876
3026 1476.192
3026 3098.656
3027 344.724
3027 543.296
3027 702.064
3027 755.606
3027 1523.142
3028 1047.592
3028 1329.49
3028 1354.908
3028 596.32
3028 1831.114
3028 604.346
3029 542.776
3029 313.834
3029 851.754
3029 1474.692
3029 1788.592
3029 1416.516
3029 1374.368
3029 2010.458
3029 626.748
3029 3076.712
3029 421.21
3029 1414.238
3029 885.892
3030 607.686
3030 699.012
3030 3699.246
3030 2114.102
3030 707.256
3030 891.036
3030 1791.756
3030 1972.834
3030 324.39
3030 1100.084
3030 663.25
3030 1316.724
3030 209.226
3031 1619.888
3031 544.966
3031 635.988
3031 1350.42
3031 523.322
3031 875.622
3031 971.956
3031 1600.03
3031 641.824
3031 309.68
3032 1340.956
3032 2429.108
3032 379.272
3032 623.184
3032 1537.926
3032 719.304
3032 1843.81
3032 1129.93
3032 1910.29
3032 482.978
3032 1676.992
3033 1240.62
3033 1577.192
3033 851.168
3033 2232.024
3033 689.566
3033 367.248
3033 689.172
3033 2031.146
3033 885.91
3033 480.576
3033 783.356
3033 932.918
3033 738.464
3033 2540.35
3033 454.59
3034 1442.9
3034 1595.396
3034 609.506
3034 1163.362
3034 718.18
3034 595.208
3034 1532.452
3034 858.496
3034 471.17
3034 374.496
3034 835.558
3034 1791.326
3035 1009.604
3035 2359.948
3035 1856.802
3035 601.066
3035 910.198
3036 554.758
3036 1362.684
3036 1294.606
3036 811.05
3036 648.782
3036 802.496
3036 790.404
3036 607.84
3036 1213.962
3036 1281.782
3036 1844.294
3036 501.452
3036 930.792
3036 2216.802
3036 999.328
3036 995.746
3037 1939.27
3037 1729.054
3037 788.624
3037 806.044
3037 761.14
3037 1094.956
3037 605.058
3037 1442.514
3037 1146.576
3037 669.252
3037 729.542
3038 762.622
3038 1533.618
3038 891.764
3038 365.292
3038 946.992
3038 539.934
3038 1089.14
3038 1520.886
3038 2152.644
3038 953.386
3038 413.252
3038 672.694
3038 726.83
3039 479.064
3039 837.67
3039 2212.416
3039 231.83
3039 251.28
3039 739.858
3039 1006.766
3039 1121.402
3039 1646.902
3040 414.742
3040 1279.464
3040 677.812
3040 1374.4
3040 1650.738
3041 1522.548
3041 631.966
3041 554.608
3041 903.74
3041 1339.76
3041 683.928
3041 1472.412
3041 337.682
3041 2023.82
3041 1807.05
3042 1865.988
3042 407.682
3042 1366.55
3042 696.352
3042 1045.854
3042 3974.602
3042 573.85
3042 301.15
3042 1190.358
3042 1572.306
3042 1115.08
3043 337.374
3043 4652.92
3043 2012.638
3043 851.652
3043 1242.534
3043 2238.602
3043 1305.624
3043 942.146
3043 2526.532
3043 804.046
3043 1037.96
3043 962.498
3043 1036.058
3044 2161.19
3044 1519.534
3044 930.678
3044 602.206
3044 725.688
3044 3106.346
3044 2130.12
3045 928.578
3045 1124.86
3045 2435.742
3045 1482.7
3045 1194.594
3045 1061.118
3045 819.928
3045 986.218
3045 1148.106
3046 785.752
3046 1609.322
3046 1378.57
3046 5495.93
3047 1172.24
3047 1236.788
3047 860.326
3047 705.858
3047 1767.146
3047 1627.096
3047 999.174
3047 400.108
3047 498.254
3047 824.78
3047 1171.972
3048 1456.374
3048 1033.288
3048 2214.392
3048 313.012
3048 1457.234
3048 393.08
3048 980.258
3048 467.23
3048 440.584
3049 1184.252
3049 655.274
3049 1123.464
3049 1056.97
3049 1368.832
3049 302.198
3050 1684.126
3050 2257.38
3050 221.204
3050 450.658
3050 620.51
3050 912.356
3050 1606.56
3050 301.708
3051 378.222
3051 1984.246
3051 380.39
3051 910.168
3051 1359.392
3051 2032.83
3051 888.56
3051 1332.988
3051 924.284
3051 1799.316
3051 1463.484
3051 2592.702
3051 1254.618
3052 575.782
3052 784.966
3052 728.402
3052 2206.944
3052 1815.324
3052 661.25
3052 3578.576
3052 1236.398
3052 3135.868
3052 1310.214
3052 1231.146
3053 1573.14
3053 822.644
3053 851.192
3053 1102.768
3053 511.748
3054 993.788
3054 1512.288
3054 1429.124
3054 1778.782
3054 1250.614
3054 1143.314
3054 419.566
3054 1564.71
3054 625.062
3055 1788.724
3055 758.742
3055 366.782
3055 993.784
3055 858.026
3055 1403.886
3055 1219.508
3055 501.524
3055 2201.464
3055 503.936
3055 1825.986
3056 545.676
3056 623.95
3056 2136.162
3056 1896.57
3056 723.316
3056 1351.146
3056 2765.024
3056 483.498
3056 956.616
3057 1726.438
3057 416.708
3057 1070.318
3057 291.832
3057 394.142
3057 408.576
3057 463.584
3057 870.352
3057 1505.422
3058 1215.556
3058 530.074
3058 304.584
3058 601.308
3058 383.328
3058 1744.818
3058 1671.874
3058 1881.756
3058 1121.116
3058 1383.732
3058 522.536
3058 276.666
3058 630.674
3059 2428.772
3059 1374.382
3059 1347.562
3059 1102.816
3059 930.174
3059 427.468
3059 644.854
3059 1313.232
3059 921.58
3059 1406.686
3060 845.766
3060 1925.058
3060 610.906
3060 1967.928
3060 2037.698
3060 1255.714
3060 650.462
3060 1191.922
3060 556.122
3060 1050.818
3060 2424.14
3060 2042.792
3061 875.066
3061 698.292
3061 808.14
3061 781.486
3061 290.056
3061 499.832
3062 850.598
3062 964.218
3062 763.886
3062 899.972
3062 1182.47
3062 1016.648
3062 547.462
3062 1460.304
3062 643.406
3062 1509.02
3062 444.556
3062 881.1
3062 1588.482
3063 532.532
3063 604.668
3063 700.22
3063 773.484
3063 860.042
3063 2787.334
3063 682.24
3063 764.232
3063 503.504
3063 822.916
3064 961.418
3064 926.488
3064 307.668
3064 689.47
3064 566.202
3064 387.492
3064 952.804
3065 3749.49
3065 1049.61
3065 2343.192
3065 1192.116
3065 1215.34
3065 852.19
3065 604.72
3065 1822.34
3065 829.842
3065 463.93
3065 1930.412
3066 912.206
3066 1833.136
3066 380.626
3066 1043.16
3066 420.378
3066 807.288
3066 811.824
3066 580.43
3066 509.222
3066 1468.33
3066 1535.788
3066 1039.47
3066 1679.99
3066 751.668
3067 318.72
3067 503.446
3067 827.514
3067 1803.464
3067 246.046
3067 1535.838
3067 1034.522
3067 866.926
3067 1058.258
3068 1618.418
3068 1138.608
3068 415.032
3068 1149.89
3068 641.916
3068 1147.8
3068 523.742
3068 1691.21
3069 1351.864
3069 2614.97
3069 1349.474
3069 693.628
3069 873.09
3069 1007.232
3069 972.25
3069 1868.412
3069 398.47
3069 1331.812
3069 865.948
3070 4224.986
3070 1128.958
3070 1782.32
3070 1080.988
3070 1215.022
3070 1089.854
3070 880.748
3070 796.924
3070 3010.926
3071 468.318
3071 3197.3
3071 362.046
3072 928.552
3072 1610.36
3072 1789.48
3072 914.744
3072 1305.356
3073 402.486
3073 653.266
3073 821.866
3073 682.848
3073 663.406
3073 496.378
3073 883.99
3073 2655.256
3073 1059.854
3073 902.258
3073 1991.82
3073 973.476
3074 924.996
3074 1179.206
3074 1425.436
3074 1104.128
3074 917.06
3074 918.538
3074 1001.616
3074 571.106
3074 471.686
3074 368.532
3074 1850.18
3075 2790.006
3075 690.824
3075 768.574
3075 945.428
3075 547.186
3075 1016.834
3075 1100.872
3075 419.92
3075 692.232
3075 689.714
3076 517.668
3076 364.006
3076 1196.114
3076 358.676
3076 862.648
3076 610.378
3076 1137.938
3076 721.942
3076 708.482
3076 334.234
3076 791.704
3076 1211.982
3076 1164.586
3076 1156.644
3077 806.9
3077 886.016
3077 782.964
3077 2302.836
3077 1025.292
3077 2568.996
3077 619.538
3077 200.632
3077 1564.966
3077 1768.396
3077 420.972
3077 389.038
3077 1509.662
3078 523.748
3078 640.854
3078 1332.168
3078 311.868
3078 351.798
3078 1005.386
3078 1762.164
3078 680.782
3078 1899.558
3078 620.14
3079 1507.63
3079 1737.874
3079 1302.826
3079 269.868
3079 492.052
3080 922.16
3080 874.824
3080 711.986
3080 1191.936
3080 1745.662
3080 1390.156
3080 2074.292
3080 774.35
3080 1343.334
3080 3026.942
3080 1260.806
3080 1548.788
3081 533.14
3081 2206.028
3081 680.622
3081 1856.544
3081 1114.644
3081 1344.43
3081 761.544
3081 928.392
3081 1138.204
3081 425.6
3081 565.108
3081 394.742
3081 273.664
3081 1207.114
3081 671.746
3082 476.176
3082 923.432
3082 1840.8
3082 628.322
3082 1477.636
3082 1460.684
3082 344.662
3082 556.47
3082 807.912
3082 561.398
3082 1801.718
3082 543.6
3082 439.496
3082 674.858
3083 1002.32
3083 1107.838
3083 1132.108
3083 1170.792
3083 1947.324
3083 544.946
3083 1843.336
3083 807.604
3083 956.406
3083 817.476
3083 723.362
3084 1533.028
3084 412.062
3084 211.69
3084 695.772
3084 437.198
3084 380.73
3084 1976.092
3084 397.64
3084 1368.538
3084 1121.836
3084 1671.134
3084 575.23
3085 1773.284
3085 810.934
3085 785.828
3085 411.288
3086 587.092
3086 1078.974
3086 543.032
3086 1145.194
3086 463.186
3086 1757.852
3086 1148.916
3086 3651.61
3086 2727.314
3086 810.206
3086 484.734
3086 198.224
3087 2208.524
3087 953.754
3087 1350.496
3088 545.384
3088 898.506
3088 1028.684
3088 801.744
3088 1042.532
3088 2158.796
3088 1646.54
3088 1090.86
3088 1608.544
3088 1170.714
3088 1503.526
3088 3171.85
3088 1099.842
3089 1886.966
3089 716.816
3089 239.122
3089 925.556
3089 919.346
3089 719.36
3089 1138.254
3089 853.942
3089 1243.212
3089 1148.072
3089 1192.96
3089 537.214
3090 2103.024
3090 533.696
3090 1015.838
3090 1536.218
3090 612.638
3090 952.526
3090 529.346
3090 1024.1
3091 1014.132
3091 368.758
3091 1017.646
3091 510.22
3091 2464.278
3091 704.842
3091 432.034
3091 1002.98
3091 1478.944
3091 940.694
3092 803.916
3092 2143.876
3092 398.54
3092 1845
3092 1901.842
3092 253.314
3092 404.386
3092 603.428
3092 1451.77
3092 959.912
3092 846.588
3092 756.952
3092 540.992
3093 621.73
3093 884.804
3093 1437.632
3093 368.56
3093 4119.674
3093 449.02
3093 1558.062
3093 3253.256
3094 1271.926
3094 646.994
3094 1514.078
3094 1059.034
3094 662.052
3094 1295.558
3094 1833.748
3094 768.044
3094 1062.69
3094 1211.896
3094 1179.27
3094 465.31
3094 714.198
3094 1277.132
3095 2384.706
3095 599.234
3095 1013.05
3095 496.112
3095 628.366
3095 713.816
3095 454.798
3095 2586.412
3095 962.934
3095 475.194
3096 1908.338
3096 1966.138
3096 1412.678
3096 1518.534
3096 1794.278
3096 1206.942
3096 1740.914
3096 1146.836
3096 2630.168
3096 651.336
3096 678.48
3097 353.298
3097 762.276
3097 762.434
3097 821.92
3097 1348.85
3097 802.036
3097 1314.082
3097 1803.12
3098 769.122
3098 1594.414
3098 1148.246
3098 1043.922
3098 957.992
3098 504.8
3098 376.812
3098 1479.89
3098 614.34
3098 547.818
3098 1042.258
3098 1330.424
3098 901.354
3098 1046.528
3098 786.724
3098 832.992
3098 548.384
3098 548.798
3098 1485.918
3098 648.424
3098 1512.102
3099 613.15
3099 2078.182
3099 4998.514
3099 2912.29
3099 657.128
3099 812.112
3099 1167.982
3099 526.638
3099 2444.294
3099 2157.24
3099 996.628
3099 649.72
3099 560.238
3099 1133.974
3100 871.604
3100 2122.526
3100 976.13
3100 624.234
3100 367.368
3100 677.362
3100 777.684
3100 802.62
3100 2297.69
3100 847.076
3100 213.464
3101 1123.492
3101 690.142
3101 605.806
3101 1992.006
3101 822.176
3101 1578.184
3101 1001.028
3101 1214.964
3102 904.438
3102 281.822
3102 1335.762
3102 1325.228
3102 2464.784
3103 835.602
3103 581.842
3103 542.878
3103 931.624
3103 1489.02
3103 973.746
3103 524.008
3103 718.7
3103 1154.138
3103 316.626
3103 645.326
3103 1357.546
3103 2062.188
3104 1539.56
3104 253.482
3104 1168.842
3104 3053.614
3104 743.718
3104 3175.546
3104 1024.058
3104 2267.36
3104 767.368
3105 1440.518
3105 1721.904
3105 1057.616
3105 852.266
3105 1744.722
3105 427.928
3105 304.164
3105 1587.838
3105 734.556
3105 713.654
3105 648.46
3105 762.516
3105 1922.55
3105 1111.672
3105 457.614
3105 2158.392
3106 962.436
3106 1857.458
3106 2269.374
3106 656.326
3106 961.01
3106 4309.77
3106 250.058
3106 1658.144
3106 423.502
3106 687.356
3106 645.786
3106 988.382
3107 241.628
3107 970.904
3107 936.98
3107 428.94
3107 668.604
3107 1422.448
3107 610.41
3107 429.092
3108 993.616
3108 905.988
3108 616.234
3108 3559.29
3108 451.498
3108 499.554
3108 1825.884
3108 2222.242
3108 897.69
3108 650.33
3108 833.98
3108 655.52
3108 387.88
3108 1211.34
3109 888.574
3109 1164.25
3109 522.53
3109 475.032
3109 1155.28
3109 446.158
3109 750.248
3110 978.074
3110 823.332
3110 957.34
3110 477.226
3110 2119.754
3110 651.908
3110 1116.286
3110 733.388
3110 805.528
3110 3420.284
3110 283.022
3111 587.31
3111 1259.584
3111 4057.666
3111 782.768
3111 1938.492
3111 1780.734
3111 926.814
3112 1123.456
3112 465.906
3112 652.47
3112 579.678
3112 1307.58
3112 1088.93
3112 2963.806
3112 1972.094
3113 914.558
3113 1329.518
3113 248.676
3113 701.914
3113 1585.95
3113 646.502
3113 885.632
3113 879.42
3113 468.32
3113 752.474
3113 901.668
3113 2460.096
3113 1754.256
3113 352.194
3114 281.056
3114 1464.438
3114 753.8
3114 401.162
3114 1562.202
3114 833.62
3114 1140.948
3114 651.446
3114 1570.702
3115 353.394
3115 898.208
3115 1205.138
3115 858.19
3115 1625.07
3115 1280.654
3115 2005.46
3115 721.986
3116 2445.376
3116 925.54
3116 3739.362
3116 491.838
3116 1095.868
3116 1635.834
3116 374.262
3116 963.078
3116 1421.112
3116 4594.854
3116 622.168
3116 523.856
3116 1767.368
3117 853.03
3117 475.53
3117 3967.616
3117 1292.55
3117 1369.79
3117 687.378
3117 985.424
3117 2020.818
3117 1133.478
3117 1337.658
3117 909.538
3117 1052.114
3117 1590.606
3118 280.644
3118 424.316
3118 1426.126
3118 1015.238
3119 955.724
3119 1541.602
3119 973.142
3119 1120.406
3119 623.67
3119 552.408
3119 598.432
3120 1118.78
3120 1102.154
3120 1102.874
3120 1292.232
3120 338.812
3120 553.224
3121 641.712
3121 479.39
3121 421.67
3121 2893.602
3121 682.778
3121 625.928
3121 1334.67
3122 1070.74
3122 2352.484
3122 651.066
3122 1966.692
3122 704.214
3122 493.746
3122 274.78
3122 1275.368
3122 1187.394
3122 3625.642
3122 1279.676
3122 1531.16
3123 520.824
3123 923.274
3123 1440.352
3123 793.288
3123 1168.752
3124 1044.658
3124 678.114
3124 973.75
3124 1764.492
3124 561.346
3124 1255.016
3124 726.43
3124 1534.618
3124 730.272
3125 1123.286
3125 1131.284
3125 1056.286
3125 640.766
3125 1092.574
3125 476.848
3125 515.178
3125 268.034
3125 828.072
3126 229.902
3126 419.476
3126 1468.322
3126 1185.268
3126 2037.454
3126 1068.486
3126 409.814
3127 821.504
3127 1518.834
3127 1677.396
3127 742.278
3127 938.162
3127 1125.96
3127 1507.24
3127 317.202
3127 261.256
3127 2243.096
3127 966.708
3127 671.498
3128 703.794
3128 1473.148
3128 3312.264
3128 453.31
3128 664.486
3128 441.536
3128 859.254
3128 445.324
3128 827.95
3128 2324.47
3129 3017.696
3129 2302.87
3129 1565.36
3129 554.222
3129 517.762
3129 4171.17
3129 1316.308
3129 758.76
3129 528.496
3129 787.32
3129 606.192
3129 338.478
3129 559.652
3129 628.758
3130 1518.556
3130 2124.624
3130 1549.062
3130 849.206
3130 329.808
3130 829.578
3130 497.422
3130 766.328
3130 1326.61
3130 997.15
3130 1425.172
3130 637.352
3130 1177.734
3130 504.134
3130 2330.472
3130 1630.892
3131 1084.644
3131 866.304
3131 600.974
3131 854.998
3131 492.89
3131 837.742
3131 870.714
3131 1033.734
3131 379.028
3132 355.864
3132 2247.618
3132 1485.36
3132 1137.686
3132 414.918
3132 522.43
3132 894.37
3132 636.936
3132 1398.004
3133 1427.514
3133 1709.48
3133 695.796
3133 477.214
3133 1110.44
3133 697.37
3133 1098.608
3133 597.832
3133 2029.804
3133 2089.202
3133 2463.064
3134 614.418
3134 985.68
3134 1104.558
3134 708.458
3134 832.298
3134 602.428
3134 947.072
3134 1021.766
3134 468.71
3135 1531.396
3135 183.728
3135 255.942
3135 847.112
3135 882.072
3135 497.412
3135 527.292
3136 979.366
3136 424.504
3136 2597.154
3136 1178.918
3136 854.712
3136 413.8
3136 1017.976
3136 706.514
3136 808.332
3136 1153.716
3137 432.504
3137 665.71
3137 1102.122
3137 539.402
3137 829.634
3137 713.642
3137 2452.608
3137 1372.504
3137 855
3137 494.804
3138 1635.708
3138 438.15
3138 410.138
3138 1326.55
3138 646.312
3138 374.93
3138 1675.538
3138 1427.832
3138 2420.638
3139 486.808
3139 1467.518
3139 1237.636
3139 1824.348
3139 593.844
3139 1383.48
3139 671.258
3140 1092.232
3140 855.314
3140 1344.878
3140 804.45
3140 478.124
3140 827.008
3140 805.228
3140 393.84
3141 921.17
3141 667.81
3141 459.504
3141 614.602
3141 1540.226
3141 368.628
3141 698.17
3141 1715.91
3141 965.592
3141 790.692
3142 889.194
3142 869.684
3142 1494.006
3142 553.294
3142 1113.24
3142 2458.238
3143 1103.71
3143 509.536
3143 903.384
3143 653.088
3143 667.826
3143 1227.394
3143 679.31
3143 815.51
3143 1019.316
3144 1379.17
3144 1527.11
3144 1011.356
3144 1441.726
3144 1558.81
3144 2402.424
3144 1115.89
3144 948.532
3144 2277.06
3144 1390.322
3144 1318.688
3145 1799.014
3145 620.402
3145 830.646
3145 1692.93
3145 881.996
3145 422.39
3145 1384.262
3145 2635.68
3145 1107.21
3145 833.616
3146 947.052
3146 2792.676
3146 1085.154
3146 925.542
3146 390.092
3146 839.184
3146 1154.698
3146 2745.436
3146 1781.272
3146 746.98
3146 941.97
3147 578.89
3147 2065.564
3147 815.61
3147 266.584
3147 455.698
3147 1667.286
3147 1377.988
3147 345.7
3147 1479.11
3147 554.606
3147 552.146
3147 564.246
3148 1085.882
3148 2124.56
3148 456.006
3148 669.062
3148 900.66
3148 926.168
3148 919.958
3149 1148.654
3149 746.396
3149 2501.802
3149 1747.104
3149 533.602
3149 640.81
3149 609.986
3149 574.414
3149 695.118
3149 1848.49
3149 1111.952
3150 644.398
3150 1019.284
3150 725.734
3150 599.876
3150 615.688
3150 1677.212
3150 697.966
3150 1468.21
3150 695.784
3151 460.496
3151 2004.928
3151 523.166
3151 618.056
3151 788.94
3151 1334.762
3151 356.412
3151 2967.702
3151 1534.298
3151 648.054
3152 1415.806
3152 439.51
3152 1012.68
3152 879.586
3152 1090.432
3152 1315.48
3152 2053.742
3153 911.966
3153 2191.616
3153 661.49
3153 863.312
3153 465.516
3153 1717.756
3153 1392.288
3153 716.23
3153 721.158
3153 1645.186
3153 532.112
3153 1292.212
3153 1825.894
3154 552.728
3154 761.17
3154 703.386
3154 650.234
3154 1081.032
3154 336.892
3154 3243.874
3154 1450.15
3154 1238.826
3154 784.272
3154 982.192
3155 1252.066
3155 683.196
3155 2154.816
3155 340.762
3155 994.53
3155 1530.586
3155 650.412
3155 3764.226
3155 897.428
3155 1297.272
3156 1048.342
3156 972.814
3156 3890.676
3156 623.14
3156 673.442
3156 2866.478
3156 1960.658
3156 1082.42
3156 2213.796
3156 615.69
3156 1326.878
3156 1766.73
3157 1560.7
3157 1215.45
3157 465.592
3157 1805.516
3157 647.054
3157 829.338
3157 2271.534
3157 689.45
3157 565.052
3157 403.44
3157 298.896
3157 2189.9
3158 397.6
3158 612.888
3158 1497.712
3158 1164.742
3158 897.64
3158 925.912
3158 861.666
3158 447.022
3158 881.032
3158 1896.266
3158 322.272
3158 792.902
3158 271.134
3158 775.924
3158 826.206
3159 1756.166
3159 1455.54
3159 1634.988
3159 655.898
3159 961.412
3159 2167.984
3159 1213.95
3160 1174.022
3160 1729.704
3160 601.034
3160 1067.808
3160 715.032
3160 2431.92
3160 1223.662
3160 195.45
3161 647.214
3161 629.802
3161 1624.214
3161 663.226
3161 581.152
3161 656.038
3161 438.22
3161 1290.736
3161 754.474
3161 923.616
3161 1770.294
3161 866.462
3161 663.046
3162 891.876
3162 2840.184
3162 1563.312
3162 1853.002
3162 909.792
3162 587.712
3162 1057.498
3162 855.056
3162 857.398
3162 469.742
3162 801.334
3162 919.882
3162 1266.836
3162 1353.048
3163 1040.106
3163 558.386
3163 867.882
3163 676.276
3163 496.83
3163 743.286
3163 2642.032
3163 630.074
3163 499.026
3163 615.904
3163 401.93
3163 591.892
3164 1964.152
3164 433.608
3164 2583.422
3164 478.612
3164 1403.5
3164 1977.196
3164 1180.478
3164 1085.75
3164 302.39
3164 1829.878
3164 415.344
3164 1072.478
3165 1823.228
3165 883.094
3165 1598.76
3165 897.32
3165 1693.032
3165 2811.49
3165 682.08
3165 642.998
3166 1232.778
3166 967.548
3166 1200.374
3166 880.626
3166 666.242
3166 686.982
3166 519.94
3166 778.85
3166 982.038
3166 441.288
3166 894.792
3166 503.862
3166 673.32
3166 373.556
3167 1208.35
3167 734.822
3167 2398.22
3167 756.892
3167 383.382
3167 872.482
3167 1169.476
3168 6254.428
3168 828.078
3168 683.62
3168 693.638
3168 548.638
3168 544.28
3168 798.62
3168 333.234
3168 1667.63
3168 673.194
3168 1081.296
3168 1559.268
3168 1108.234
3169 1132.838
3169 800.154
3169 796.51
3169 973.064
3169 427.614
3169 375.82
3169 1927.234
3169 658.79
3170 2254.784
3170 1054.612
3170 1070.092
3170 1580.058
3170 1261.328
3170 777.094
3170 953.346
3170 601.118
3170 978.46
3170 3332.996
3171 400.452
3171 274.614
3171 702.442
3171 923.92
3171 467.812
3171 3419.426
3171 584.908
3171 580.714
3171 436.582
3171 938.362
3172 1276.406
3172 1319.732
3172 581.204
3172 1246.994
3172 3067.464
3172 1800.78
3172 858.878
3172 1689.2
3173 701.606
3173 1015.048
3173 897.804
3173 1176.656
3173 891.734
3173 1936.766
3173 1346.678
3173 778.252
3173 936.08
3174 1033.102
3174 840.85
3174 949.758
3174 2167.142
3174 1229.466
3174 402.508
3174 1445.93
3174 630.282
3174 1201.36
3174 1250.74
3174 1237.834
3174 1023.286
3174 296.91
3175 792.598
3175 691.33
3175 319.608
3175 2675.214
3175 761.448
3175 1301.432
3175 280.548
3175 637.368
3175 565.054
3176 756.306
3176 484.058
3176 1144.324
3176 406.892
3176 635.996
3176 660.614
3176 2883.572
3176 1146.542
3177 789.038
3177 785.232
3177 856.866
3177 647.132
3177 968.288
3177 329.722
3177 1017.686
3177 293.978
3177 642.878
3177 973.95
3177 1063.838
3178 2230.786
3178 1027.648
3178 1005.378
3178 734.744
3178 573.486
3178 989.07
3178 857.252
3178 1096.458
3178 1629.152
3178 362.394
3178 321.784
3178 691.02
3178 615.54
3178 1616.186
3178 1407.578
3179 797.836
3179 842.312
3179 1357.016
3179 416.038
3179 926.526
3179 945.916
3179 1612.068
3179 365.562
3179 2166.642
3179 534.84
3179 499.024
3180 344.528
3180 359.522
3180 502.416
3180 308.016
3180 562.798
3180 1003.566
3180 533.868
3180 1748.062
3181 868.09
3181 1923.968
3181 842.434
3181 430.818
3181 1832.93
3181 1656.084
3181 690.482
3181 1081.274
3181 627.154
3181 2223.296
3182 811.828
3182 1663.596
3182 566.836
3182 3894.566
3183 2466.446
3183 1205.024
3183 1096.194
3184 940.71
3184 1732.978
3184 335.896
3184 867.1
3184 249.292
3184 3020.756
3184 1172.878
3184 683.12
3184 1377.658
3185 914.73
3185 710.95
3185 303.142
3185 1196.954
3185 414.094
3185 1400.226
3185 608.858
3185 598.188
3185 358.54
3185 1259.462
3185 1053.488
3186 617.496
3186 969.822
3186 515.044
3186 1887.398
3186 1765.78
3186 741.588
3186 1066.552
3186 1327.066
3186 1680.268
3187 600.97
3187 1194.446
3187 436.824
3187 809.17
3187 504.456
3187 1727
3187 594.194
3187 550.372
3187 1282.596
3187 1006.942
3187 2013.216
3187 711.79
3187 1253.764
3187 370.05
3188 1749.35
3188 1138.974
3188 2417.558
3188 566.358
3188 601.982
3188 967.15
3188 385.814
3188 645.172
3188 2931.336
3188 1270.068
3189 1492.33
3189 1115.722
3189 1121.204
3189 799.99
3189 991.258
3189 1656.578
3190 309.766
3190 603.226
3190 875.492
3190 882.438
3190 564.768
3190 1338.178
3190 698.486
3190 4495.59
3191 2025.436
3191 936.428
3191 665.148
3191 279.974
3191 578.492
3191 1313.63
3191 2086.538
3191 3606.334
3191 1868.33
3191 1720.638
3191 737.396
3191 2985.146
3191 2425.472
3192 748.71
3192 1225.672
3192 809.076
3192 1362.034
3192 918.4
3192 1091.056
3192 832.162
3192 497.064
3192 3993.232
3192 780.968
3193 799.686
3193 1916.302
3193 693.122
3193 1321.51
3193 1189.93
3193 954.372
3193 484.264
3193 3075.792
3193 1736.198
3193 779.998
3193 960.402
3193 598.642
3194 1187.78
3194 413.062
3194 600.692
3194 2598.784
3194 713.784
3194 951.128
3194 372.902
3195 1117.79
3195 292.728
3195 463.01
3195 1006.664
3195 1428.966
3195 2191.872
3195 669.522
3195 1187.018
3195 1038.046
3195 296.914
3195 483.41
3196 665.438
3196 935.934
3196 772.458
3196 1910.29
3196 2241.502
3196 799.862
3196 648.624
3197 1086.66
3197 731.414
3197 549.03
3197 676.204
3197 1440.782
3197 1536.71
3197 364.11
3198 503.526
3198 517.046
3198 1168.97
3198 1059.036
3198 653.498
3198 3905.316
3198 836.756
3198 202.56
3198 3295.426
3198 556.78
3199 787.784
3199 475.298
3199 1005.426
3199 416.642
3199 4039.538
3199 609.694
3199 3594.156
3199 651.862
3199 1351.394
3199 728.29
3200 1301.79
3200 938.96
3200 2789.064
3200 1087.95
3200 604.442
3201 627.554
3201 650.692
3201 1237.998
3201 382.916
3201 1203.972
3201 597.614
3201 727.262
3201 1169.906
3201 734.018
3201 904.548
3201 1646.006
3202 1809.058
3202 1868.014
3202 1208.068
3202 1042.12
3202 1307.864
3202 760.894
3202 966.364
3202 844.202
3202 2036.992
3202 632.836
3202 912.89
3202 1183.636
3202 1689.148
3202 329.304
3202 721.864
3203 685.514
3203 1065.484
3203 285.276
3203 1431.014
3203 2877.964
3203 522.296
3203 981.678
3203 585.558
3204 945.74
3204 642.188
3204 1175.86
3204 724.542
3204 1676.632
3204 1471.34
3204 2351.794
3204 1562.088
3204 1263.182
3204 950.076
3204 891.994
3205 396.864
3205 2392.592
3205 865
3205 1707.736
3205 997.606
3205 1342.506
3205 773.796
3205 2180.572
3205 1613.306
3205 717.222
3205 934.392
3205 886.338
3205 1473.068
3206 1153.106
3206 557.364
3206 1051.088
3206 1812.99
3206 330.57
3206 870.08
3206 905.828
3206 1077.628
3206 813.754
3207 1329.294
3207 2187.818
3207 1909.808
3207 4975.932
3207 489.36
3207 313.39
3207 1779.002
3207 1659.256
3207 493.786
3207 623.372
3207 2375.794
3207 384.364
3208 1024.45
3208 667.788
3208 2373.104
3208 903.29
3208 1453.91
3208 1030.024
3209 802.406
3209 1222.028
3209 750.876
3209 711.194
3209 1962.302
3209 1253.91
3209 1641.264
3209 1547.266
3210 1131.362
3210 1152.978
3210 593.84
3210 1017.556
3210 1471.582
3210 637.566
3210 318.904
3210 2984.798
3210 1254.182
3210 185.166
3210 436.744
3210 688.748
3210 2874.736
3210 2388.23
3211 535.816
3211 992.302
3211 310.28
3211 5122.98
3211 1071.434
3211 2454.172
3211 470.834
3211 1091.578
3211 496.96
3212 427.69
3212 770.412
3212 727.748
3212 1661.726
3212 1433.182
3212 535.056
3212 828.264
3212 641.706
3212 633.676
3212 780.626
3213 212.314
3213 1060.64
3213 302.624
3213 589.994
3213 834.068
3213 739.874
3213 662.768
3213 828.55
3213 893.77
3213 1010.978
3213 868.91
3213 834.092
3214 736.302
3214 528.46
3214 826.682
3214 669.09
3214 352.8
3214 344.876
3214 341.678
3215 916.258
3215 3605.362
3215 1500.572
3215 1099.932
3215 631.096
3215 768.59
3215 568.474
3216 1539.32
3216 2288.478
3216 583.606
3216 656.586
3216 661.64
3216 3828.13
3216 1034.566
3216 491.928
3216 858.838
3216 355.832
3216 1031.068
3216 669.878
3216 1183.694
3217 408.308
3217 1493.328
3217 438.508
3217 1497.294
3217 2432.868
3217 933.256
3217 343.628
3217 1154.356
3217 2228.218
3217 1232.838
3217 378.914
3218 627.032
3218 2094.47
3218 652.574
3218 1157.678
3218 1030.576
3218 498.596
3218 829.388
3218 762.168
3218 2875.896
3218 1101.362
3218 726.728
3218 638.066
3218 2975.576
3219 182.474
3219 867.732
3219 564.53
3219 1318.408
3219 1529.704
3219 673.91
3220 1448.902
3220 531.758
3220 1003.92
3220 2163.898
3220 1514.238
3220 2384.106
3220 965.694
3220 1922.058
3220 260.914
3220 576.986
3220 1888.47
3220 2750.794
3220 440.418
3221 1064.584
3221 772.438
3221 1632.704
3221 775.31
3221 583.354
3221 323.306
3221 435.418
3221 703.348
3222 507.744
3222 2337.696
3222 2649.814
3222 444.592
3222 674.322
3222 954.25
3222 1999.988
3222 1073.314
3222 547.878
3222 664.616
3222 2221.614
3222 733.634
3223 3250.38
3223 1534.656
3223 446.356
3223 598.438
3223 1601.484
3223 1224.888
3223 536.724
3223 1159.306
3223 712.992
3223 961.722
3223 1106.072
3223 756.75
3224 532.032
3224 352.764
3224 2986.93
3224 2748.326
3224 728.768
3224 199.602
3224 779.674
3224 483.132
3224 697.23
3225 6188.624
3225 692.788
3225 996.454
3225 1058.634
3225 1369.99
3225 789.954
3225 1075.838
3225 394.812
3226 241.774
3226 903.574
3226 432.476
3226 1027.134
3226 1088.83
3226 607.58
3226 1038.038
3226 537.172
3226 1397.538
3226 521.262
3226 902.662
3227 673.95
3227 750.712
3227 979.168
3227 305.232
3227 971.338
3227 2245.668
3227 604.006
3227 977.294
3227 593.87
3227 1233.288
3227 563.596
3228 424.978
3228 535.09
3228 1465.518
3228 433.47
3228 3014.274
3228 486.714
3228 1028.7
3228 746.96
3228 892.134
3228 1003.162
3228 1217.198
3228 801.78
3229 605.142
3229 599.808
3229 1486.776
3229 589.458
3229 1330.89
3229 2237.772
3229 963.424
3229 2304.534
3229 821.824
3229 2078.616
3230 372.464
3230 1633.468
3230 955.938
3230 358.304
3230 2387.27
3230 1209.878
3230 841.5
3230 2065.844
3231 1467.078
3231 962.812
3231 1743.014
3231 940.404
3231 433.734
3231 1818.924
3231 1465.334
3231 427.536
3232 1097.326
3232 770.82
3232 774.614
3232 2097.094
3232 1415.814
3232 573.292
3232 1177.866
3232 718.924
3232 216.986
3232 985.498
3233 2133.684
3233 1469.58
3233 656.598
3233 721.088
3233 532.294
3233 697.974
3233 530.07
3233 685.422
3233 1014.634
3233 1267.71
3233 2459.13
3233 322.652
3234 614.654
3234 552.632
3234 1052.234
3234 1610.418
3234 700.956
3234 317.722
3234 691.242
3235 1040.13
3235 906.798
3235 457.562
3235 490.44
3235 822.95
3236 578.51
3236 446.492
3236 1642.896
3236 1240.332
3236 650.668
3236 1189.414
3237 1170.718
3237 1717.064
3237 1047.542
3237 857.372
3237 629.652
3237 3289.718
3237 1141.218
3237 1343.49
3237 798.676
3237 838.024
3237 689.63
3237 4753.752
3238 3251.552
3238 934.214
3238 1346.998
3238 698.676
3238 1172.756
3238 1084.886
3238 626.762
3238 1124.326
3239 1078.378
3239 1747.236
3239 1077.996
3239 780.1
3239 2878.14
3239 1994.206
3239 248.88
3239 1601.136
3239 910.958
3239 1023.446
3239 253.738
3240 516.234
3240 1081.06
3240 431.982
3240 1046.06
3240 884.276
3240 1653.362
3240 766.872
3240 1225.166
3240 1538.322
3240 532.556
3241 843.644
3241 1857.318
3241 885.742
3241 1105.37
3241 531.628
3241 1285.63
3241 2066.938
3241 1464.904
3241 1165.022
3241 746.478
3241 886.622
3241 593.314
3241 1300.738
3242 732.508
3242 372.734
3242 439.784
3242 1865.512
3242 636.294
3242 549.916
3242 1054.632
3242 1452.582
3242 908.432
3242 1853.028
3242 4962.218
3242 876.544
3242 1381.382
3242 519.59
3243 739.476
3243 303.87
3243 703.99
3243 873.406
3243 1356.356
3243 591.024
3243 599.756
3243 3441.734
3243 929.082
3243 5601.17
3243 1183.796
3244 1101.014
3244 1629.622
3244 1039.278
3244 1671.926
3244 434.12
3245 3313.866
3245 681.33
3245 548.084
3245 2372.55
3245 909.872
3245 967.958
3245 446.818
3245 2243.384
3245 1163.92
3245 553.392
3246 1121.664
3246 1300.634
3246 506.698
3246 1506.284
3246 2085.166
3246 620.662
3246 1930.368
3246 567.556
3246 615.382
3246 1439.38
3246 1556.938
3246 1175.342
3247 1123.812
3247 1783.144
3247 462.834
3247 915.224
3247 396.52
3247 975.92
3247 541.868
3247 1559.886
3247 622.718
3247 834.154
3247 725.702
3248 1433.73
3248 504.944
3248 694
3248 5357.578
3248 1078.596
3248 618.498
3248 1272.676
3248 2723.992
3249 270.168
3249 466.964
3249 430.71
3249 767.124
3249 242.034
3249 1208.042
3249 849.914
3250 490.306
3250 1711.8
3250 1571.426
3250 522.274
3250 611.004
3250 2757.186
3250 1222.194
3250 695.762
3250 385.154
3250 755.514
3250 3237.07
3250 737.008
3251 920.584
3251 631.59
3251 809.314
3251 335.998
3251 495.342
3251 768.338
3251 920.724
3252 1366.898
3252 591.358
3252 673.428
3252 1306.008
3252 1026.578
3252 938.564
3252 1059.16
3252 1854.498
3252 1632.038
3252 419.96
3253 589.908
3253 1320.244
3253 1178.494
3253 1632.842
3253 2286.85
3253 361.22
3253 947.722
3253 1528.118
3253 1245.374
3254 1135.02
3254 594.716
3254 1849.754
3254 1688.582
3254 1133.218
3254 611.418
3254 1629.172
3255 605.796
3255 306.512
3255 1136.424
3255 261.162
3255 718.394
3256 1184.868
3256 1002.85
3256 598.348
3256 1260.416
3256 1003.798
3256 763.084
3256 1175.498
3256 977.978
3256 859.902
3256 2229.156
3256 854.938
3256 1357.924
3256 378.124
3256 743.558
3257 1282.962
3257 2390.702
3257 2687.788
3257 440.534
3257 1241.228
3257 2600.548
3257 561.65
3257 458.318
3257 665.452
3257 2505.414
3257 282.934
3257 2664.408
3257 637.228
3257 1011.504
3257 916.83
3257 1154.61
3258 383.734
3258 1306.266
3258 1479.762
3258 404.024
3258 652.758
3258 1021.082
3258 1524.694
3258 1361.238
3258 877.058
3258 846.2
3259 3218.474
3259 728.338
3259 489.934
3259 1073.034
3259 870.046
3259 1285.272
3260 945.19
3260 881.332
3260 1429.342
3260 1030.126
3260 1391.882
3260 347.676
3260 1166.752
3260 1049.97
3260 284.266
3260 491.366
3260 545.278
3260 2366.44
3260 645.03
3261 1025.18
3261 2156.122
3261 4471.168
3261 944.758
3261 1730.634
3261 1074.578
3261 854.882
3261 1043.012
3261 317.38
3261 615.86
3261 950.712
3261 1454.25
3261 492.454
3261 721.264
3262 1616.752
3262 1351.228
3262 918.998
3262 765.85
3262 645.146
3262 372.286
3262 643.604
3262 1851.13
3262 610.644
3262 434.408
3263 1826.41
3263 992.66
3263 885.752
3263 534.084
3263 567.748
3263 1670.138
3263 2455.876
3263 1197.668
3263 626.142
3263 886.75
3263 828.876
3263 730.282
3264 766.646
3264 1250.882
3264 726.37
3264 436.63
3264 919.61
3264 1147.882
3264 1202.168
3264 892.31
3265 1141.342
3265 380.616
3265 1183.898
3265 250.884
3265 957.56
3265 904.796
3265 297.79
3265 1234.328
3265 2183.78
3265 849.05
3266 753.23
3266 850.692
3266 645.858
3266 2879.062
3266 597.918
3266 349.752
3266 491.598
3267 423.968
3267 929.3
3267 1145.378
3267 962.002
3267 570.052
3267 382.574
3267 1217.48
3268 569.082
3268 1058.064
3268 3047.332
3268 861.26
3268 538.156
3268 943.494
3268 1633.59
3269 4854.21
3269 576.762
3269 1454.616
3269 421.146
3269 292.596
3269 528.936
3269 357.358
3269 649.448
3270 1199.816
3270 604.61
3270 1079.094
3270 963.99
3270 526.968
3270 1203.858
3270 975.182
3270 504.732
3270 1305.666
3270 639.716
3270 1688.148
3271 1317.36
3271 2227.108
3271 736.698
3271 544.666
3271 1465.154
3271 1213.034
3271 447.556
3271 435.402
3271 571.892
3272 777.346
3272 1615.35
3272 917.308
3272 786.538
3272 627.8
3272 647.712
3272 486.008
3272 1755.112
3272 2178.306
3272 1485.056
3272 489.428
3272 2082.878
3273 1813.03
3273 481.236
3273 550.698
3273 2453.476
3273 3268.042
3273 746.196
3273 401.33
3273 515.774
3273 326.354
3273 318.368
3273 478.364
3273 1093.788
3273 671.704
3274 1079.338
3274 743.508
3274 478.232
3274 467.784
3274 1551.084
3275 525.26
3275 798.902
3275 717.344
3275 886.442
3275 1251.818
3275 274.042
3275 309.432
3276 1387.562
3276 522.032
3276 931.794
3276 586.988
3276 1076.262
3276 1054.9
3276 1234.722
3276 949.046
3276 808.6
3276 1033.856
3276 1153.464
3277 679.062
3277 961.546
3277 663.6
3277 2463.774
3277 1795.386
3277 891.326
3277 655.92
3277 794.25
3277 860.838
3277 1397.16
3277 560.626
3277 706.568
3278 1242.328
3278 1220.462
3278 1112.134
3278 446.842
3278 505.104
3278 481.862
3278 1105.13
3279 1198.78
3279 833.88
3279 258.852
3280 2855.31
3280 1190.728
3280 527.464
3280 1536.988
3280 2947.922
3280 894.004
3280 2436.128
3280 1105.208
3281 2327.636
3281 1023.542
3281 2854.782
3281 4655.786
3281 1190.32
3281 495.552
3282 1060.648
3282 545.858
3282 2409.474
3282 2011.922
3282 405.292
3282 3170.716
3282 1654.322
3282 1196.268
3282 1895.124
3282 795.972
3282 1562.99
3282 2223.198
3282 251.948
3282 1525.764
3283 1015.614
3283 306.418
3283 1196.466
3283 703.996
3283 429.71
3283 513.174
3283 1154.364
3283 751.206
3283 1136.194
3284 474.22
3284 1069.908
3284 3668.37
3284 608.136
3284 1904.286
3284 1869.498
3284 811.61
3284 1684.312
3284 1296.524
3284 286.07
3284 1363.33
3285 624.596
3285 497.258
3285 311.862
3285 339.278
3285 2648.16
3285 483.352
3285 1129.542
3285 2136.176
3285 389.598
3285 747.608
3285 623.666
3285 844.908
3286 588.834
3286 1573.304
3286 711.384
3286 1082.286
3286 1341.16
3286 1529.02
3286 381.844
3286 1334.614
3286 736.37
3286 670.174
3286 3522.202
3286 770.854
3286 1523.084
3287 626.446
3287 584.104
3287 966.224
3287 1352.292
3287 779.198
3287 1216.43
3288 445.19
3288 1213.948
3288 853.376
3288 182.924
3288 1001.506
3288 1133.79
3288 1381.99
3288 785.012
3288 1028.028
3288 1755.3
3288 687.854
3288 476.972
3288 1767.504
3288 955.056
3288 3211.388
3289 1341.828
3289 1920.88
3289 1087.822
3289 723.904
3289 821.602
3289 631.936
3289 480.22
3289 603.072
3289 692.08
3289 460.022
3289 563.784
3290 1140.586
3290 1012.802
3290 649.232
3290 578.58
3290 761.3
3290 489.316
3290 730.304
3290 2221.242
3290 1424.472
3290 757.336
3290 3465.484
3290 800.13
3290 1886.716
3290 641.944
3291 526.702
3291 1408.156
3291 420.45
3291 579.598
3291 502.356
3291 2447.756
3291 623.312
3291 1192.958
3291 1369.652
3291 1241.832
3291 321.684
3292 1246.342
3292 632.416
3292 1237.842
3292 1062.866
3292 2272.894
3292 2862.48
3292 730.914
3293 1280.932
3293 1280.238
3293 376.8
3293 1585.776
3293 506.092
3293 1010.506
3293 511.5
3293 2228.446
3293 1466.856
3293 379.896
3293 1213.514
3293 2450.466
3294 1608.534
3294 649.58
3294 516.82
3294 1177.784
3294 1536.582
3294 705.674
3294 973.31
3294 1439.528
3294 482.606
3294 1118.928
3294 2050.236
3295 2898.934
3295 1207.408
3295 1626.49
3295 984.404
3295 472.826
3295 549.536
3295 2114.186
3295 449.54
3295 1130.208
3295 1404.34
3295 1237.816
3296 352.004
3296 2558
3296 773.946
3296 523.544
3296 588.774
3296 893.786
3296 971.756
3297 950.106
3297 1711.436
3297 953.718
3297 2462.718
3297 453.118
3297 542.802
3297 549.672
3297 1319.432
3297 612.214
3297 473.378
3297 4594.766
3297 1014.742
3298 2268.864
3298 3685.944
3298 544.82
3298 1824.172
3298 492.278
3298 469.522
3299 809.606
3299 948.672
3299 1173.962
3299 350.178
3299 1907.366
3299 269.12
3299 1245.48
3300 478.936
3300 2047.406
3300 1299.914
3300 1732.41
3301 808.602
3301 2292.902
3301 489.82
3301 1399.358
3301 822.144
3301 450.816
3301 668.982
3301 1079.252
3301 299.39
3301 1844.54
3302 2376.94
3302 2663.544
3302 3540.124
3302 1017.522
3302 992.888
3302 660.762
3302 900.63
3302 1653.192
3303 264.85
3303 2248.722
3303 268.852
3303 899.93
3303 641.154
3304 746.008
3304 2823.658
3304 500.354
3304 1892.102
3304 1318.726
3304 358.234
3304 718.632
3305 4256.142
3305 4276.56
3305 1144.116
3305 435.55
3305 299.304
3305 1877.002
3305 353.568
3305 391.832
3305 1314.95
3305 592.192
3305 956.342
3305 346.618
3305 888.298
3305 1700.644
3305 733.934
3306 1186.876
3306 802.4
3306 317.374
3306 1722.348
3306 1135.612
3306 455.384
3306 432.206
3306 293.662
3307 990.096
3307 1444.936
3307 410.948
3307 1275.194
3307 2356.754
3307 1861.268
3307 1470.21
3307 656.84
3307 453.506
3307 1110.956
3307 1204.928
3307 1408.456
3307 1272.018
3307 1114.482
3307 1186.182
3308 1364.462
3308 1306.036
3308 713.038
3308 1094.394
3308 3312.526
3308 2605.396
3308 594.106
3308 838.766
3308 1069.064
3308 1614.764
3308 837.584
3309 1228.714
3309 1283.522
3309 578.678
3309 758.746
3309 1212.28
3309 810.302
3309 1454.188
3309 1529.03
3309 969.402
3309 827.778
3309 2121.298
3309 701.498
3309 1106.932
3309 2269.96
3309 1092.728
3309 3176.566
3309 1519.44
3310 916.312
3310 592.692
3310 1724.376
3310 725.66
3310 1235.764
3310 1305.986
3310 786.072
3310 927.738
3310 926.84
3310 3931.204
3310 1440.534
3310 623.258
3311 554.542
3311 342.906
3311 437.14
3311 1554.9
3311 444.646
3311 1000.812
3311 128.778
3311 582.844
3311 291.772
3311 557.192
3311 2640.658
3312 533.008
3312 1838.202
3312 2181.846
3312 417.116
3312 986.054
3312 1702.282
3312 1176.582
3312 551.068
3312 1197.938
3312 3084.338
3313 1550.592
3313 428.624
3313 482.996
3313 1392.184
3313 1417.644
3313 495.538
3313 1769.808
3313 722.808
3313 372.964
3313 417.518
3313 795.148
3313 1407.65
3313 1977.968
3313 515.994
3314 957.742
3314 703.05
3314 1131.99
3314 524.598
3314 674.148
3314 1194.636
3314 1272.472
3314 1360.174
3314 1461.018
3315 2849.956
3315 1218.15
3315 744.142
3315 954.072
3315 1204.834
3315 1583.644
3315 704.466
3316 3483.798
3316 942.888
3316 1477.56
3316 596.676
3316 322.372
3316 870.514
3316 1198.336
3316 606.088
3316 565.848
3316 727.836
3316 600.818
3316 374.902
3317 1384.724
3317 895.608
3317 700.07
3317 3646.218
3317 2352.594
3317 404.774
3317 1070.846
3317 1163.72
3318 215.992
3318 885.414
3318 1327.53
3318 461.006
3318 1088.126
3318 424.144
3318 807.406
3318 454.25
3318 1450.232
3318 295.784
3318 379.256
3318 1811.698
3318 1732.128
3318 468.254
3318 424.378
3318 2035.952
3318 741.312
3318 2266.234
3318 383.404
3318 487.788
3318 960.234
3319 361.436
3319 539.86
3319 574.572
3319 1702.098
3319 1804.232
3319 665.992
3319 1292.846
3319 2652.624
3319 702.174
3320 2392.082
3320 1198.022
3320 720.5
3320 268.07
3320 1219.254
3320 826.018
3321 676.566
3321 1317.622
3321 1284.3
3321 1329.922
3321 586.962
3321 288.456
3321 693.464
3321 1486.994
3321 827.65
3321 1514.124
3321 899.716
3322 623.08
3322 1139.934
3322 315.362
3322 1419.714
3322 982.884
3322 850.48
3322 1954.99
3322 652.952
3323 639.786
3323 2007.146
3323 3208.896
3323 1084.398
3323 1529.884
3323 693.046
3323 558.914
3323 884.674
3324 853.338
3324 1139.692
3324 459.516
3324 597.4
3324 1533.972
3324 735.924
3324 1655.26
3324 684.43
3324 1376.512
3324 2735.988
3324 1014.486
3324 637.39
3325 745.114
3325 649.242
3325 396.948
3325 428.034
3325 756.562
3325 915.198
3325 622.396
3326 1369.86
3326 1002.206
3326 951.852
3326 757.496
3326 1400.358
3326 1523.008
3326 449.166
3327 2090.042
3327 2074.586
3327 1440.204
3327 471.808
3327 2448.85
3327 694.56
3327 399.862
3327 685.974
3327 661.508
3327 698.224
3327 681.532
3327 2127.112
3327 1004.768
3327 660.254
3328 1248.238
3328 785.492
3328 1933.932
3328 1166.218
3328 405.088
3328 607.062
3329 2142.16
3329 940.278
3329 1238.528
3329 600.444
3329 2380.65
3329 615.776
3329 710.178
3329 843.098
3330 478.102
3330 860.814
3330 270.75
3330 2157.688
3330 1310.462
3330 461.69
3330 1073.292
3330 1009.616
3330 755.746
3330 502.778
3330 1083.982
3330 1114.606
3330 1035.076
3330 1553.236
3330 753.024
3330 1239.388
3331 412.86
3331 2007.242
3331 2295.28
3331 1261.384
3331 1552.638
3331 2117.492
3331 888.682
3331 1468.81
3331 367.178
3331 857.676
3331 915.57
3332 1173.796
3332 1282.812
3332 1221.216
3332 1163.296
3332 1031.572
3332 839.088
3332 932.322
3332 2106.158
3332 1469.844
3332 1720.408
3333 2055.234
3333 847.206
3333 559.702
3333 831.408
3333 603.016
3333 1962.702
3333 312.626
3334 239.564
3334 1203.464
3334 424.21
3334 567.258
3334 619.26
3334 461.686
3334 368.156
3334 1545.792
3334 247.248
3334 723.702
3334 430.702
3334 739.896
3335 425.85
3335 2135.09
3335 1630.936
3335 901.388
3335 615.08
3335 1312.79
3336 2159.538
3336 1792.004
3336 654.01
3336 1744.608
3336 1269.216
3336 3189.43
3336 864.734
3337 822.112
3337 1103.614
3337 1588.788
3337 1475.412
3337 1163.912
3337 769.91
3337 1284.37
3337 1621.778
3337 684.138
3337 2765.04
3337 904.324
3337 1100.76
3337 2827.224
3337 811.742
3338 618.586
3338 463.552
3338 582.912
3338 2432.752
3338 739.752
3338 1198.566
3338 721.226
3338 689.242
3339 1651.702
3339 1542.516
3339 1279.592
3339 1566.31
3339 736.818
3339 909.712
3339 2749.818
3339 1536.222
3339 1002.01
3339 514.176
3339 984.262
3339 682.544
3339 473.176
3340 1027.408
3340 640.252
3340 369.38
3340 316.688
3340 875.98
3340 682.926
3340 523.738
3340 445.98
3341 1477.914
3341 1280.348
3341 907.792
3341 999.164
3341 1549.278
3341 1409.662
3341 532.724
3341 1979.898
3341 636.116
3341 737.004
3341 1008.518
3341 616.948
3341 1651.184
3341 358.166
3341 1016.604
3341 359.006
3342 734.212
3342 796.41
3342 981.35
3342 362.642
3342 341.748
3342 2300.78
3342 1869.032
3343 2123.15
3343 269.452
3343 2610.842
3343 2251.068
3343 3431.62
3343 2212.856
3344 1799.856
3344 438.364
3344 1148.696
3344 960.9
3344 1434.232
3344 1200.474
3344 1469.34
3344 745.276
3344 2489.916
3345 1433.682
3345 1820.374
3345 3233.182
3345 420.862
3345 540.252
3345 894.918
3345 1027.05
3345 444.182
3345 312.902
3345 2148.27
3346 1133.556
3346 1015.962
3346 410.436
3346 916.174
3346 513.26
3346 422.982
3346 1852.844
3346 823.484
3346 2426.056
3346 433.06
3346 683.806
3347 681.104
3347 941.746
3347 662.296
3347 893.38
3347 1484.546
3347 351.668
3347 507.954
3347 715.058
3347 611.906
3347 761.426
3347 2014.58
3347 917.698
3348 938.722
3348 2046.23
3348 675.894
3348 1534.508
3348 4009.054
3348 1158.288
3348 2020.59
3348 1181.34
3348 1476.196
3348 919.366
3348 1854.242
3349 1873.942
3349 1035.638
3349 747.004
3349 1269.772
3349 808.052
3349 584.532
3349 1491.152
3349 343.474
3350 224.9
3350 637.186
3350 795.832
3350 1080.074
3350 439.994
3350 354.332
3350 590.024
3350 1408.126
3350 1144.012
3350 820.436
3350 666.362
3350 1981.976
3350 1255.12
3350 1256.04
3350 1286.064
3350 615.726
3351 1032.078
3351 1904.398
3351 1713.944
3351 3241.406
3351 1899.26
3351 958.528
3352 512.136
3352 1328.704
3352 544.732
3352 832.128
3352 991.338
3352 2468.732
3352 992.596
3353 1553.612
3353 847.53
3353 356.546
3353 3315.872
3353 1307.864
3354 1194.98
3354 810.116
3354 1692.408
3354 1004.396
3354 526.056
3354 827.068
3354 580.582
3354 602.652
3354 403.95
3354 850.17
3355 801.112
3355 1727.41
3355 944.952
3355 1664.41
3355 552.79
3355 390.472
3355 960.41
3355 1122.724
3355 402.398
3355 259.53
3355 851.416
3355 1048.746
3356 1179.196
3356 1906.59
3356 201.394
3356 904.638
3356 872.808
3356 495.084
3356 1028.912
3356 3076.928
3356 815.622
3356 540.384
3356 1401.51
3356 357.076
3356 1260.55
3356 704.466
3356 1807.374
3356 867.786
3356 662.17
3356 286.132
3357 1366.556
3357 404.86
3357 931.634
3357 1189.276
3357 1644.508
3357 965.73
3357 332.424
3357 3053.178
3357 682.866
3357 745.184
3357 761.858
3357 513.47
3357 517.41
3357 763.308
3357 320.102
3357 1548.096
3357 884.986
3357 802.23
3358 493.122
3358 1115.128
3358 905.622
3358 760.066
3358 2110.936
3358 893.468
3358 1329.996
3358 2132.172
3358 1874.588
3358 1276.822
3358 1069.766
3359 384.604
3359 758.404
3359 346.082
3359 712.336
3359 547.138
3359 463.122
3359 359.614
3359 483.948
3359 382.832
3360 1621.024
3360 618.612
3360 1770.672
3360 542.654
3360 725.548
3360 1138.764
3360 715.508
3360 438.506
3361 710.824
3361 635.25
3361 1554.788
3361 787.912
3361 549.42
3361 360.386
3361 1437.306
3361 681.706
3361 565.044
3361 1025.1
3361 1063.128
3361 1689.494
3362 769.474
3362 1619.274
3362 1123.972
3362 1225.372
3362 1951.486
3362 663.192
3362 1341.512
3363 494.444
3363 2349.404
3363 301.502
3363 1114.114
3363 1138.366
3363 1899.816
3363 617.146
3363 684.364
3363 905.896
3363 2291.548
3363 1404.966
3363 839.142
3364 1044.924
3364 969.572
3364 1339.556
3364 778.734
3364 921.772
3364 2044.866
3365 1617.298
3365 2362.76
3365 886.52
3365 518.54
3365 2238.642
3365 837.482
3365 951.534
3365 954.976
3365 1397.288
3365 1093.952
3365 1042.804
3365 2142.642
3366 1226.428
3366 594.292
3367 1147.468
3367 1478.898
3367 779.476
3367 1241.108
3368 410.366
3368 1371.336
3368 946.514
3368 428.5
3368 1540.43
3368 586.402
3368 759.828
3368 1012.45
3369 924.74
3369 857.152
3369 831.858
3369 914.852
3369 382.62
3369 1093.93
3369 782.72
3369 593.994
3370 695.756
3370 849.456
3370 1006.238
3370 529.09
3370 403.642
3370 699.1
3370 821.566
3370 1574.306
3370 1048.748
3371 826.156
3371 1515.84
3371 741.65
3371 1209.68
3371 752.132
3371 690.104
3371 590.808
3371 670.618
3371 2255.716
3371 816.738
3371 784.87
3371 336.52
3372 1075.304
3372 1433.578
3372 340.52
3373 1536.16
3373 2460.178
3373 511.214
3373 1400.022
3373 793.574
3373 1918.156
3373 791.924
3373 838.098
3373 2173.476
3373 940.81
3373 662.878
3373 1444.966
3374 1123.338
3374 723.636
3374 2110.332
3374 2677.034
3374 808.446
3374 626.922
3374 444.262
3374 743.182
3374 1130.334
3374 2653.734
3374 2590.178
3374 815.254
3374 1097.314
3374 666.6
3375 719.306
3375 790.698
3375 1730.41
3375 3647.236
3375 852.51
3375 796.344
3375 498.752
3375 1449.19
3375 1045.674
3375 514.406
3375 2092.62
3375 695.86
3376 223.728
3376 703.126
3376 505.014
3376 174.618
3376 959.102
3376 789.746
3376 694.838
3376 521.628
3376 1956.52
3376 709.962
3376 830.408
3377 623.438
3377 2313.816
3377 338.924
3377 2161.226
3377 932.284
3377 1770.096
3378 747.706
3378 1131.824
3378 289.098
3378 412.528
3378 653.796
3378 813.2
3379 541.912
3379 862.846
3379 2720.83
3379 469.48
3379 3081.514
3379 780.56
3379 309.874
3379 910.102
3379 2093.44
3379 871.43
3379 1281.244
3379 1710.936
3379 818.454
3379 170.132
3379 2325.272
3379 968.468
3379 1338.22
3380 596.206
3380 284.404
3380 1669.656
3380 378.126
3380 860.298
3380 965.376
3380 1235.418
3381 2293.156
3381 2093.03
3381 715.274
3381 813.628
3381 684.474
3381 806.502
3381 1607.406
3382 1706.412
3382 1310.19
3382 935.288
3382 1234.28
3382 1308.744
3382 1165.368
3382 1211.598
3382 294.06
3382 1000.696
3382 2123.104
3382 697.286
3382 853.802
3383 1155.864
3383 1813.024
3383 389.598
3383 2714.758
3383 1360.686
3383 405.276
3383 432.408
3383 1467.488
3384 1981.854
3384 384.494
3384 893.928
3384 702.394
3384 868.772
3384 3502.962
3384 342.046
3384 1116.716
3384 1034.736
3385 838.82
3385 2267.022
3385 2651.4
3385 841.922
3385 1191.88
3385 2453.196
3385 2473.274
3385 1600.554
3385 1078.6
3385 946.856
3385 1519.718
3385 1581.292
3385 324.85
3385 2251.34
3385 1180.022
3385 1237.128
3386 780.484
3386 383.22
3386 947.148
3386 375.416
3386 1141.33
3386 838.94
3386 1074.484
3386 636.138
3386 494.684
3386 655.374
3386 1498.44
3386 579.298
3386 637.352
3387 1304.726
3387 433.07
3387 723.236
3387 2023.736
3387 711.128
3387 952.36
3387 566.178
3387 1111.276
3387 601.954
3387 1597.17
3388 730.754
3388 466.038
3388 582.054
3388 1065.72
3388 865.972
3388 1774.766
3388 3356.638
3388 2417.56
3388 620.682
3388 573.4
3388 1572.536
3388 2777.796
3389 1504.804
3389 1769.704
3389 1215.118
3389 1195.228
3389 685.158
3389 1178.088
3389 2718.824
3389 494.12
3389 1326.698
3389 1797.272
3389 523.74
3390 555.954
3390 2523.016
3390 705.542
3390 1066.104
3390 2333.884
3390 515.108
3390 530.712
3390 1776.038
3390 1523.72
3390 659.376
3391 2247.11
3391 1043.7
3391 2686.488
3391 239.34
3391 1127.55
3391 2615.68
3391 1704.22
3391 838.478
3391 365.814
3391 923.342
3391 655.956
3391 1889.78
3392 1026.586
3392 523.218
3392 618.494
3392 412.426
3392 408.674
3392 1415.646
3392 617.346
3392 1054.456
3392 506.404
3393 930.308
3393 603.572
3393 725.19
3393 1725.326
3393 549.6
3393 2252.306
3393 1146.576
3393 794.952
3394 1607.33
3394 784.378
3394 300.056
3394 455.082
3394 976.65
3394 1211.742
3394 600.244
3394 2065.218
3394 311.074
3394 717.138
3394 416.364
3394 786.244
3395 596.084
3395 496.554
3395 541.344
3395 731.506
3395 1393.04
3395 2314.338
3395 685.66
3396 1050.352
3396 584.524
3396 1117.69
3396 669.37
3396 1330.592
3396 2112.116
3396 1118.802
3396 418.96
3396 1661.264
3397 1006.634
3397 1155.764
3397 3495.194
3397 1212.288
3397 1240.39
3397 1313.466
3397 451.496
3397 494.742
3397 963.368
3397 1159.158
3397 2911.284
3397 1188.812
3398 739.314
3398 633.868
3398 433.632
3398 765.242
3398 726.436
3398 690.302
3398 507.27
3398 1738.82
3398 587.58
3398 1507.818
3398 1148.11
3399 599.258
3399 2345.56
3399 1033.702
3399 1019.286
3399 775.134
3399 3736.18
3399 656.304
3399 1576.256
3399 1409.336
3399 1796.764
3399 331.27
3399 1999.99
3400 294.82
3400 749.254
3400 1590.12
3400 1285.828
3400 492.61
3400 2195.784
3400 403.436
3401 793.5
3401 478.168
3401 968.148
3401 560.022
3401 1812.392
3401 997.09
3401 3835.448
3401 1238.888
3401 1594.73
3401 359.794
3401 802.572
3401 611.842
3402 672.758
3402 470.044
3402 674.09
3402 1753.238
3402 496.35
3402 324.78
3402 3391.18
3402 685.26
3402 3100.298
3402 616.226
3402 596.586
3402 2427.358
3402 1034.646
3403 1308.356
3403 1306.616
3403 1700.102
3403 1010.44
3403 766.572
3403 986.658
3403 1200.71
3403 807.822
3403 1520.394
3403 363.06
3403 592.458
3404 527.952
3404 805.444
3404 1851.078
3404 1163.786
3404 1452.834
3404 611.634
3404 1057.544
3404 330.624
3404 733.16
3404 523.028
3404 1038.592
3404 3147.76
3404 1003.034
3404 333.96
3405 555.862
3405 810.392
3405 633.186
3405 1534.144
3405 645.744
3405 609.952
3405 914.71
3405 619.648
3406 1076.468
3406 655.692
3406 282.708
3406 1994.002
3406 797.826
3406 2176.84
3406 871.138
3406 1733.852
3406 472.762
3406 1319.178
3407 1133.786
3407 1693.678
3407 1485.338
3407 2013.118
3407 1651.07
3407 726.41
3407 407.118
3408 1191.53
3408 900.122
3408 682.33
3408 1602.926
3408 613.084
3408 1087.008
3408 1305.072
3408 497.918
3408 1461.322
3408 1062.37
3408 601.278
3408 805.666
3409 624.672
3409 628.002
3409 684.99
3409 743.91
3409 345.564
3409 2026.464
3409 1853.97
3409 1373.422
3409 2324.768
3409 740.07
3410 1239.198
3410 988.744
3410 1482.73
3410 2554.088
3410 3985.656
3410 1381.578
3410 352.316
3410 448.168
3410 1719.142
3411 438.744
3411 1657.924
3411 280.094
3411 504.152
3412 916.114
3412 1227.716
3412 1712.224
3412 2432.89
3412 813.902
3412 216.522
3412 499.478
3412 1222.656
3412 913.276
3412 649.688
3412 451.636
3412 1699.588
3412 2771.768
3412 2777.65
3413 769.52
3413 1267.966
3413 2898.31
3413 1453.688
3413 1973.85
3413 703.652
3413 759.362
3413 1097.648
3413 1042.164
3413 728.254
3413 1595.954
3413 1482.878
3413 638.832
3413 639.854
3414 1898.896
3414 1413.964
3414 537.016
3414 1055.154
3414 695.244
3414 756.87
3414 1386.158
3414 303.344
3414 1005.056
3414 712.604
3414 346.918
3414 384.148
3415 2382.844
3415 956.286
3415 1259.118
3415 1289.588
3415 1399.826
3415 1635.434
3415 811.902
3415 990.076
3415 613.95
3415 1038.91
3415 340.972
3415 1552.408
3416 1686.404
3416 2022.402
3416 1003.048
3416 1838.622
3416 1659.544
3416 1086.87
3416 1997.89
3416 1374.404
3416 442.718
3416 1310.004
3416 597.098
3417 1271.288
3417 1326.156
3417 1801.16
3417 797.942
3417 499.802
3417 2119.738
3417 1601.388
3417 1253.79
3417 831.078
3417 358.628
3418 497.008
3418 388.114
3418 469.712
3418 2039.196
3418 603.972
3418 667.236
3418 1000.92
3418 1058.668
3418 1101.464
3418 922.438
3418 1555.042
3418 1336.218
3418 662.774
3418 1968.144
3419 438.652
3419 427.798
3419 903.156
3419 354.048
3419 1090.454
3419 1033.892
3419 509.476
3419 1388.55
3419 3131.946
3419 1751.35
3420 1212.954
3420 461.2
3420 1743.336
3420 581.34
3420 708.794
3420 665.994
3420 1521.816
3420 730.508
3420 407.074
3420 510.758
3420 644.136
3420 1336.924
3420 255.472
3420 1907.278
3420 934.134
3420 527.82
3420 1026.018
3420 1229.672
3421 1346.642
3421 1873.91
3421 671.59
3421 991.3
3421 1572.41
3421 435.166
3421 792.254
3421 1072.91
3422 1498.638
3422 2173.154
3422 1244.028
3422 2053.656
3422 1021.178
3422 668.158
3422 1524.352
3422 989.522
3422 1380.19
3422 908.354
3422 755.252
3422 2805.32
3422 248.622
3423 698.184
3423 2301.408
3423 794.492
3423 1288.304
3423 623.342
3423 881.008
3424 699.43
3424 1293.892
3424 537.186
3424 1609.398
3424 2068.538
3425 542.472
3425 635.326
3425 573.444
3425 919.856
3425 622.99
3425 757.508
3425 820.63
3425 742.42
3425 811.644
3425 1021.212
3426 1216.948
3426 548.164
3426 339.732
3426 1031.756
3426 1700.236
3426 932.806
3426 2842.716
3426 1057.048
3427 460.938
3427 1182.818
3427 1348.532
3427 326.46
3427 1018.708
3427 689.57
3427 983.182
3427 775.342
3427 454.362
3427 1895.934
3427 835.68
3428 951.104
3428 1823.872
3428 4302.626
3428 1200.732
3428 1089.316
3428 1299.546
3428 813.54
3429 401.758
3429 968.162
3429 441.842
3429 481.656
3429 366.326
3429 526.638
3429 1345.108
3429 519.082
3430 879.75
3430 1719.34
3430 1686.256
3430 442.012
3430 480.35
3430 1278.456
3430 589
3430 1104.248
3430 1517.532
3430 2009.794
3430 1056.772
3430 768.178
3430 2080.832
3430 964.626
3430 1955.55
3431 1305.208
3431 661.252
3431 964.954
3431 354.1
3431 592.546
3431 1015.498
3431 1491.118
3431 1510.394
3432 1320.186
3432 1253.3
3432 1099.168
3432 1975.1
3432 297.216
3432 525.026
3432 320.894
3432 550.232
3432 864.71
3432 877.9
3432 469.16
3432 1459.574
3433 2228.588
3433 2108.64
3433 1395.254
3433 797.934
3433 2183.012
3433 2323.124
3433 1690.842
3433 599.346
3433 1351.26
3433 729.432
3434 2032.442
3434 686.492
3434 1166.524
3434 644.454
3434 673.89
3434 1907.432
3435 1194.594
3435 722.268
3435 381.684
3435 850.192
3435 831.424
3435 1277.686
3436 2899.148
3436 1015.758
3436 1914.604
3436 951.54
3436 742.01
3436 1431.93
3436 883.77
3436 376.258
3436 417.362
3437 316.412
3437 544.89
3437 1477.446
3437 757.93
3437 1996.88
3437 507.188
3437 487.348
3437 282.346
3437 525.828
3437 524.154
3438 602.47
3438 413.79
3438 1925.314
3438 623.306
3438 669.304
3438 1207.076
3438 2529.188
3439 437.878
3439 1468.266
3439 2526.044
3439 1664.736
3439 1370.572
3439 500.724
3439 868.09
3440 2022.142
3440 814.016
3440 604.772
3440 800.974
3440 2077.03
3440 431.97
3440 849.986
3440 1648.55
3440 884.458
3440 733.584
3441 632.238
3441 267.328
3441 674.09
3441 521.334
3441 616.712
3441 817.248
3441 1160.312
3441 1197.238
3441 1010.646
3441 628.826
3441 694.334
3441 357.04
3442 781.782
3442 553.43
3442 491.512
3442 777.012
3442 471.724
3442 598.618
3442 773.804
3443 1561.44
3443 345.436
3443 434.69
3443 1044.2
3443 747.772
3443 484.75
3443 3075.502
3443 1141.416
3443 703.604
3443 973.112
3443 247.498
3443 1805.226
3443 439.996
3443 1351.644
3443 1694.28
3444 347.292
3444 845.726
3444 1999.108
3444 980.862
3444 235.036
3445 610.822
3445 1338.68
3445 1273.214
3445 897.39
3445 1260.11
3445 507.206
3445 596.338
3445 816.42
3445 1435.486
3445 941.442
3445 1436.896
3445 699.064
3445 381.342
3445 847.112
3445 842.772
3445 635.36
3445 864.466
3445 557.192
3445 1816.99
3445 1540.824
3446 881.384
3446 1254.82
3446 1033.304
3446 906.256
3446 1247.274
3446 1097.316
3446 2334.014
3447 1065.562
3447 1584.056
3447 495.61
3447 1447.42
3447 2088.938
3447 328.944
3447 1423.882
3448 3053.838
3448 908.268
3448 858.228
3448 1090.26
3448 1404.58
3448 2656.026
3448 1102.16
3448 2170.038
3448 1610.888
3448 707.03
3448 293.992
3448 3562.858
3449 388.718
3449 1103.512
3449 594.77
3449 416.456
3449 542.768
3449 1816.288
3449 668.506
3449 706.282
3449 600.922
3449 701.83
3449 575.374
3449 2046.428
3450 1188.136
3450 1536.862
3450 1138.174
3450 478.416
3450 699.458
3450 258.24
3450 811.778
3450 405.298
3450 1799.526
3451 760.634
3451 1485.826
3451 443.314
3451 578.816
3451 904.31
3451 575.816
3451 364.308
3451 723.072
3451 798.558
3451 661.844
3451 2272.354
3451 361.262
3452 593.682
3452 1924.752
3452 1194.58
3452 585.636
3452 981.302
3453 1328.39
3453 1380.888
3453 866.784
3453 1295.988
3454 899.128
3454 625.69
3454 1439.088
3454 1597.436
3454 595.242
3454 459.706
3454 2670.806
3454 703.572
3454 695.244
3455 1304.79
3455 1042.928
3455 795.372
3455 3898.006
3455 247.63
3455 1249.466
3455 857.974
3455 439.868
3455 847.866
3455 838.522
3456 1540.616
3456 987.55
3456 558.678
3456 1003.158
3456 648.812
3456 608.81
3456 1687.394
3456 1440.804
3456 925.112
3456 978.614
3456 884.052
3456 732.32
3456 292.73
3457 384.52
3457 1116.448
3457 519.868
3457 749.366
3457 1578.07
3457 386.548
3457 433.904
3457 796.096
3458 1952.6
3458 409.482
3458 331.442
3458 956.542
3458 833.402
3458 475.366
3458 696.862
3458 2223.214
3458 413.112
3458 924.786
3458 1774.102
3458 464.228
3458 737.476
3458 1991.414
3458 1332.366
3459 1165.536
3459 2159.346
3459 1683.984
3459 616.542
3459 544
3459 623.042
3459 1515.204
3460 700.526
3460 1222.262
3460 925.748
3460 845.086
3460 495.088
3460 600.804
3460 1035.086
3460 905.238
3460 1060.466
3460 1058.544
3460 484.178
3460 734.684
3460 1323.896
3460 1380.442
3461 318.8
3461 423.068
3461 1316.306
3461 1120.968
3461 569.574
3461 1432.908
3461 972.872
3461 221.432
3461 1080.718
3461 394.302
3461 1790.314
3462 1371.28
3462 532.422
3462 895.374
3462 711.37
3462 1882.63
3462 1658.08
3462 1115.836
3462 1539.928
3462 587.45
3462 656.74
3462 504.542
3462 2979.862
3462 1251.576
3462 866.268
3462 513.746
3463 733.836
3463 491.574
3463 374.484
3463 876.754
3463 1626.21
3463 2596.476
3463 2107.496
3463 1231.206
3463 471.394
3463 1049.468
3464 1791.952
3464 402.67
3464 1069.79
3464 555.75
3464 1649.358
3464 543.83
3464 2205.082
3464 782.048
3464 723.764
3464 1934.024
3464 1217.358
3465 994.674
3465 2024.41
3465 510.636
3465 1334.658
3465 511.288
3465 1564.294
3466 2567.642
3466 1521.384
3466 839.21
3466 209.356
3466 767.342
3466 806.56
3466 1009.516
3466 1181.148
3466 1711.742
3467 1088.564
3467 427.564
3467 1424.942
3467 1163.682
3467 774.52
3467 951.61
3467 1225.036
3467 787.082
3467 1168.372
3467 648.864
3467 438.332
3468 533.464
3468 458.26
3468 2301.098
3468 2125.422
3468 464.918
3468 997.674
3468 2667.136
3468 1095.47
3468 671.324
3468 776.948
3468 549.814
3468 487.112
3468 638.91
3469 1029.086
3469 564.668
3469 1275.124
3469 668.22
3469 1931.9
3469 1022.044
3469 1014.506
3469 1274.356
3470 668.838
3470 2208.578
3470 1203.46
3470 458.6
3470 758.836
3470 457.998
3470 528.24
3470 1372.364
3471 1241.486
3471 736.302
3471 296.694
3471 853.902
3471 1108.83
3471 1716.626
3471 1455.576
3471 1033.736
3471 412.278
3471 727.486
3472 769.924
3472 1142.442
3472 1200.796
3472 891.8
3472 226.514
3472 1135.844
3472 740.984
3472 1212.34
3472 612.064
3473 585.486
3473 670.274
3473 767.766
3473 1527.234
3473 422.724
3473 467.356
3473 934.132
3473 783.222
3473 3540.19
3473 674.172
3473 342.454
3474 717.04
3474 723.58
3474 779.896
3474 1044.908
3474 1729.366
3474 1129.096
3474 1243.292
3474 1694.622
3474 1281.748
3475 1459.258
3475 614.298
3475 2121.422
3475 1083.334
3475 907.554
3475 1968.962
3475 569.554
3475 1317.57
3475 686.644
3475 806.504
3475 2373.194
3475 431.122
3476 900.086
3476 2131.428
3476 951.254
3476 2019.118
3476 835.022
3476 349.692
3476 1138.1
3476 1052.228
3476 711.514
3476 1124.202
3476 4156.104
3476 731.874
3476 1063.356
3476 611.596
3476 680.738
3476 312.96
3477 1554.942
3477 1254.584
3477 2685.09
3477 308.224
3477 1093.892
3477 2240.476
3477 1059.27
3477 880.038
3477 1171.714
3477 1701.652
3477 1331.49
3477 1210.562
3478 420.416
3478 238.478
3478 982.622
3478 461.052
3478 1047.388
3478 5501.27
3478 3247.548
3478 1537.916
3478 2244.774
3478 2063.73
3478 1368.618
3479 2642.664
3479 1916.856
3479 696.19
3479 307.14
3479 2819.286
3479 563.468
3479 891.386
3479 468.316
3479 372.456
3480 1560.13
3480 2384.73
3480 479.588
3480 439.948
3480 281.97
3480 1110.056
3480 1744.756
3480 744.374
3480 1097.458
3480 770.616
3480 592.582
3480 2360.052
3480 1967.93
3480 372.042
3481 2791.252
3481 3292.592
3481 2724.042
3481 798.094
3481 782.654
3481 1811.464
3482 1188.046
3482 1536.192
3482 2183.144
3482 1468.742
3482 328.544
3482 1490.652
3482 1275.684
3482 2526.062
3482 1122.412
3482 320.49
3482 485.628
3482 1556.83
3482 1460.87
3482 2735.022
3482 1736.17
3482 1194.564
3483 1365.118
3483 1739.122
3483 1429.508
3483 1273.864
3483 644.026
3483 1889.234
3483 1399.634
3483 1117.53
3483 991.568
3483 568.048
3483 1154.822
3483 1342.494
3483 864.92
3483 426.326
3484 891.718
3484 483.6
3484 1049.75
3484 864.946
3484 1222.658
3484 2423.72
3484 492.988
3484 2059.666
3484 927.718
3484 626.226
3485 279.066
3485 713.008
3485 1495.17
3485 352.178
3485 752.906
3485 1150.7
3485 674.01
3485 2390.468
3485 817.628
3485 1004.894
3485 422.002
3485 1035.446
3485 592.15
3486 1024.94
3486 2600.668
3486 955.67
3486 946.168
3486 898.458
3486 1004.29
3486 1372.894
3487 569.598
3487 477.512
3487 3366.176
3487 1046.72
3487 2598.63
3487 500.312
3487 492.254
3487 1896.396
3487 3113.338
3487 963.096
3487 619.604
3488 1105.348
3488 657.758
3488 964.508
3488 524.31
3488 1366.798
3488 702.214
3488 1413.91
3488 818.588
3488 1055.122
3489 2091.25
3489 227.058
3489 982.744
3489 1176.256
3489 2294.074
3489 1631.914
3489 432.982
3489 693.376
3489 665.832
3490 1595.314
3490 1733.416
3490 1072.478
3490 1695.264
3490 1093.256
3490 1974.868
3490 1135.292
3490 604.636
3490 1782.884
3491 1680.27
3491 1096.46
3491 1226.598
3491 2056.27
3491 675.12
3492 535.036
3492 1266.558
3492 651.648
3492 410.644
3492 806.032
3492 703.906
3492 670.67
3492 1251.954
3492 939.98
3492 888.162
3492 1449.094
3493 521.252
3493 479.99
3493 877.332
3493 1062.278
3493 2272.892
3493 671.618
3493 1559.456
3493 1391.778
3493 1206.85
3493 1054.316
3493 955.918
3493 617.312
3494 3004.158
3494 2276.376
3494 2579.504
3494 787.574
3494 652.048
3494 1553.482
3494 1532.758
3494 1648.682
3494 707.288
3494 1966.982
3494 1474.726
3495 1148.524
3495 1145.48
3495 1112.536
3495 1804.102
3495 829.602
3495 553.592
3495 1906.024
3495 1193.552
3495 1305.934
3495 1566.418
3495 1093.654
3495 816.958
3496 3798.554
3496 1081.186
3496 2194.056
3496 300.682
3496 770.086
3496 1330.028
3496 300.238
3496 1292.842
3496 482.944
3497 832.03
3497 617.874
3497 1399.39
3497 1690.25
3497 2072.57
3497 1679.628
3497 1183.742
3498 1807.462
3498 813.202
3498 1353.57
3498 741.866
3498 622.99
3498 900.9
3498 1043.546
3498 804.168
3498 813.78
3498 627.088
3498 894.822
3498 551.274
3498 1077.114
3498 649.676
3498 405.176
3498 907.002
3498 1516.422
3498 703.686
3498 786.056
3498 549.454
3498 1341.274
3499 727.802
3499 2371.292
3499 594.054
3499 686.772
3499 985.01
3499 688.888
3499 1254.922
3499 1597.062
3499 840.156
3499 696.008
3500 671.164
3500 631.302
3500 686.83
3500 1196.37
3500 524.93
3500 2191.684
3500 932.018
3501 1167.942
3501 1591.974
3501 1996.258
3501 4369.666
3501 2746.166
3501 1078.992
3501 1330.726
3501 2427.552
3501 869.65
3501 1072.838
3501 716.072
3501 353.916
3501 674.74
3502 660.348
3502 843.302
3502 741.836
3502 870.762
3502 735.458
3502 723.664
3502 520.094
3502 458.508
3502 1098.036
3502 1276.056
3502 481.78
3502 915.478
3502 841.234
3502 2774.202
3502 1052.376
3502 764.644
3502 545.758
3502 1375.576
3502 451.714
3502 1058.098
3502 887.816
3502 2190.362
3503 2589.322
3503 305.62
3503 1037.422
3503 170.228
3503 680.4
3503 936.374
3503 2340.182
3504 814.976
3504 577.984
3504 334.244
3504 1434.704
3504 422.046
3504 731.268
3504 476.876
3504 1471.572
3505 990.392
3505 625.726
3505 551.16
3505 369.806
3505 722.06
3505 1878.172
3506 668.156
3506 1064.37
3506 1502.12
3506 563.06
3506 1022.58
3506 554.774
3506 2953.91
3506 1174.062
3506 338.638
3507 502.476
3507 1423.724
3507 418.728
3507 2171.516
3507 873.588
3507 1227.962
3507 2069.066
3507 403.634
3507 661.78
3507 3147.176
3507 304.696
3507 2210.276
3507 622.988
3508 850.638
3508 780.62
3508 995.824
3508 653.988
3508 704.862
3508 511.372
3508 711.422
3508 1553.542
3508 1295.99
3508 624.992
3508 528.588
3508 860.93
3509 798.556
3509 1371.164
3509 858.98
3509 834.748
3509 742.642
3509 1044.79
3509 1856.054
3509 620.91
3509 1327.274
3509 1630.33
3509 1149.906
3509 1097.818
3509 1651.658
3510 1375.708
3510 1227.628
3510 677.54
3510 835.586
3510 935.852
3510 926.126
3511 499.332
3511 2058.126
3511 442.09
3511 1184.542
3511 681.244
3511 2560.53
3511 916.112
3511 1258.862
3511 2269.074
3511 2180.314
3511 1162.18
3512 1119.64
3512 479.624
3512 568.152
3512 972.708
3512 395.866
3512 1332.874
3512 2403.094
3512 1455.408
3513 499.114
3513 846.074
3513 576.812
3513 1574.362
3513 685.386
3513 558.128
3513 949.378
3513 580.222
3513 1555.746
3513 1889.266
3513 852.338
3513 1196.736
3513 1916.792
3513 628.686
3513 738.026
3513 1467.828
3513 1726.138
3514 496.654
3514 927.566
3514 393.174
3514 1194.922
3514 938.552
3514 1803.812
3514 520.56
3514 885.36
3514 476.968
3514 1229.814
3514 341.376
3515 866.858
3515 397.668
3515 1878.878
3515 837.278
3515 274.24
3515 1164.42
3515 747.606
3515 666.782
3515 1077.514
3515 785.518
3515 698.398
3515 2666.266
3516 676.986
3516 664.346
3516 2313.244
3516 318.034
3516 721.372
3516 668.362
3516 1098.412
3516 642.704
3516 617.212
3516 678.556
3516 2289.85
3516 1388.266
3516 1598.968
3517 1366.492
3517 1337.638
3517 2023.264
3517 1107.25
3517 569.31
3517 1362.916
3517 1255.084
3517 1868.726
3517 1587.154
3517 4440.528
3518 1851.748
3518 713.732
3518 1017.754
3518 1337.502
3518 1094.626
3518 1728.226
3518 935.694
3518 2085.058
3518 1082.408
3518 2147.528
3518 1058.928
3518 1395.486
3519 1006.248
3519 232.748
3519 270.948
3519 1055.198
3519 489.068
3519 441.134
3519 1009.436
3519 2254.174
3519 539.164
3519 525.384
3519 1309.152
3520 885.08
3520 1814.214
3520 1914.052
3520 526.502
3520 1443.408
3520 419.9
3520 1399.744
3521 783.46
3521 775.42
3521 1981.294
3521 319.876
3521 3026.618
3521 1376.288
3521 1503.324
3521 1173.092
3521 989.496
3521 744.076
3521 1030.994
3521 358.03
3521 1342.986
3521 409.146
3522 741.866
3522 2380.902
3522 859.312
3522 3358.25
3522 1669.018
3522 2230.674
3522 666.674
3522 2819.966
3522 613.102
3522 1639.114
3523 750.798
3523 1021.104
3523 2656.82
3523 1388.986
3523 1491.534
3523 797.24
3523 717.278
3523 556.348
3523 1016.09
3523 949.478
3523 870.088
3524 1808.576
3524 738.272
3524 675.628
3524 880.83
3524 688.754
3524 738.964
3524 1619.252
3525 1377.774
3525 1753.214
3525 1829.45
3525 1465.552
3525 2334.316
3525 1598.17
3525 833.636
3525 530.756
3525 1548.4
3525 907.422
3526 814.52
3526 587.78
3526 409.528
3527 3712.496
3527 2761.884
3527 1700.598
3527 2037.376
3527 412.582
3527 783.268
3528 5030.818
3528 517.254
3528 2641.854
3528 527.454
3528 618.288
3528 816.51
3528 1953.606
3528 1385.552
3528 650.916
3528 1113.726
3528 453.056
3528 617.202
3528 2682.134
3529 567.246
3529 1675.444
3529 588.936
3529 381.316
3529 900.408
3529 1528.628
3529 2847.616
3529 4157.416
3529 647.956
3529 424.176
3529 404.038
3529 354.996
3529 1104.368
3529 1619.732
3530 1710.808
3530 1271.254
3530 1317.226
3530 3853.45
3530 401.784
3530 1343.692
3530 3478.69
3530 4328.75
3530 1019.082
3530 869.906
3530 1006.78
3530 1503.874
3531 1626.282
3531 924.988
3531 1467.222
3531 464.75
3531 631.314
3531 1075.824
3531 1425.02
3531 1333.768
3531 861.14
3531 1486.018
3531 2323.558
3531 422.988
3532 1742.912
3532 1148.948
3532 672.04
3532 1078.788
3532 901.31
3532 2310.318
3532 499.754
3532 2451.884
3532 1207.582
3532 1429.744
3532 1552.386
3533 875.512
3533 664.918
3533 612.644
3533 1196.908
3533 284.53
3533 1191.04
3533 1028.77
3534 752.954
3534 483.148
3534 560.124
3534 978.278
3534 1685.376
3534 610.622
3534 1548.882
3534 859.384
3534 285.192
3534 548.568
3534 758.728
3534 608.848
3534 1880.578
3535 1441.296
3535 720.482
3535 2265.798
3535 665.114
3535 1768.938
3535 516.556
3535 1234.848
3535 2516.21
3535 1152.228
3535 615.224
3535 2421.476
3535 1031.494
3535 482.414
3535 2323.256
3535 920.196
3535 657.44
3535 539.784
3535 1267.392
3536 1067.61
3536 699.482
3536 959.764
3536 2423.9
3536 449.48
3536 737.542
3536 1198.346
3536 640.82
3536 714.002
3536 1519.964
3536 830.456
3536 321.55
3537 727.436
3537 713.872
3537 352.384
3537 2232.93
3537 1147.596
3537 1369.264
3537 877.48
3537 1000.006
3537 620.118
3537 802.494
3537 851.972
3537 875.446
3537 437.952
3537 1962.124
3537 1080.142
3537 657.906
3537 2142.454
3537 977.262
3537 482.066
3537 2529.53
3537 1421.182
3537 703.936
3538 785.886
3538 4225.87
3538 2634.812
3538 1328.5
3538 385.138
3538 1346.982
3538 448.074
3538 598.784
3538 1678.612
3538 1045.524
3538 442.02
3538 1117.982
3539 760.816
3539 477.898
3539 828.242
3539 2375
3539 689.102
3539 927.568
3539 1174.366
3539 750.056
3539 397.948
3539 303.422
3539 1093.766
3540 1950.716
3540 1516.152
3540 1602.368
3540 731.456
3540 942.06
3540 681.284
3540 892.366
3540 3474.97
3540 1497.228
3540 864.702
3540 548.33
3540 1368.808
3540 2654.758
3540 3572.396
3540 521.188
3540 925.608
3541 898.258
3541 1572.284
3541 592.456
3541 3627.302
3541 1241.898
3542 1677.332
3542 1851.312
3542 259.53
3542 1447.52
3542 1565.554
3542 456.688
3542 1195.204
3542 799.492
3542 2539.514
3542 3147.978
3543 806.23
3543 1391.044
3543 1680.814
3543 759.062
3543 971.324
3544 773.022
3544 432.494
3544 1684.31
3544 1448.974
3544 525.84
3544 359.646
3544 466.038
3544 635.358
3544 650.248
3544 665.344
3544 768.072
3544 955.178
3544 1226.318
3545 813.66
3545 1503.814
3545 441.052
3545 1132.728
3545 588.202
3545 2399.63
3545 859.728
3545 747.722
3545 1010.578
3545 371.782
3545 709.57
3545 1146.228
3545 434.264
3545 1013.434
3546 426.622
3546 227.094
3546 766.108
3546 551.14
3546 930.284
3546 707.59
3546 1008.292
3546 783.7
3546 502.608
3546 767.702
3546 1454.532
3546 2152.276
3547 486.962
3547 876.466
3547 873.504
3547 2808.956
3547 797.838
3547 1296.816
3547 1243.014
3547 1886.914
3547 1681.772
3547 588.872
3547 1425.814
3547 824.794
3548 1378.526
3548 668.002
3548 572.872
3548 444.07
3548 2388.55
3548 811.296
3548 700.44
3548 813.288
3548 1537.652
3548 709.562
3548 1890.244
3549 2841.312
3549 1462.154
3549 1006.428
3549 495.258
3549 350.252
3549 1199.626
3550 734.784
3550 1975.186
3550 721.64
3550 836.868
3550 806.03
3550 1585.704
3550 1808.588
3550 1113.776
3550 494.064
3550 589.046
3550 1197.564
3551 554.304
3551 1913.468
3551 305.756
3551 815.932
3551 1325.516
3551 1048.928
3551 223.84
3551 1616.516
3551 1184.516
3551 1395.154
3551 2462.796
3552 1186.124
3552 887.496
3552 1578.264
3552 547.228
3552 1198.476
3552 1890.864
3552 826.038
3553 650.76
3553 701.89
3553 642.14
3553 696.714
3553 356.286
3553 524.584
3553 234.584
3553 1713.066
3553 691.942
3553 1399.048
3553 1239.56
3553 1645.828
3553 1246.312
3553 289.788
3553 687.038
3554 1734.042
3554 1234.714
3554 307.776
3554 1186.786
3554 1185.15
3554 1890.626
3554 899.618
3554 667.41
3554 601.432
3554 680.078
3554 470.028
3555 1114.964
3555 1842.416
3555 1123.422
3555 1867.57
3555 952.498
3555 1229.62
3555 547.624
3555 640.95
3555 1417.668
3555 516.684
3555 621.422
3555 717.166
3555 767.296
3555 765.114
3555 695.514
3555 1403.866
3555 814.374
3556 558.376
3556 1685.344
3556 488.218
3556 2419.378
3556 2016.114
3557 598.83
3557 385.38
3557 894.166
3557 740.772
3557 1499.836
3557 1441.55
3557 852.914
3557 479.902
3557 1869.112
3557 620.23
3557 901.67
3557 868.878
3558 1123.946
3558 1130.756
3558 869.66
3558 727.858
3558 403.38
3558 431.904
3558 607.1
3558 422.988
3558 691.194
3558 630.73
3558 392.258
3558 436.142
3558 923.266
3558 684.07
3558 2029.772
3558 185.012
3558 628.544
3558 962.492
3558 258.45
3558 1196.556
3558 1681.838
3559 1828.106
3559 517.622
3559 1084.806
3559 1210.126
3559 1075.778
3559 674.66
3559 1102.788
3559 1314.622
3559 906.332
3559 3287.34
3560 544.118
3560 473.172
3560 436.41
3560 422.656
3560 793.958
3560 670.048
3560 1083.704
3560 983.736
3560 1204.754
3560 1227.35
3560 369.768
3561 793.966
3561 616.28
3561 1180.698
3561 797.63
3561 1734.51
3561 568.574
3561 746.234
3561 919.028
3561 927.772
3562 848.718
3562 508.966
3562 959.176
3562 1260.544
3562 1581.926
3562 915.348
3562 2831.25
3562 2671.912
3562 1018.802
3562 1446.296
3562 1734.664
3562 965.802
3563 1973.514
3563 854.724
3563 1109.1
3563 2570.94
3563 1036.45
3563 1248.886
3564 661.118
3564 728.07
3564 324.068
3564 886.804
3564 1713.846
3564 654.18
3564 1066.176
3565 650.97
3565 2118.786
3565 467.928
3565 823.462
3565 684.188
3565 1103.584
3565 610.242
3565 676.91
3565 510.482
3566 515.842
3566 1784.778
3566 838.56
3566 3046.92
3566 1404.464
3566 978
3566 2112.676
3566 1570.422
3566 303.578
3566 873.386
3566 1777.614
3566 722.806
3566 797.02
3566 909.572
3566 531.618
3566 1768.194
3567 664.168
3567 1789.3
3567 1359.304
3567 1562.414
3567 1529.732
3567 891.846
3568 1421.23
3568 1116.44
3568 923.54
3568 1020.44
3568 517.69
3568 1110.366
3568 1076.78
3568 1536.454
3569 2673.812
3569 1195.694
3569 1171.478
3569 367.38
3569 755.068
3569 741.824
3569 406.882
3569 980.028
3569 1057.256
3569 593.058
3569 939.244
3569 2121.274
3569 1341.268
3569 2068.638
3570 1429.632
3570 777.776
3570 922.222
3570 657.35
3570 1153.052
3570 790.95
3570 2129.702
3570 1816.328
3570 1020.66
3571 333.456
3571 1027.372
3571 582.65
3571 2002.632
3571 997.566
3571 1396.662
3571 722.32
3571 361.24
3571 813.25
3571 556.024
3572 600.858
3572 1300.62
3572 920.9
3572 909.6
3572 587.162
3572 2244.22
3572 426.154
3572 381.856
3572 894.462
3573 748.722
3573 1263.148
3573 523.966
3573 1320.942
3573 969.618
3573 975.236
3573 929.636
3573 377.546
3573 1722.096
3573 2176.408
3573 2136.202
3573 718.316
3573 738.834
3573 642.408
3573 1005.4
3574 1081.646
3574 2858.45
3574 710.004
3574 678.064
3574 941.912
3574 728.886
3574 1613.766
3575 686.022
3575 1424.478
3575 589.538
3575 458.302
3575 1681.914
3575 725.3
3575 1507.588
3575 552.06
3575 547.134
3575 612.138
3575 1891.232
3575 2306.084
3575 374.532
3575 775.606
3575 1840.682
3575 1523.294
3576 435.56
3576 899.47
3576 1115.428
3576 984.942
3576 1888.51
3576 632.732
3576 1241.11
3576 1725.52
3576 813.946
3576 189.47
3576 2035.342
3576 1228.158
3576 2684.822
3576 1189.602
3577 1874.13
3577 1709.27
3577 1948.856
3577 1794.992
3577 567.73
3577 1756.504
3577 1066.608
3577 2155.956
3577 711.228
3577 1487.32
3577 306.184
3577 1534.104
3577 389.058
3577 2352.906
3577 2451.352
3577 1349.186
3577 1096.998
3578 2408.862
3578 843.312
3578 1716.028
3578 1005.202
3578 493.296
3578 1495.244
3578 1361.732
3578 290.942
3578 2031.46
3578 673.046
3578 1079.628
3578 710.858
3578 1139.96
3578 860.034
3579 1145.064
3579 1838.966
3579 1077.202
3579 1116.522
3579 1068.98
3579 915.7
3579 2321.766
3579 704.898
3579 1387.98
3579 1066.868
3579 411.656
3579 2287.688
3579 569.182
3579 302.322
3579 1567.956
3580 1256.752
3580 701.104
3580 593.858
3580 369.998
3580 1478.114
3580 597.55
3580 956.616
3580 874.958
3580 1550.282
3580 493.796
3580 1352.394
3580 705.76
3580 655.746
3581 809.552
3581 537.892
3581 657.584
3581 267.068
3581 946.204
3581 652.522
3581 2904.868
3581 1201.698
3581 819.812
3581 591.664
3581 2409.164
3581 857.09
3581 776.07
3581 294.19
3581 849.502
3581 1209.846
3581 1250.06
3581 1416.2
3582 1321.588
3582 381.928
3582 786.322
3582 697.744
3582 746.886
3582 468.562
3582 1849.78
3582 1763.87
3582 252.684
3582 1222.648
3582 2867.556
3583 452.08
3583 1442.254
3583 1070.632
3583 238.304
3583 1793.482
3583 4742.674
3583 589.518
3583 1665.426
3584 1458.966
3584 812.192
3584 411.926
3584 520.556
3584 925.824
3584 340.248
3584 1319.38
3584 992.272
3584 1842.71
3584 1423.974
3584 4080.792
3585 1822.684
3585 427.348
3585 394.624
3585 1393.83
3585 989.656
3585 750.652
3585 1564.532
3586 1531.504
3586 283.884
3586 583.08
3586 2754.742
3586 967.244
3586 782.43
3586 901.354
3586 555.134
3586 1920.42
3586 714.86
3586 1044.428
3586 851.946
3586 789.092
3587 272.7
3587 2773.698
3587 1509.704
3587 685.782
3587 490.666
3587 1778.596
3587 1232.354
3587 1347.574
3587 640.598
3587 1329.17
3587 2277.618
3587 2826.152
3587 1304.702
3587 985.35
3587 513.418
3587 1504.236
3588 1573.242
3588 419.714
3588 877.626
3588 1219.126
3588 982.57
3588 1336.984
3588 217.98
3588 669.638
3588 1483.762
3588 1006.47
3588 2423.33
3588 908.942
3588 1455.484
3588 1157.116
3588 1553.578
3588 674.48
3589 686.296
3589 969.582
3589 824.234
3589 1145.248
3589 477.86
3589 754.756
3589 649.624
3589 382.92
3589 519.434
3589 925.14
3589 602.644
3589 662.374
3590 869.088
3590 1828.474
3590 650.308
3591 1051.744
3591 1611.952
3591 1080.294
3591 845.896
3591 652.59
3592 696.446
3592 1178.498
3592 674.724
3592 1004.9
3592 1614.208
3592 1687.554
3592 1263.892
3592 682.728
3592 548.774
3592 276.862
3592 909.062
3592 1085.176
3592 795.532
3592 1049.086
3593 459.472
3593 994.968
3593 1283.914
3593 814.506
3593 391.084
3593 1121.658
3593 495.69
3593 663.534
3593 1572.99
3593 1216.658
3593 445.386
3593 712.474
3593 417.026
3594 1662.168
3594 641.736
3594 829.132
3594 464.786
3594 1376.07
3594 358.946
3594 1155.266
3594 488.716
3594 620.024
3595 762.862
3595 435.446
3595 674.83
3595 2276.88
3595 496.45
3595 2310.214
3595 1078.818
3595 884.814
3595 773.498
3595 462.346
3596 1497.688
3596 1457.674
3596 569.028
3596 1424.956
3596 2580.436
3596 329.504
3596 4310.318
3596 932.99
3596 800.646
3596 1594.71
3597 409.414
3597 284.64
3597 1045.792
3597 1043.772
3597 1671.916
3597 1514.87
3597 1246.08
3597 866.81
3597 522.474
3597 709.102
3597 399.6
3598 1215.244
3598 979.722
3598 2141.928
3598 391.962
3598 1543.064
3598 1849.528
3598 1354.096
3598 795.882
3598 982.994
3598 611.624
3598 1512.936
3598 2048.244
3598 515.124
3598 957.328
3598 884.868
3599 1152.95
3599 183.482
3599 1287.818
3599 524.736
3599 479.804
3599 507.522
3599 1258.332
3599 838.734
3599 1161.41
3599 644.288
3599 2105.17
3599 589.84
3599 1029.63
3599 476.436
3599 1530.516
3599 804.24
3599 683.774
3600 604.268
3600 519.224
3600 690.476
3600 3005.42
3600 2620.726
3600 1843.94
3600 771.808
3600 1530.718
3600 1983.99
3601 1180.962
3601 704.72
3601 610.768
3601 1327.74
3601 675.598
3601 4035.004
3601 1071.694
3601 628.954
3602 483.866
3602 642.422
3602 3528.266
3602 633.114
3602 1572.138
3602 1279.682
3602 913.218
3602 1208.716
3602 2399.114
3602 3250.87
3602 1240.964
3603 1243.532
3603 490.428
3603 899.516
3603 2928.452
3603 434.38
3603 999.82
3604 1061.934
3604 752.68
3604 717.124
3604 624.276
3604 748.742
3604 817.05
3604 705.658
3604 909.93
3604 384.336
3604 375.928
3604 468.118
3604 1973.892
3604 1107.538
3604 789.65
3605 286.536
3605 676.738
3605 501.484
3605 1274.792
3605 684.418
3605 774.004
3605 2879.068
3605 1190.106
3605 534.894
3605 705.608
3606 941.506
3606 604.394
3606 1146.292
3606 1918.664
3606 1813.79
3606 1245.848
3606 1695.622
3606 1133.7
3606 633.348
3606 849.252
3606 926.098
3607 4298.27
3607 720.244
3607 847.454
3607 501.9
3607 462.01
3607 1430.49
3607 1621.768
3607 1152.956
3607 1906.304
3607 701.052
3607 2484.834
3608 884.082
3608 568.116
3608 844.734
3608 2223.498
3608 758.276
3608 1343.148
3608 941.714
3608 635.31
3608 623.018
3609 494.702
3609 636.12
3609 569.952
3609 701.23
3609 1131.654
3609 680.864
3609 1630.716
3609 2076.666
3610 1796.836
3610 302.948
3610 3050.32
3610 909.444
3610 302.496
3610 1762.956
3610 1031.216
3610 552.598
3610 721.032
3610 731.938
3610 1255.264
3610 1349.804
3610 2131.256
3610 1088.27
3611 801.004
3611 1511.086
3611 781.496
3611 1538.31
3611 614.696
3611 731.352
3611 1597.846
3611 1294.616
3612 1747.558
3612 209.116
3612 686.694
3612 1820.564
3612 1669.66
3612 782.004
3612 1502.9
3612 2021.394
3612 443.41
3612 362.39
3612 654.888
3613 661.368
3613 835.456
3613 903.968
3613 2025.386
3613 1015.504
3613 2028.782
3613 1270.706
3613 1195.426
3613 801.422
3613 918.97
3613 675.8
3613 751.526
3613 933.198
3614 836.682
3614 959.606
3614 1816.646
3614 748.22
3614 1168.146
3614 532.464
3614 465.564
3614 1315.12
3614 941.184
3615 545.29
3615 2285.994
3615 559.472
3615 3895.712
3615 1444.386
3616 1274.95
3616 1471.364
3616 1081.178
3616 1101.628
3616 1169.178
3616 1174.498
3616 1205.454
3616 861.264
3616 1865.93
3616 1002.724
3616 731.358
3616 708.782
3617 691.722
3617 806.482
3617 1173.354
3617 1930.972
3617 1378.338
3617 934.884
3617 462.21
3617 356.998
3617 536.456
3618 808.482
3618 1897.662
3618 1251.326
3618 1107.044
3618 759.87
3618 983.72
3618 786.136
3618 2446.22
3618 2205.466
3618 2082.82
3618 842.87
3618 1041.902
3618 471.694
3618 549.866
3618 687.088
3618 1289.69
3619 1715.212
3619 1007.712
3619 437.726
3619 705.03
3619 345.876
3619 537.304
3619 1125.434
3619 611.558
3619 867.102
3620 345.876
3620 595.666
3620 1398.578
3620 1416.502
3620 819.818
3620 384.008
3620 2320.474
3620 847.5
3620 1081.53
3621 1850.454
3621 728.464
3621 3141.718
3621 939.076
3621 1074.246
3621 1636.968
3621 509.928
3621 1219.792
3621 836.062
3621 325.664
3621 1683.696
3621 1895.878
3622 1349.778
3622 1685.992
3622 641.924
3622 564.374
3623 815.428
3623 1078.514
3623 2749.982
3623 486.59
3623 1129.886
3623 1046.308
3623 1323.316
3623 945.77
3623 1200.894
3623 459.34
3623 980.396
3624 902.764
3624 2431.344
3624 1112.066
3624 836.074
3624 2242.198
3624 1388.106
3624 810.226
3624 991.918
3625 805.016
3625 1340.852
3625 1838.082
3625 282.63
3625 1148.986
3626 1493.144
3626 924.644
3626 743.532
3626 1876.518
3626 366.23
3626 1024.778
3626 339.342
3626 681.512
3626 637.91
3626 1019.384
3626 493.866
3627 365.33
3627 340.24
3627 1365.46
3627 3259.138
3627 506.94
3627 419.994
3628 1336.53
3628 3139.862
3628 1281.366
3628 1456.482
3628 730.804
3628 296.43
3628 881.698
3628 773.858
3628 752.048
3628 1003.496
3628 2314.538
3628 501.266
3628 531.078
3629 961.74
3629 3755.396
3629 263.75
3629 575.416
3629 1049.46
3629 1176.246
3629 1207.706
3630 924.604
3630 1640.894
3630 870.48
3630 1875.018
3630 3088.136
3630 276.254
3630 1886.304
3630 1603.304
3630 676.594
3631 790.13
3631 663.048
3631 844.294
3631 529.392
3631 943.728
3631 468.048
3631 569.676
3631 542.186
3631 1384.466
3631 562.378
3631 1038.008
3631 1399.512
3631 387.818
3632 1237.258
3632 1013.132
3632 529.79
3632 585.288
3632 360.844
3632 1066.888
3633 732
3633 839.704
3633 753.852
3633 2065.51
3633 587.522
3633 4588.488
3633 462.564
3633 493.13
3633 937.586
3633 644.422
3633 387.946
3633 1348.818
3633 2304.076
3634 1014.932
3634 999.724
3634 993.364
3634 387.716
3634 3351.522
3635 1210.672
3635 696.84
3635 1078.9
3635 1745.202
3635 1714.468
3635 729.002
3635 913.538
3635 1054.418
3635 3759.066
3635 3470.67
3635 391.034
3636 1847.292
3636 962.062
3636 1067.448
3636 1123.466
3636 458.584
3636 1623.65
3636 523.724
3636 4595.538
3636 874.694
3636 944.034
3636 971.516
3636 1198.48
3637 1016.182
3637 827.67
3637 1499.304
3637 1644.85
3637 804.912
3637 682.426
3637 966.634
3637 1004.016
3638 772.1
3638 675.776
3638 1704.412
3638 627.344
3638 880.62
3638 958.092
3638 547.886
3638 399.83
3639 1355.288
3639 1980.714
3639 950.122
3639 685.59
3639 1460.494
3639 1674.456
3639 914.556
3639 841.928
3639 552.94
3639 506.89
3639 2298.742
3639 2502.148
3639 397.15
3639 789.87
3639 619.582
3640 1023.532
3640 1079.882
3640 895.07
3640 1555.072
3640 2901.392
3640 521.206
3640 1442.236
3640 334.06
3640 1656.586
3640 1055.81
3640 2935.434
3640 1162.394
3640 374.318
3640 370.614
3640 1094.406
3641 1273.864
3641 431.184
3641 232.768
3641 725.244
3641 900.182
3641 1262.64
3641 617.674
3641 1402.208
3641 952.156
3641 752.806
3641 797.396
3641 641.538
3641 803.262
3641 1044.096
3642 980.248
3642 1788.77
3642 1386.476
3642 2336.016
3642 704.196
3642 833.97
3642 1349.172
3642 569.816
3642 971.53
3642 5277.48
3643 684.632
3643 1947.066
3643 1219.518
3643 404.718
3643 1383.382
3643 982.352
3643 475.544
3643 1323.936
3643 714.32
3643 1104.908
3643 1596.648
3643 485.852
3643 599.38
3643 607.864
3643 817.444
3643 913.31
3644 682.316
3644 1158.062
3644 1024.38
3644 3231.934
3644 534.134
3644 1631.152
3644 851.536
3644 2011.148
3644 1296.014
3644 772.756
3644 1850.47
3644 1565.75
3644 938.398
3644 765.75
3644 468.838
3644 1323.086
3645 631.054
3645 669.894
3645 2419.952
3645 2860.342
3645 1246.402
3645 1441.932
3645 735.696
3645 561.088
3645 1317.474
3646 1523.236
3646 1156.676
3646 698.18
3646 1509.762
3646 1351.056
3646 711.894
3646 796.218
3647 631.062
3647 991.27
3647 1878.988
3647 504.208
3647 811.524
3647 846.92
3647 2418.83
3648 2352.124
3648 457.28
3648 1629.69
3648 940.774
3648 624.688
3648 1116.708
3648 526.126
3648 786.706
3648 1248.836
3648 2090.172
3648 1476.78
3648 770.778
3649 1140.744
3649 834.608
3649 1239.038
3649 2414.11
3649 1210.042
3649 527.346
3649 584.218
3649 3728.594
3649 332.23
3649 781.86
3649 406.086
3650 1468.876
3650 2133.896
3650 442.584
3650 2050.668
3650 797.472
3650 1344.794
3650 2146.012
3650 590.99
3650 662.682
3650 312.358
3650 491.3
3650 868.832
3650 1724.74
3651 658.102
3651 614.886
3651 1151.262
3651 3222.038
3651 1764.726
3651 434.654
3651 829.414
3651 355.138
3651 1973.606
3652 1222.642
3652 3845.486
3652 509.218
3652 1017.358
3652 1511.858
3652 1972.092
3652 639.446
3652 1312.318
3652 1447.902
3652 546.336
3652 391.526
3652 909.028
3652 406.162
3653 1165.338
3653 520.79
3653 374.744
3653 399.674
3653 722.172
3653 505.442
3653 2388.644
3653 868.306
3653 1147.84
3653 1499.348
3653 3740.172
3653 1453.076
3654 389.956
3654 1394.716
3654 438.71
3654 459.884
3655 1980.964
3655 777.216
3655 1629.592
3655 1140.936
3655 786.896
3655 335.324
3655 889.79
3655 1793.36
3655 931.056
3655 565.006
3655 697.248
3655 516.606
3656 588.954
3656 1176.278
3656 654.734
3656 454.166
3656 391.676
3656 3163.158
3656 1977.272
3656 1753.996
3657 645.258
3657 3191.098
3657 1109.45
3657 1096.94
3657 577.904
3657 846.964
3657 1985.032
3657 1361.956
3658 640.578
3658 989.68
3658 473.146
3658 440.47
3658 1376.48
3658 1062.006
3658 1264.408
3658 376.574
3659 732.882
3659 507.896
3659 835.662
3659 1653.45
3659 2112.96
3659 2466.036
3659 236.41
3659 575.73
3659 1057.668
3659 744.414
3659 1105.166
3660 552.088
3660 1434.748
3660 950.982
3660 1383.006
3660 902.522
3660 466.766
3660 2462.578
3660 816.806
3661 932.936
3661 746.452
3661 1289.956
3661 1124.364
3661 1051.804
3661 678.4
3661 879.916
3661 4823.07
3661 1035.484
3661 887.712
3661 3971.3
3661 262.766
3661 372.484
3662 2324.028
3662 1628.714
3662 1154.772
3662 864.91
3662 4269.778
3662 752.396
3662 2053.122
3662 4774.164
3663 1575.328
3663 674.232
3663 1321.858
3663 1374.498
3663 506.862
3663 427.12
3663 410.63
3663 1113.992
3663 1526.498
3663 626.546
3663 1174.186
3663 1342.684
3664 685.278
3664 307.886
3664 1713.68
3664 1261.536
3664 809.584
3664 1394.316
3664 1380.348
3664 503.43
3665 1288.052
3665 891.298
3665 1818.454
3665 1142.462
3665 3347.366
3665 1070.564
3665 312.566
3665 419.226
3665 2626.002
3665 418.902
3665 382.11
3665 386.318
3665 969.498
3666 1109.808
3666 440.712
3666 2764.734
3666 1623.952
3666 2576.856
3667 722.438
3667 1221.126
3667 943.236
3667 1287.482
3667 1416.542
3667 2596.506
3667 476.934
3667 602.688
3668 1841.93
3668 939.28
3668 1256.316
3668 505.986
3668 584.762
3668 1664.264
3668 722.256
3668 1099.51
3668 2280.05
3668 1356.136
3668 1055.056
3669 641.486
3669 1036.246
3669 932.448
3669 562.412
3669 306.112
3669 1841.558
3669 1467.626
3670 2562.902
3670 895.118
3670 669.964
3670 525.402
3670 420.816
3670 735.782
3670 2814.864
3670 426.688
3670 1112.45
3670 695.172
3670 781.616
3670 1082.042
3671 376.24
3671 1603.746
3671 760.664
3671 694.064
3671 355.262
3671 2684.092
3671 1570.156
3671 500.978
3671 651.15
3671 1234.666
3671 681.894
3671 1429.548
3671 709.864
3671 2584.056
3672 646.588
3672 1282.062
3672 277.786
3672 2022.6
3672 2473.644
3672 713.998
3672 294.68
3673 798.202
3673 853.104
3673 587.546
3673 1061.332
3673 591.972
3673 1071.88
3673 464.816
3673 967.43
3673 611.01
3674 381.09
3674 506.616
3674 510.244
3674 1346.076
3674 862.432
3674 1304.788
3674 1042.842
3674 225.07
3674 453.714
3675 971.314
3675 1039.048
3675 498.642
3675 1683.414
3676 2804.712
3676 488.346
3676 2180.682
3676 860.334
3676 571.07
3676 398.724
3676 1089.726
3676 682.924
3676 762.364
3676 1019.226
3677 2836.9
3677 476.802
3677 756.472
3677 678.084
3677 961.896
3677 1194.39
3677 691.552
3677 1886.456
3677 1497.422
3677 919.392
3677 1125.648
3677 1183.546
3678 1379.828
3678 904.684
3678 1485.514
3678 771.554
3678 1644.036
3678 1040.404
3679 873.63
3679 1481.578
3679 1303.462
3679 720.158
3679 2047.368
3679 270.938
3679 527.182
3679 1607.508
3680 1109.884
3680 1085.424
3680 2572.232
3680 496.488
3680 680.724
3680 1538.874
3680 844.78
3680 844.88
3680 682.788
3680 800.348
3680 606.912
3680 1380.37
3680 715.782
3680 530.158
3680 540.962
3680 715.438
3681 530.308
3681 1916.758
3681 935.652
3681 1607.142
3681 1134.206
3681 1074.526
3681 1451.69
3681 1288.838
3681 2248.346
3682 2087.738
3682 806.92
3682 734.098
3682 1463.298
3682 2479.194
3682 1870.75
3682 1181.918
3683 1629.032
3683 529.922
3683 1904.352
3683 2508.856
3683 1480.198
3683 723.77
3683 1131.03
3683 455.404
3683 672.648
3683 468.11
3684 856.138
3684 1149.166
3684 1344.47
3684 2282.824
3684 1597.834
3684 507.402
3684 827.988
3684 1241.234
3684 1759.238
3684 408.136
3684 703.812
3684 1893.268
3684 1004.028
3684 1187.744
3685 809.056
3685 1158.394
3685 1246.066
3685 1406.564
3685 916.272
3685 324.418
3685 956.238
3685 1335.016
3685 1190.162
3685 633.952
3685 424.604
3685 1039.526
3685 1441.582
3685 1871.488
3685 517.686
3685 1688.244
3685 1950.23
3686 643.6
3686 360.87
3686 429.962
3686 4065.978
3686 420.876
3686 1398.038
3686 735.268
3686 1771.964
3687 745.662
3687 1019.864
3687 410.628
3687 2393.614
3687 1308.23
3687 3355.422
3688 1378.606
3688 1040.742
3688 1550.478
3688 1227.69
3688 937.034
3688 1422.886
3689 1031.762
3689 798.702
3689 1431.376
3689 920.734
3689 317.054
3689 1041.258
3689 1215.5
3690 541.516
3690 3596.286
3690 2273.966
3690 516.728
3690 944.882
3690 927.55
3690 1998.08
3690 2944.456
3690 673.654
3690 526.662
3691 902.374
3691 1789.204
3691 1430.23
3691 1744.654
3691 698.076
3691 3501.44
3691 603.886
3691 830.984
3691 1034.666
3692 1345.486
3692 551.022
3692 1356.046
3692 1721.502
3692 3111.182
3692 2555.956
3692 861.132
3693 2427.512
3693 4220.734
3693 562.262
3693 351.028
3693 875.088
3693 2461.174
3693 625.084
3693 1358.512
3693 1187.67
3693 595.454
3694 709.488
3694 559.022
3694 1695.532
3694 729.862
3694 2392.976
3694 805.886
3694 1591.086
3694 1288.602
3694 1344.262
3694 171.636
3695 435.304
3695 942.264
3695 808.314
3695 790.574
3695 1204.924
3695 1248.33
3695 906.034
3695 1058.536
3696 516.982
3696 1551.628
3696 5331.96
3696 442.61
3696 670.634
3696 133.014
3696 1002.85
3696 471.848
3696 588.114
3696 1510.276
3696 1296.262
3696 3224.86
3696 559.504
3696 1165.816
3696 401.16
3696 2345.744
3696 1571.348
3696 1235.36
3696 998.288
3697 874.068
3697 1147.944
3697 551.392
3697 1900.476
3697 1247.482
3697 2217.784
3697 684.816
3697 1562.348
3697 575.246
3697 1520.256
3697 897.12
3697 470.974
3697 459.46
3697 1171.378
3698 883.268
3698 1688.21
3698 1886.06
3698 382.62
3698 934.504
3698 717.456
3698 1600.59
3698 572.718
3698 791.05
3698 2691.3
3699 1703.192
3699 977.086
3699 1178.454
3699 1367.288
3699 371.146
3700 544.09
3700 302.084
3700 426.66
3700 1092.692
3700 725.728
3700 1302.344
3700 477.93
3700 365.424
3700 311.89
3700 1566.928
3701 1229.424
3701 325.546
3701 392.856
3701 1401.222
3701 457.676
3701 2069.884
3701 748.044
3701 1059.454
3701 1313.302
3701 342.924
3701 1580.762
3701 802.082
3702 605.434
3702 1205.04
3702 798.532
3702 748.584
3702 843.892
3702 578.488
3702 2708.662
3702 873.86
3703 1164.838
3703 1090.048
3703 1575.004
3703 214.656
3703 592.128
3703 882.534
3703 943.746
3703 2220.008
3703 1561.96
3703 1611.008
3704 2349.83
3704 731.932
3704 1060.034
3704 530.506
3704 1258.958
3704 860.524
3704 457.826
3704 1961.564
3704 1134.418
3704 886.16
3704 472.944
3705 1462.47
3705 6817.468
3705 647.644
3705 548.734
3705 1808.44
3705 1742.448
3705 512.684
3705 625.692
3705 1387.514
3705 856.52
3705 1702.28
3705 1844.646
3705 1220.52
3705 2925.068
3705 1328.832
3706 397.902
3706 1092.298
3706 649.314
3706 334.4
3706 1957.168
3706 1417.482
3706 1184.004
3707 988.536
3707 676.984
3707 1619.93
3707 1023.722
3707 517.472
3707 1319.578
3707 825.912
3707 1415.046
3707 947.554
3707 1184.574
3708 2010.828
3708 1452.974
3708 1003.862
3708 1059.618
3708 306.92
3708 391.36
3709 2277.228
3709 338.088
3709 914.266
3709 1179.666
3709 2210.12
3709 976.422
3709 536.2
3709 1859.812
3709 1221.364
3709 3137.83
3709 1346.88
3709 610.936
3710 1151.072
3710 850.3
3710 2880.17
3710 767.298
3710 725.274
3710 1007.6
3710 649.2
3711 1661.046
3711 588.426
3711 2210.944
3711 1276.514
3711 889.166
3711 451.272
3711 376.5
3711 890.362
3711 1721.484
3711 4089.236
3711 1491.374
3711 2461.77
3712 833.764
3712 1522.58
3712 722.676
3712 426.224
3712 1327.054
3712 648.69
3712 1760.442
3712 707.248
3712 825.804
3712 454.434
3712 1259.714
3712 557.384
3713 1482.254
3713 473.932
3713 786.132
3713 1120.806
3713 845.88
3713 486.06
3713 354.16
3713 3735.776
3713 2045.406
3713 484.608
3714 997.708
3714 767.864
3714 442.56
3714 590.526
3714 1195.552
3714 1160.068
3714 1703.212
3714 363.724
3714 710.96
3714 1877.9
3714 850.224
3714 1304.64
3714 945.054
3714 1383.758
3715 1021.626
3715 229.068
3715 581.458
3715 396.818
3715 959.058
3715 381.618
3715 1167.972
3715 811.85
3715 591.724
3715 4452.246
3716 953.002
3716 663.19
3716 592.764
3716 858.116
3716 607.786
3716 477.058
3716 500.44
3716 1011.706
3716 512.036
3716 1282.842
3716 304.092
3716 464.156
3716 543.314
3716 943.318
3716 239.778
3717 931.636
3717 2482.604
3717 1748.568
3717 1357.274
3717 659.692
3717 1177.166
3717 896.336
3717 2130.664
3717 880.158
3717 345.438
3717 1260.618
3717 458.568
3717 993.418
3717 779.746
3717 520.858
3717 420.96
3717 906.51
3717 978.558
3718 3103.996
3718 743.138
3718 1697.984
3718 712.418
3718 3059
3718 1258.414
3718 915.44
3718 1772.27
3718 1792.998
3719 1001.984
3719 251.578
3719 981.794
3719 262.828
3719 328.534
3719 1889.096
3719 592.106
3719 580.162
3719 823.13
3719 240.054
3719 1024.832
3720 379.612
3720 567.01
3720 2129.158
3720 3461.08
3720 577.188
3720 417.434
3720 2437.436
3720 1430.388
3721 1956.478
3721 317.088
3721 1340.114
3721 1073.212
3721 1198.948
3721 577.49
3721 827.206
3721 4310.744
3722 933.444
3722 948.304
3722 353.198
3722 2377.648
3722 521.636
3722 845.584
3722 1202.424
3722 2514.904
3722 932.744
3722 2947.778
3723 1106.196
3723 1914.212
3723 560.156
3723 698.53
3723 1953.32
3723 1846.906
3723 601.092
3723 1329.264
3723 446.836
3723 1250.288
3723 2299.176
3723 1239.6
3724 781.188
3724 455.402
3724 412.272
3724 362.812
3724 2639.016
3724 1249.776
3724 825.506
3724 2950.734
3724 869.408
3725 834.634
3725 818.45
3725 1240.85
3725 717.976
3725 2084.244
3725 932.426
3726 502.596
3726 932.864
3726 1652.158
3726 937.314
3726 1409.116
3726 1269.24
3726 769.1
3726 631.162
3726 1258.768
3726 544.112
3726 609.076
3726 560.93
3726 1194.93
3726 797.388
3726 995.208
3726 499.876
3727 604.03
3727 1123.51
3727 401.676
3727 1807.45
3727 1588.714
3727 1115.436
3727 684.672
3727 974.94
3728 522.872
3728 2991.496
3728 634.014
3728 650.664
3729 1744.808
3729 556.282
3729 2042.132
3729 403.882
3729 1418.758
3729 832.286
3730 474.64
3730 2803.882
3730 1056.914
3730 1253.184
3730 1993.664
3730 2427.256
3731 1684.888
3731 646.924
3731 905.176
3731 1369.318
3731 2556.024
3731 1739.292
3731 1548.232
3732 516.244
3732 3001.02
3732 571.556
3732 1348.868
3732 481.824
3732 1051.908
3732 398.684
3732 1203.266
3733 883.494
3733 850.314
3733 3546.754
3733 1058.236
3733 1122.882
3733 1244.11
3733 520.934
3733 1002.218
3733 1320.814
3733 439.728
3733 1036.118
3733 696.332
3733 382.364
3734 417.976
3734 885.986
3734 412.742
3734 1413.41
3734 2402.684
3734 417.258
3734 368.446
3734 1129.152
3734 2113.716
3734 1210.5
3734 1490.04
3734 593.098
3734 1730.74
3734 524.4
3735 1699.766
3735 666.994
3735 1830.786
3735 306.52
3735 882.438
3735 1282.382
3735 2464.132
3735 2379.388
3735 1160.016
3735 614.984
3735 903.568
3735 835.268
3735 1231.968
3735 405.984
3735 2114.09
3736 1852.294
3736 1775.488
3736 498.234
3736 1503.24
3736 1062.23
3736 1985.61
3736 1195.754
3737 2768.804
3737 974.054
3737 1102.854
3737 293.722
3737 455.612
3737 1098.362
3737 673.818
3737 1960.564
3738 952.9
3738 1271.356
3738 739.016
3738 618.132
3738 3812.64
3738 1696.052
3738 494.55
3738 565.224
3738 1048.584
3738 680.822
3738 307.508
3738 421.048
3738 910.052
3738 804.496
3738 687.316
3739 675.72
3739 972.754
3739 1414.798
3739 1304.284
3739 1119.944
3740 2145.046
3740 570.31
3740 1558.616
3740 1010.654
3740 1807.488
3740 1924.082
3740 1203.346
3740 1601.962
3740 1076.386
3740 1288.488
3741 1846.882
3741 956.902
3741 2412.43
3741 2430.954
3741 1981.474
3741 1477.948
3741 627.212
3741 2183.976
3741 820.766
3741 539.422
3741 255.944
3741 904.36
3741 328.436
3741 1029.186
3742 742.052
3742 1173.144
3742 696.384
3742 392.516
3742 3962.15
3742 500.31
3742 2445.258
3742 1356.332
3743 773.282
3743 1100.776
3743 706.672
3743 378.386
3743 3435.238
3743 570.116
3743 645.496
3743 3436.056
3743 914.95
3744 1602.696
3744 416.978
3744 2609.186
3744 1047.694
3744 841.654
3744 1833.002
3745 1143.084
3745 324.522
3745 683.476
3745 1724.046
3745 1101.188
3745 911.412
3745 528.922
3745 436.18
3745 588.008
3745 271.448
3746 700.244
3746 1608.756
3746 647.94
3746 1999.118
3746 263.182
3746 381.218
3746 1947.59
3746 1962.522
3746 458.816
3746 464.89
3746 582.092
3747 1016.342
3747 971.428
3747 756.648
3747 2423.3
3747 2327.084
3747 1079.734
3747 718.062
3747 1290.38
3747 1486.542
3748 1875.37
3748 841.02
3748 592.114
3748 992.798
3748 526.214
3748 2189.082
3748 629.9
3748 1993.186
3748 594.652
3748 817.108
3748 943.296
3748 469.876
3748 1462.268
3748 3696.102
3748 1080.192
3748 862.606
3748 886.478
3748 810.382
3749 2093.524
3749 681.044
3749 2354.704
3749 922.238
3749 1114.034
3749 1268.058
3749 549.866
3749 1109.76
3749 903.576
3749 651.472
3749 2813.306
3750 1913.582
3750 635.728
3750 315.684
3750 1293.722
3750 935.122
3751 305.258
3751 838.356
3751 654.58
3751 873.252
3751 1393.628
3751 417.376
3751 1719.958
3752 1140.496
3752 636.854
3752 1112.184
3752 3136.804
3752 802.964
3752 446.458
3753 3157.668
3753 448.088
3753 605.084
3753 1382.646
3753 966.322
3753 1319.246
3753 549.878
3753 1474.352
3753 647.83
3753 1009.716
3753 1341.878
3753 525.546
3754 4498.098
3754 1196.092
3754 986
3754 1211.728
3754 695.85
3754 5612.688
3755 1701.91
3755 4240.652
3755 584.858
3755 384.322
3755 829.948
3755 941.194
3755 662.998
3755 1178.872
3755 865.204
3755 1686.362
3756 412.472
3756 1487.766
3756 1638.908
3756 731.82
3756 1505.146
3756 1129.012
3756 634.19
3756 272.212
3756 1711.144
3756 561.372
3756 1526.13
3756 996.312
3757 1368.744
3757 797.166
3757 2166.314
3757 252.106
3757 1699.996
3757 912.398
3757 563.708
3757 683.46
3757 463.332
3758 302.794
3758 1095.276
3758 1382.632
3758 352.328
3758 2600.822
3758 447.426
3759 1732.062
3759 703.628
3759 1182.314
3759 431.668
3759 294.826
3759 1039.22
3759 297.576
3759 1398.512
3759 1249.4
3759 281.21
3759 2004.484
3760 1447.214
3760 1154.464
3760 1433.892
3760 397.116
3760 2696.702
3760 429.416
3760 1454.716
3760 744.35
3760 572.652
3760 2520.372
3760 807.808
3760 380.442
3761 642.1
3761 1321.298
3761 1556.056
3761 629.21
3761 1104.258
3761 405.512
3761 582.434
3761 762.682
3761 579.328
3761 784.876
3761 377.48
3761 1413.642
3761 632.542
3761 726.968
3761 1170.55
3761 739.276
3761 613.038
3761 820.898
3762 747.732
3762 612.322
3762 460.892
3762 809.416
3762 1202.654
3762 465.768
3762 767.664
3762 1130.978
3762 545.902
3762 1083.844
3762 1938.15
3762 1807.62
3762 1043.666
3762 1404.822
3762 1675.944
3763 735.412
3763 1371.328
3763 956.61
3763 1756.936
3763 575.474
3763 3244.464
3763 431.538
3763 741.208
3763 656.09
3763 2008.618
3763 184.214
3764 470.598
3764 687.494
3764 584.312
3764 2172.082
3764 980.618
3764 373.732
3764 620.008
3765 1119.566
3765 849.34
3765 766.17
3765 3431.826
3765 698.64
3765 680.748
3765 2660.474
3765 1374.784
3765 1310.82
3765 944.43
3765 402.362
3766 3378.04
3766 1481.27
3766 292.012
3766 1449.632
3766 569.324
3766 3144.334
3766 914.44
3767 572.094
3767 720.476
3767 1183.642
3767 905.514
3767 1926.592
3767 504.19
3767 1540.314
3767 857.476
3767 775.502
3768 1146.894
3768 1018.658
3768 1351.874
3768 650.778
3768 1271.158
3768 543.614
3768 3527.608
3768 1023.616
3768 1981.788
3768 982.324
3768 3096.574
3769 558.506
3769 770.806
3769 3532.154
3769 2422.704
3769 1068.036
3769 2984
3769 324.792
3769 358.726
3769 809.304
3769 600.648
3769 1767.102
3769 504.586
3770 4171.84
3770 713.184
3770 717.544
3770 984.736
3770 2390.272
3770 1956.392
3770 1605.482
3771 956.216
3771 563.87
3771 1290.26
3771 1624.07
3771 673.03
3771 1678.858
3771 1058.382
3771 1545.042
3772 633.82
3772 745.736
3772 684.266
3772 1533.326
3772 2161.316
3772 803.78
3772 972.046
3772 4430.548
3772 1021.818
3772 1753.136
3773 1550.518
3773 2542.424
3773 863.956
3773 1413.136
3773 1451.62
3773 1139.896
3773 955.754
3773 970.452
3774 645.832
3774 449.73
3774 333.79
3774 873.14
3774 886.812
3774 288.03
3774 639.396
3775 1215.654
3775 1202.052
3775 907.39
3775 1355.782
3775 1322.3
3776 3310.302
3776 4502.17
3776 339.576
3776 363.028
3776 2261.092
3776 1814.528
3776 1522.662
3776 619.132
3776 2838.374
3776 854.084
3776 2019.654
3776 466.736
3776 2209.378
3776 1468.852
3776 889.09
3776 625.728
3776 1280.652
3776 262.036
3776 671.358
3776 590.172
3776 363.656
3777 579.652
3777 1172.292
3777 217.172
3777 1761.424
3777 838.622
3777 1821.442
3777 1443.584
3777 759.852
3777 1396.284
3777 1139.398
3777 1455.57
3777 1487.22
3778 701.792
3778 2633.842
3778 2359.206
3778 530.414
3778 1131.922
3779 1808.526
3779 3968.58
3779 900.644
3779 1779.23
3779 809.782
3779 340.146
3779 1070.336
3779 981.946
3780 597.212
3780 1085.556
3780 1168.374
3780 1338.024
3780 1502.412
3780 529.308
3780 1122.832
3780 2313.068
3780 832.996
3780 2204.056
3780 699.768
3780 1980.5
3781 1294.92
3781 1879.858
3781 1150.56
3782 1138.154
3782 1853.64
3782 498.37
3782 1336.224
3782 921.864
3782 277.51
3782 1938.984
3782 684.932
3783 2177.384
3783 987.302
3783 2830.64
3783 1366.986
3783 608.316
3783 776.008
3783 766.526
3783 956.314
3783 1935.626
3784 737.326
3784 411.356
3784 981.516
3784 246.574
3784 2535.128
3784 871.81
3784 332.83
3784 1144.756
3784 710.222
3785 746.172
3785 1089.36
3785 1669.594
3785 576.608
3785 1224.786
3785 1630.546
3785 693.636
3785 1216.852
3785 548.398
3785 717.238
3785 889.838
3786 683.394
3786 612.95
3786 952.528
3786 1305.784
3786 899.116
3786 650.846
3786 1184.992
3786 400.202
3786 833.924
3787 800.088
3787 578.78
3787 1267.784
3787 333.944
3787 1309.238
3787 2341.366
3787 1628.802
3787 498.116
3787 1549.1
3788 2144.5
3788 2010.714
3788 3439.708
3788 660.834
3788 1079.706
3788 1319.92
3788 1125.136
3788 357.73
3788 549.096
3788 1760.27
3789 1063.532
3789 756.316
3789 393.712
3789 1319.67
3789 1631.408
3789 1214.966
3789 537.224
3789 1182.174
3789 1452.362
3789 1544.582
3790 1708.832
3790 581.442
3790 741.206
3790 2395.63
3790 2335.418
3790 846.884
3790 2268.078
3790 778.228
3790 1137.238
3790 651.724
3790 663.238
3790 1226.62
3790 2271.878
3791 1056.27
3791 1018.982
3791 891.53
3791 553.352
3791 1391.088
3791 772.356
3791 1996.01
3791 776.672
3791 985.276
3791 1035.076
3791 1539.52
3791 1575.198
3791 2568.78
3791 1229.71
3792 3320.382
3792 903.212
3792 833.856
3792 332.854
3792 442.498
3792 504.872
3792 2475.006
3792 601.012
3792 1019.632
3792 2366.688
3792 944.474
3792 3201.294
3792 1172.142
3792 726.184
3792 681.79
3792 552.828
3793 1935.622
3793 1779.852
3793 680.218
3793 928.084
3793 667.064
3793 255.544
3793 447.464
3793 2163.75
3793 1095.932
3794 878.82
3794 1570.952
3794 263.288
3794 1725.46
3794 364.162
3794 433.57
3794 916.47
3794 419.922
3794 2709.962
3794 778.972
3795 697.7
3795 443.886
3795 1725.368
3795 1593.376
3795 1202.99
3795 822.652
3795 418.158
3795 562.644
3795 1978.06
3796 1077.718
3796 1878.028
3796 1133.762
3796 398.886
3796 522.568
3796 970.276
3796 924.382
3796 688.626
3796 1122.486
3796 238.02
3797 1304.86
3797 2189.992
3797 562.752
3797 1522.13
3797 981.07
3797 2367.064
3797 594.71
3797 1096.37
3797 1135.858
3797 743.804
3797 951.782
3797 3157.6
3797 705.628
3797 1152.614
3797 597.47
3797 458.374
3798 1653.916
3798 1206.938
3798 452.962
3798 1022.572
3798 602.888
3798 1436.19
3798 878.37
3798 1472.92
3798 861.312
3799 2231.116
3799 616.344
3799 832.136
3799 900.08
3799 1236.234
3799 467.106
3799 2649.742
3800 1554.306
3800 694.51
3800 709.982
3800 1774.77
3800 437.078
3800 607.154
3800 1102.99
3800 1718.114
3800 1044.266
3800 1498.336
3800 1202.196
3800 770.2
3800 1072.978
3800 2153.258
3801 971.648
3801 1048.984
3801 739.284
3801 812.37
3801 1169.134
3801 1203.402
3801 1904.236
3801 399.874
3801 731.664
3801 679.232
3802 402.216
3802 1668.202
3802 884.856
3802 1020.392
3802 332.25
3802 351.476
3802 432.53
3802 1698.584
3802 303.534
3803 1843.422
3803 597.456
3803 2134.37
3803 1072.108
3803 639.16
3803 3359.538
3803 1521.352
3803 237.138
3803 376.636
3803 682.774
3803 917.886
3804 804.292
3804 444.068
3804 1370.618
3804 323.43
3804 495.126
3804 897.022
3804 779.132
3804 1759.042
3804 916.83
3805 1530.942
3805 1071.906
3805 938.632
3805 624.028
3805 1164.222
3805 450.746
3805 344.944
3805 675.51
3805 427.258
3806 592.848
3806 2088.452
3806 758.23
3806 338.918
3806 1738.638
3806 556.654
3806 247.588
3807 1000.44
3807 2504.294
3807 353.464
3807 1454.918
3807 804.836
3807 4344.09
3807 781.742
3807 280.354
3807 3108.84
3808 588.942
3808 1142.068
3808 539.604
3808 1231.36
3808 475.832
3808 540.254
3808 1349.012
3808 578.394
3808 1277.538
3808 1286.038
3808 290.806
3808 1078.81
3809 525.846
3809 371.572
3809 465.864
3809 946.314
3809 421.27
3809 1504.39
3809 662.836
3809 629.13
3809 1730.366
3809 1923.458
3809 2175.868
3809 1925.022
3809 676.106
3810 1067.788
3810 3161.342
3810 315.44
3810 910.678
3810 1330.744
3810 983.458
3810 572.542
3810 2263.344
3810 296.198
3810 608.914
3810 910.07
3810 627.938
3810 1241.334
3811 921.94
3811 670.946
3811 1016.28
3811 1187.164
3811 386.27
3811 1370.784
3811 772.702
3811 428.726
3811 2530.89
3812 623.44
3812 783.166
3812 702.06
3812 299.354
3812 1491.94
3812 509.832
3812 925.768
3812 772.032
3812 374.16
3812 1281.064
3812 3656.278
3812 1440.42
3812 837.006
3812 3494.922
3813 702.044
3813 659.16
3813 2353.61
3813 1571.81
3813 745.67
3813 385.896
3813 1017.104
3813 652.118
3813 702.13
3814 897.108
3814 819.122
3814 2518.474
3814 2882.452
3814 1094.438
3814 872.84
3814 1258.24
3814 1164.22
3814 889.576
3814 906.842
3814 750.826
3815 1507.092
3815 314.798
3815 1125.638
3815 961.78
3815 1893.814
3816 751.036
3816 834.548
3816 597.336
3817 1884.75
3817 2293.646
3817 1549.506
3817 797.22
3817 563.816
3817 296.584
3817 1335.502
3817 578.524
3817 629.37
3817 1197.436
3817 2765.728
3818 3057.038
3818 1932.276
3818 1929.484
3818 865.758
3818 1374.814
3818 2590.418
3818 2313.786
3818 225.422
3818 1408.806
3818 1677.748
3818 1677.806
3818 1020.95
3818 609.528
3819 887
3819 911.366
3819 778.454
3819 1243.524
3819 1066.822
3820 525.932
3820 760.316
3820 2440.378
3820 1919.95
3820 987.928
3820 1069.262
3820 747.314
3821 1241.99
3821 1177.722
3821 1115.744
3821 720.222
3821 939.74
3821 1009.832
3821 719.976
3821 673.954
3821 1039.116
3821 1027.9
3821 433.068
3821 1274.512
3821 661.314
3822 1214.488
3822 1316.694
3822 574.384
3822 1233.292
3822 509.098
3822 1313.952
3822 751.07
3823 523.946
3823 649.85
3823 1471.308
3823 817.556
3823 1048.618
3823 319.96
3823 577.43
3823 1309.296
3823 2946.14
3823 654.35
3824 851.174
3824 511.936
3824 971.88
3824 952.364
3824 820.642
3824 1371.6
3824 1698.704
3824 2045.942
3824 815.196
3824 1507.01
3824 1561.006
3824 958.436
3824 2135.832
3825 1784.64
3825 2101.966
3825 650.57
3825 806.528
3825 566.092
3825 291.944
3826 1090.316
3826 1287.478
3826 318.03
3826 1593.83
3826 1603.62
3826 517.762
3826 321.166
3826 586.48
3826 1072.794
3827 1596.826
3827 1258.624
3827 358.986
3827 1774.924
3827 1362.238
3827 1223.588
3827 3119.144
3827 596.382
3827 1078.666
3827 2496.532
3827 3079.674
3828 1653.184
3828 642.3
3828 1554.292
3828 834.756
3828 1833.868
3828 316.3
3828 1185.63
3829 594.648
3829 2050.596
3829 1889.962
3829 920.798
3829 989.662
3829 208.932
3829 1984.54
3830 924.578
3830 1683.562
3830 420.808
3830 1890.642
3830 1186.512
3830 1664.622
3830 749.894
3830 1305.672
3830 1232.734
3830 1998.26
3830 2063.64
3830 994.642
3830 801.686
3830 709.578
3830 1388.744
3830 384.61
3830 618.284
3831 787.936
3831 1240.172
3831 2329.458
3831 762.478
3831 364.052
3831 441.894
3831 1674.206
3831 499.44
3831 740.48
3831 991.214
3831 994.838
3832 413.204
3832 803.21
3832 1820.058
3832 552.244
3832 218.218
3832 1052.954
3832 1559.11
3832 1135.282
3832 874.83
3832 945.268
3833 646.406
3833 602.13
3833 409.116
3833 1240.092
3833 722.18
3833 2168.266
3833 759.84
3833 554.576
3833 1475.216
3833 987.658
3833 2899.066
3834 316.108
3834 1420.762
3834 319.866
3834 315.87
3834 1824.374
3834 2085.636
3834 4027.334
3834 1041.6
3834 785.876
3834 394.252
3834 547.6
3834 1686.674
3834 695.796
3834 605.68
3835 985.276
3835 1335.794
3835 1566.536
3835 774.294
3835 1476.866
3835 731.02
3835 827.374
3835 601.186
3835 742.608
3835 839.892
3836 507.984
3836 785.114
3836 857.37
3836 3086.844
3836 761.246
3836 648.718
3837 923.214
3837 2887.192
3837 1136.894
3837 1122.962
3837 566.34
3837 769.544
3837 530.29
3837 272.238
3837 3347.406
3837 469.394
3837 633.662
3837 748.734
3837 905.53
3837 1822.846
3837 1369.322
3837 1595.13
3838 1418.06
3838 640.534
3838 295.466
3838 2550.376
3838 3368.634
3838 1585.138
3838 480.812
3838 633.606
3838 857.878
3838 390.112
3838 478.326
3838 219.164
3839 527.674
3839 1507.656
3839 1115.688
3839 560.176
3839 319.294
3839 329.582
3839 1246.96
3839 428.2
3839 1028.506
3839 698.812
3839 1030.166
3839 345.824
3839 353.46
3839 1243.564
3840 904.112
3840 1036.684
3840 807.816
3840 839.998
3840 670.614
3840 2392.214
3840 1190.072
3841 1106.774
3841 831.544
3841 868.262
3841 1797.384
3841 1508.372
3841 270.692
3841 792.104
3841 805.81
3841 967.946
3841 3197.95
3841 1218.734
3842 1876.076
3842 1685.584
3842 383.302
3842 575.188
3842 742.114
3842 2008.544
3842 827.82
3842 905.562
3842 1095.432
3842 437.852
3843 1238.728
3843 1095.018
3843 2734.124
3843 828.482
3843 704.726
3843 1046.824
3843 474.972
3843 2611.638
3843 533.404
3843 702.206
3843 2820.116
3843 2097.224
3843 1259.492
3843 1846.67
3843 1155.188
3843 1002.794
3843 968.316
3843 422.106
3843 486.462
3844 513.758
3844 1884.874
3844 1681.936
3844 2243.824
3844 1529.476
3844 946
3844 810.626
3844 551.89
3844 880.296
3845 2113.66
3845 326.73
3845 1100.63
3845 1813.81
3845 1348.088
3845 745.03
3845 479.412
3846 305.634
3846 1047.742
3846 1655.468
3846 1619.382
3846 1319.12
3846 1887.712
3846 1765.964
3846 505.724
3846 956.862
3846 474.514
3847 678.068
3847 2390.554
3847 1349.126
3847 2325.226
3847 549.372
3847 982.01
3848 1484.064
3848 1914.882
3848 930.848
3848 335.828
3848 343.138
3848 804.81
3848 1109.532
3848 574.746
3848 280.41
3848 2136.83
3848 1382.09
3848 674.032
3848 724.588
3848 826.796
3848 876.45
3848 1020.392
3848 1077.66
3848 1367.912
3848 2522.288
3848 585.454
3848 1270.97
3849 576.966
3849 1705.828
3849 553.158
3849 3616.68
3849 1487.68
3849 1214.126
3849 1954.446
3849 828.192
3849 299.096
3849 924.296
3849 337.11
3849 238.392
3850 1652.436
3850 815.748
3850 799.908
3850 1626.278
3850 807.294
3850 1118.15
3850 531.596
3850 584.336
3850 1580.264
3850 1212.5
3850 1016.122
3850 462.524
3850 690.908
3850 955.934
3851 1167.82
3851 499.934
3851 439.368
3851 1007.35
3851 680.598
3851 1011.224
3851 835.736
3851 1288.676
3852 597.836
3852 478.632
3852 646.67
3852 2079.426
3852 1111.232
3852 368.458
3852 927.488
3852 1984.376
3852 1266.12
3852 1218.752
3852 1641.05
3853 1621.358
3853 429.27
3853 615.48
3853 2801.4
3853 1812.216
3853 694.742
3854 1679.628
3854 441.268
3854 359.69
3854 1900.338
3854 359.644
3854 1058.938
3854 988.862
3854 702.806
3854 982.244
3854 515.3
3854 1013.606
3855 1883.214
3855 1006.108
3855 697.418
3855 926.424
3855 915.7
3855 2710.626
3855 1064.27
3855 791.696
3855 754.358
3855 1964.078
3855 832.194
3856 616.574
3856 796.106
3856 595.814
3856 2358.102
3856 1307.968
3856 776.8
3856 1357.162
3856 1495.992
3856 475.356
3856 642.384
3856 842.8
3856 851.238
3856 653.554
3856 1398.744
3857 1249.082
3857 1467.602
3857 2024.112
3857 2608.136
3857 921.514
3857 1414.548
3857 790.55
3857 1538.394
3857 494.858
3857 366.228
3857 883.058
3857 875.502
3858 615.49
3858 617.596
3858 625.396
3858 1018.872
3858 2593.55
3858 943.044
3858 455.426
3858 2216.182
3858 669.202
3859 2646.672
3859 588.102
3859 697.86
3859 1464.47
3859 1866.58
3859 1095.69
3859 682.03
3859 350.852
3859 1036.354
3859 1803.986
3859 468.67
3860 815.382
3860 2751.322
3860 1210.072
3860 496.906
3861 1782.136
3861 797.154
3861 523.806
3861 1901.102
3861 1506.712
3861 1420.874
3861 645.336
3861 732.75
3861 2706.162
3861 543.666
3862 457.946
3862 1092.25
3862 1939.89
3862 2969.692
3862 1224.606
3862 827.04
3862 814.086
3863 949.15
3863 923.364
3863 2617.39
3863 748.894
3863 1390.886
3863 857.656
3863 405.424
3863 657.966
3863 426.154
3863 900.954
3863 1781
3863 728.936
3863 2356.78
3863 1507.308
3863 1157.602
3864 715.89
3864 693.654
3864 973.104
3864 1231.72
3864 1442.16
3864 857.884
3865 562.25
3865 825.03
3865 2597.48
3865 361.71
3865 709.438
3865 821.76
3865 814.672
3865 441.08
3865 1693.114
3865 913.608
3865 2489.178
3865 2641.778
3865 1190.05
3865 4005.324
3865 2485.318
3866 1294.122
3866 2356.084
3866 3775.564
3866 1596.908
3866 936.802
3866 1077.712
3866 481.026
3866 583.218
3867 1001.658
3867 944.796
3867 482.684
3867 784.554
3867 1030.676
3867 1532.928
3868 1726.68
3868 494.382
3868 623.794
3868 2772.128
3868 690.444
3868 1212.3
3868 3484.45
3868 1269.102
3868 501.048
3868 838.464
3868 749.176
3869 627.574
3869 2602.506
3869 1213.308
3869 853.996
3869 1512.3
3869 300.022
3869 1326.48
3869 1737.374
3869 930.366
3870 2339.886
3870 1830.148
3870 2017.302
3870 1394.872
3870 2036.066
3870 1845.952
3870 1509.754
3870 1536.608
3870 1682.366
3870 1417.702
3870 831.134
3870 564.27
3870 944.162
3870 1228.056
3870 1582.982
3871 1547.314
3871 584.59
3871 690.046
3871 1161.468
3871 583.238
3872 545.058
3872 456.528
3872 772.232
3872 1295.798
3873 1090.628
3873 2237.762
3873 1476.534
3873 3391.184
3873 2151.97
3873 937.774
3873 1585.992
3874 950.904
3874 758.816
3874 308.82
3874 1516.512
3874 1670.218
3874 618.528
3875 450.318
3875 1242.764
3875 1018.848
3875 1189.802
3875 824.902
3875 658.35
3875 1310.884
3875 2244.998
3875 628.126
3875 870.898
3875 724.004
3875 564.626
3875 268.916
3875 1208.072
3875 1076.656
3875 498.488
3876 1234.29
3876 1378.608
3876 695.112
3876 1582.272
3876 1303.748
3876 512.002
3876 2591.206
3876 433.224
3876 1135.346
3876 1027.98
3876 890.278
3877 3211.844
3877 1676.218
3877 1171.142
3877 416.568
3877 2776.894
3877 569.268
3877 2292.776
3877 1152.174
3877 256.768
3877 1352.47
3877 1414.084
3878 1058.626
3878 1130.724
3878 1178.714
3878 572.858
3878 1216.734
3878 1682.926
3878 680.726
3878 1945.058
3878 679.222
3878 300.704
3878 691.038
3878 2369.77
3879 1128.452
3879 1517.984
3879 497.966
3879 469.192
3879 2828.604
3879 1525.504
3879 1768.792
3879 374.442
3879 554.026
3879 398.286
3879 636.68
3879 445.5
3879 261.634
3879 1773.302
3879 415.166
3879 518.916
3880 1026.238
3880 2310.382
3880 1721.708
3880 1808.032
3880 418.908
3880 467.992
3880 2620.216
3880 708.77
3880 248.192
3880 1935.084
3880 1099.112
3880 1833.776
3880 2381.214
3880 1328.472
3881 293.32
3881 667.76
3881 915.558
3881 826.106
3881 487.282
3881 686.474
3881 899.986
3881 502.86
3881 822.776
3881 659.402
3881 2638.886
3881 1479.112
3881 1701.362
3881 2000.44
3882 509.804
3882 605.866
3882 460.31
3882 476.048
3882 755.07
3882 283.07
3882 1127.668
3883 794.232
3883 1331.404
3883 1953.132
3883 1049.05
3883 1730.404
3883 1575.184
3883 2449.37
3883 659.942
3884 870.66
3884 354.986
3884 1309.464
3884 1158.436
3884 2016.364
3884 2921.022
3884 862.5
3884 1865.112
3884 825.242
3884 532.43
3884 434.21
3884 1582.248
3885 813.54
3885 754.182
3885 521.888
3885 633.762
3886 1511.898
3886 1424.254
3886 1619.116
3886 1078.946
3886 661.928
3886 1373.694
3886 1722.432
3886 1068.736
3886 1067.288
3887 478.34
3887 890.146
3887 868.444
3887 370.846
3887 592.806
3887 1073.812
3887 1670.002
3887 477.644
3887 1263.938
3887 1175.508
3888 623.63
3888 722.966
3888 1086.802
3888 1024.492
3888 515.642
3888 527.05
3888 1953.204
3889 217.368
3889 622.6
3889 834.872
3889 341.262
3889 344.438
3889 1066.594
3889 854.576
3890 597.71
3890 831.498
3890 591.878
3890 3250.478
3890 313.18
3890 1288.968
3890 1000.014
3891 978.476
3891 859.402
3891 2294.172
3891 632.11
3891 767.762
3892 545.36
3892 528.388
3892 504.088
3892 411.38
3892 846.122
3892 975.26
3892 856.186
3892 2570.508
3892 1743.204
3892 704.156
3892 627.274
3892 2553.866
3892 308.326
3893 1069.602
3893 510.034
3893 1654.37
3893 2008.516
3893 309.588
3893 1387.898
3893 2180.68
3893 305.242
3893 1199.26
3893 1079.876
3893 1504.188
3893 1568.572
3893 918.852
3894 566.706
3894 943.312
3894 1336.3
3894 771.516
3894 839.854
3895 1822.992
3895 1065.664
3895 617.54
3895 1458.252
3895 631.642
3895 762.936
3895 2702.828
3895 444.698
3895 1803.948
3895 2561.128
3895 728.986
3895 851.814
3895 462.642
3895 1902.374
3896 564.904
3896 1288.932
3896 860.682
3896 4923.494
3896 391.138
3896 2476.752
3896 574.096
3896 803.986
3896 1010.858
3896 991.408
3896 416.52
3896 641.852
3897 507.536
3897 2416.764
3897 3717.384
3897 749.902
3897 2629.94
3897 560.502
3897 1040.934
3898 364.346
3898 593.146
3898 1463.812
3898 1542.342
3898 358.174
3898 507.286
3898 2041.97
3899 1113.704
3899 1104.864
3899 1230.47
3899 628.288
3899 874.028
3899 492.386
3899 496.8
3899 651.804
3899 981.914
3900 589.144
3900 706.892
3900 791.454
3900 644.738
3900 601.996
3900 529.326
3900 616.402
3900 1960.59
3900 337.164
3901 815.542
3901 1374.666
3901 418.962
3901 905.45
3901 570.686
3901 1271.282
3901 2041.908
3901 749.626
3902 260.842
3902 1680.056
3902 176.246
3902 1274.948
3902 885.44
3902 696.668
3902 784.828
3902 1230.074
3903 1869.78
3903 243.816
3903 653.226
3903 280.658
3903 787.512
3903 720.418
3903 939.524
3903 696.9
3903 1293.858
3903 2578.15
3903 862.382
3903 1725.558
3903 355.164
3903 692.156
3904 915.484
3904 384.638
3904 534.858
3904 1417.35
3904 544.206
3904 1239.396
3904 392.61
3904 1885.28
3904 1372.408
3904 1136.052
3904 350.33
3904 2057.38
3904 1206.498
3904 721.068
3904 1918.422
3904 702.552
3905 2170.374
3905 1494.922
3905 1793.112
3905 339.268
3905 320.546
3905 1048.414
3905 805.678
3905 871.134
3905 572.252
3906 788.304
3906 519.088
3906 979.182
3906 3097.48
3906 352.792
3906 1142.66
3906 978.826
3906 1512.12
3906 2373.522
3907 1108.44
3907 1038.538
3907 490.5
3907 189.572
3907 1337.5
3907 512.176
3907 807.382
3907 2693.166
3907 711.806
3907 919.396
3907 538.27
3907 1609.882
3908 1591.496
3908 2305.344
3908 635.938
3908 2091.556
3908 1566.8
3908 1595.82
3908 2557.16
3908 1871.314
3908 930.304
3908 5630.82
3908 456.604
3908 2744.348
3908 733.35
3908 1003.936
3908 940.53
3908 410.372
3908 428.75
3909 558.72
3909 735.628
3909 480.59
3909 1081.664
3909 1701.782
3909 984.064
3909 282.356
3909 595.4
3909 682.43
3909 943.276
3909 963.226
3909 441.422
3909 488.066
3909 374.068
3909 2039.724
3910 1493.596
3910 1328.294
3910 998.056
3910 1277.11
3910 1869.696
3910 908.886
3910 750.198
3910 636.74
3910 530.358
3910 4543.7
3910 621.85
3910 752.674
3911 693.68
3911 2693.3
3911 930.14
3911 1731.072
3911 752.166
3911 1053.812
3912 1578.72
3912 924.18
3912 903.926
3912 1656.298
3912 1464
3912 3109.696
3912 635.594
3912 478.588
3912 2399.274
3912 947.62
3913 1558.264
3913 1711.792
3913 643.496
3913 1110.384
3913 1629.502
3913 3173.522
3913 586.196
3913 796.26
3913 877.326
3913 786.864
3913 833.012
3913 1238.706
3913 699.568
3913 790.842
3913 438.016
3913 1241.882
3914 447.404
3914 1258.13
3914 2427.698
3914 1181.322
3914 1276.47
3915 2414.256
3915 1186.214
3915 470.504
3915 1563.132
3915 1076.94
3915 1032.75
3915 487.63
3915 1328.704
3915 413.872
3915 635.998
3915 1186.77
3915 714.45
3915 1016.078
3916 2749.664
3916 955.23
3916 1629.49
3916 1654.984
3916 1616.656
3916 724.028
3917 411.934
3917 1075.956
3917 1232.042
3917 1251.142
3917 1665.48
3917 1120.61
3917 494.604
3917 3165.374
3917 1046.964
3917 341.422
3917 1399.462
3917 1259.734
3917 1449.474
3918 670.304
3918 2405.842
3918 909.926
3918 766.22
3918 237.132
3918 2706.144
3918 760.152
3918 569.526
3918 395.746
3918 609.28
3918 1138.732
3918 734.824
3918 884.454
3919 2177.7
3919 361.772
3919 986.52
3919 325.038
3919 304.024
3919 3258.096
3919 1453.222
3919 473.242
3920 1303.554
3920 908.73
3920 4217.844
3920 1103.64
3920 1186.402
3920 723.076
3920 2357.164
3920 382.974
3920 1124.758
3920 794.878
3921 646.256
3921 488.608
3921 473.298
3921 1594.262
3921 799.652
3921 2004.66
3921 489.622
3921 892.062
3921 474.998
3921 347.028
3921 950.29
3921 660.454
3922 1815.776
3922 493.332
3922 718.71
3922 277.092
3922 743.62
3922 261.758
3922 1543.416
3922 563.49
3922 687.798
3922 1034.02
3922 836.492
3922 1362.918
3922 387.182
3923 741.122
3923 652.432
3923 991.706
3923 766.5
3923 796.688
3923 1219.814
3923 2420.124
3923 1308.416
3923 1790.08
3923 568.69
3923 540.444
3924 1976.178
3924 1521.614
3924 1004.26
3924 443.396
3924 2411.704
3924 1468.268
3924 7273.66
3924 829.4
3924 2536.558
3925 953.482
3925 1849.888
3925 898.56
3925 2797.272
3925 1955.124
3925 1944.83
3925 892.214
3925 2671.08
3925 561.804
3925 1491.78
3925 1270.472
3925 1136.258
3925 962.992
3926 433.23
3926 1459.612
3926 514.124
3926 1302.562
3926 2072.172
3926 915.224
3926 1357.586
3926 1334.568
3926 2000.53
3926 2300.166
3926 1085.09
3926 358.042
3926 1336.084
3926 2024.15
3926 433.204
3926 1135.966
3926 1628.35
3927 2570.086
3927 1748.3
3927 441.294
3927 2087.418
3927 2094.222
3927 797.156
3927 1492.266
3927 1246.392
3927 853.716
3927 2225.18
3927 964.168
3928 2675.376
3928 1593.916
3928 1505.132
3928 808.376
3928 2114.078
3928 565.11
3928 1004.424
3928 1192.918
3928 2016.404
3928 887.646
3928 1781.95
3929 702.754
3929 875.554
3929 2483.916
3929 1403.53
3929 1094.422
3929 568.122
3929 2082.422
3929 1085.054
3929 2901.768
3930 925.444
3930 354.546
3930 1182.63
3930 2179.626
3930 1120.116
3931 261.326
3931 2201.784
3931 1452.044
3931 2778.526
3931 1419.566
3931 1023.82
3931 1585.938
3931 1395.498
3931 466.438
3932 506.014
3932 412.672
3932 1173.174
3932 982.834
3932 653.598
3932 1844.618
3933 550.054
3933 752.392
3933 1218.096
3933 1194.296
3933 386.294
3933 1373.552
3933 715.788
3933 963.352
3933 924.61
3933 865.188
3933 1263.188
3933 1612.25
3933 1601.292
3933 799.096
3934 892.2
3934 1531.674
3934 1118.894
3934 473.144
3934 1446.326
3934 370.392
3934 1812.738
3935 2518.23
3935 1323.544
3935 938.164
3935 753.768
3935 2946.698
3935 833.358
3935 1290.558
3936 392.044
3936 601.086
3936 2059.264
3936 639.636
3936 921.888
3936 3211.446
3937 2060.208
3937 367.318
3937 519.09
3937 412.716
3937 2077.422
3937 1123.076
3937 705.452
3938 1206.168
3938 645.924
3938 2312.484
3938 897.696
3938 378.946
3938 1269.274
3938 850.004
3939 1745.046
3939 811.596
3939 792.31
3939 1226.392
3939 642.472
3939 1260.762
3939 506.718
3939 1947.882
3940 675.942
3940 1036.424
3940 1524.148
3940 631.162
3940 1242.202
3940 1816.186
3940 639.376
3940 506.84
3940 375.47
3940 680.03
3940 1924.13
3940 3163.662
3941 843.348
3941 1272.37
3941 875.552
3941 1156.066
3941 1027.45
3941 490.368
3941 880.394
3941 2393.364
3941 590.728
3941 1807.57
3941 1029.878
3941 800.166
3941 1030.896
3942 435.314
3942 1266.052
3942 1060.952
3942 523.66
3942 934.802
3942 505.682
3942 2819.188
3942 845.972
3942 1245.096
3943 1539.602
3943 1394.916
3943 564.476
3943 2412.068
3943 1742.782
3943 813.894
3943 1894.134
3943 1773.342
3943 515.422
3944 1403.83
3944 596.43
3944 937.63
3944 959.034
3944 450.722
3945 1146.622
3945 1357.816
3945 1472.708
3945 292.09
3945 626.314
3945 1000.274
3946 1362.29
3946 626.398
3946 632.574
3946 1384.956
3946 1873.832
3946 1591.238
3946 2979.296
3946 302.814
3946 914.138
3946 6452.734
3946 594.174
3946 182.51
3946 1248.118
3946 1162.158
3946 983.392
3947 985.52
3947 878.646
3947 3453.49
3947 1743.19
3947 914.542
3947 804.664
3947 316.4
3947 527.674
3948 1028.394
3948 996.398
3948 1175.02
3948 322.848
3948 714.886
3948 1735.442
3948 948.178
3948 954.934
3949 529.954
3949 725.246
3949 705.14
3949 1111.742
3949 1600.026
3949 1047.84
3949 707.892
3949 606.808
3950 968.862
3950 1671.714
3950 1211.978
3950 1838.504
3950 3341.684
3951 1248.762
3951 1653.714
3951 1087.618
3951 835.158
3951 1216.932
3951 1269.128
3951 1265.914
3951 1299.856
3951 1707.978
3951 1036.952
3951 335.78
3951 476.9
3952 502.008
3952 1121.26
3952 1076.808
3952 622.904
3952 858.546
3952 465.9
3952 577.688
3952 1631.844
3952 810.718
3952 866.934
3953 2707.586
3953 857.162
3953 2221.964
3953 2357.972
3953 952.566
3953 1771.848
3953 1052.706
3953 762.908
3953 957.348
3953 225.868
3953 967.628
3953 1799.904
3953 1064.36
3954 872.856
3954 987.366
3954 2803.694
3954 653.932
3954 758.458
3954 953.916
3954 961.634
3954 1279.786
3954 334.4
3954 856.912
3954 789.262
3955 1204.754
3955 1547.378
3955 784.224
3955 2031.876
3955 661.15
3955 725.018
3955 323.308
3955 957.424
3955 870.484
3955 2293.126
3956 728.354
3956 2833.172
3956 1257.292
3956 564.468
3956 1362.182
3956 726.47
3956 479.148
3956 506.148
3956 233.94
3956 323.4
3956 332.516
3956 206.53
3956 2760.744
3956 748.77
3956 2263.196
3957 368.864
3957 1195.12
3957 670.864
3957 2577.564
3957 393.052
3957 933.796
3957 2664.836
3957 1603.198
3958 1944.606
3958 638.732
3958 1096.174
3958 961.698
3958 208.06
3958 395.384
3958 2148.462
3958 559.884
3958 1896.386
3959 726.264
3959 676.89
3959 543.966
3959 565.054
3959 437.89
3960 1619.596
3960 2102.952
3960 638.876
3960 467.414
3960 800.308
3960 802.68
3960 1991.12
3960 722.832
3960 190.408
3961 1162.844
3961 433.09
3961 721.32
3961 614.934
3961 554.552
3961 444.782
3961 1495.108
3961 667.15
3961 1414.958
3962 1242.446
3962 811.554
3962 488.308
3962 290.842
3962 764.782
3962 771.254
3962 1162.788
3962 755.518
3963 3188.546
3963 1010.944
3963 732.878
3963 1029.122
3963 1608.012
3963 2117.91
3963 844.096
3963 2201.076
3963 334.068
3964 1472.966
3964 1371.16
3964 469.38
3964 385.108
3964 1854.38
3964 1093.804
3964 2343.194
3964 489.222
3964 204.156
3964 981.516
3964 607.212
3965 691.848
3965 565.528
3965 446.746
3965 2079.64
3965 374.506
3965 214.328
3966 3101.886
3966 1024.006
3966 1017.84
3966 533.146
3966 589.952
3966 621.056
3966 594.174
3966 1674.542
3966 1691.664
3966 3100.48
3966 435.762
3967 605.62
3967 695.856
3967 1021.092
3967 1460.832
3967 977.752
3967 696.16
3967 588.84
3968 730.952
3968 541.93
3968 1191.902
3968 814.73
3968 1088.55
3968 926.298
3968 313.426
3968 457.176
3968 219.174
3968 714.632
3968 2587.676
3968 1513.258
3968 1248.2
3969 667.94
3969 659.57
3969 816.352
3969 799.452
3969 1415.34
3969 425.434
3969 386.42
3969 1484.778
3969 952.22
3969 865.256
3969 695.638
3969 230.812
3969 1532.324
3969 1520.996
3969 494.122
3969 353.662
3970 626.972
3970 924.636
3970 1836.07
3970 958.49
3970 1050.246
3970 2103.27
3970 1295.088
3970 1184.378
3970 688.314
3970 1227.486
3970 345.082
3971 617.08
3971 390.966
3971 1185.634
3971 3100.148
3971 1252.982
3971 994.588
3971 4015.064
3971 748.318
3971 629.234
3972 272.96
3972 646.984
3972 964.812
3972 543.866
3972 443.63
3972 1118.002
3973 1123.506
3973 1859.302
3973 703.146
3973 721.088
3973 678.022
3973 1189.276
3973 505.164
3973 593.466
3973 659.042
3973 549.584
3973 3988.558
3974 1604.586
3974 818.144
3974 1233.674
3974 310.698
3974 477.162
3974 680.454
3974 2770.094
3975 1840.822
3975 1173.018
3975 1809.06
3975 220.522
3975 2455.57
3975 764.732
3975 2298.132
3976 1541.444
3976 708.404
3976 422.05
3976 911.208
3976 1098.874
3976 851.73
3976 1898.454
3976 401.478
3976 1600.51
3976 589.07
3976 1129.72
3976 573.906
3976 1708.682
3976 534.868
3976 1213.646
3977 1277.526
3977 1276.566
3977 1858.112
3977 1154.36
3977 1196.094
3977 2747.914
3977 516.78
3977 1018.328
3977 2092.89
3977 1644.324
3978 1504.44
3978 671.012
3978 497.708
3978 1186.612
3978 830.636
3978 899.33
3978 1418.606
3979 3369.796
3979 547.842
3979 579.66
3979 1706.76
3979 832.166
3979 563.754
3979 363.698
3980 1455.634
3980 917.788
3980 1784.89
3980 1963.636
3980 737.03
3980 642.632
3981 740.872
3981 1294.862
3981 1144.44
3981 1177.084
3981 963.336
3981 296.792
3981 712.59
3981 1665.332
3981 1809.534
3982 2400.802
3982 1358.186
3982 1484.902
3982 1439.528
3982 752.622
3982 338.912
3982 550.594
3982 492.61
3982 2365.182
3982 3035.06
3983 656.53
3983 1228.604
3983 579.114
3983 1542.286
3983 408.574
3983 801.188
3983 1285.586
3983 1250.456
3983 1512.638
3983 562.458
3984 1751.194
3984 702.82
3984 3102.498
3984 262.11
3984 1393.044
3984 1532.326
3984 581.062
3985 3294.758
3985 501.258
3985 752.72
3985 874.042
3985 691.116
3985 505.594
3985 679.712
3985 2357.456
3985 308.096
3986 929.326
3986 397.612
3986 355.664
3986 1134.604
3986 543.66
3986 1272.7
3986 772.58
3986 624.43
3986 2709.206
3986 665.956
3986 779.128
3986 938.068
3986 912.882
3987 1233.852
3987 1235.008
3987 329.94
3987 1503.844
3987 1020.23
3987 1143.67
3987 1079.546
3987 1370.428
3987 1766.974
3987 514.828
3987 834.358
3988 364.322
3988 1330.352
3988 1110.144
3988 605.006
3988 3557.186
3989 1345.64
3989 372.576
3989 313.364
3989 461.66
3989 1288.506
3989 2382.702
3989 2291.482
3989 1374.184
3989 1074.182
3989 907.404
3989 1491.722
3989 382.536
3989 676.59
3989 641.138
3989 366.818
3990 1104.026
3990 1965.792
3990 697.45
3990 639.97
3990 1234.148
3990 1182.328
3990 809.042
3990 760.98
3990 1811.288
3990 1635.768
3990 930.248
3990 493.45
3991 534.932
3991 402.7
3991 709.588
3991 1054.68
3991 528.628
3992 425.828
3992 807.778
3992 421.27
3992 1380.312
3992 1755.88
3992 2275.308
3992 1540.298
3992 1031.182
3992 685.744
3993 295.506
3993 3311.724
3993 843.556
3993 1716.024
3993 1376.548
3993 868.014
3993 1342.238
3993 514.694
3993 930.572
3993 507.074
3994 705.118
3994 1425.926
3994 1471.972
3994 626.016
3994 375.922
3994 1177.482
3994 1706.01
3994 1390.122
3994 889.976
3994 959.864
3994 482.08
3994 669.714
3995 713.564
3995 1324.708
3995 1355.732
3995 821.248
3995 1509.364
3995 806.324
3995 1685.608
3995 658.242
3995 810.456
3995 974.388
3995 1003.698
3995 496.856
3995 1867.998
3995 351.522
3995 1209.566
3995 500.888
3995 1726.37
3995 2694.328
3995 1447.228
3996 2561.264
3996 1900.454
3996 503.294
3996 611.616
3996 1049.828
3996 1351.556
3997 477.902
3997 1097.508
3997 775.778
3997 989.578
3997 483.532
3997 907.602
3997 651.676
3997 1470.212
3997 553.166
3997 905.104
3997 631.06
3998 898.972
3998 1133.052
3998 823.592
3998 983.826
3998 1252.018
3998 1176.17
3998 3848.44
3998 586.588
3998 472.292
3998 971.046
3998 328.706
3999 2837.336
3999 294.022
3999 1782.134
3999 489.104
3999 3797.772
3999 766.732
3999 764.994
3999 1077.166
3999 576.882
3999 986.422
3999 3257.178
3999 2253.388
4000 929.28
4000 963.21
4000 397.174
4000 650.85
4000 751.318
4000 1321.384
4000 2132.406
4000 750.346
4000 457.676
4001 1651.756
4001 1190.468
4001 325.868
4001 1182.206
4001 1372.374
4001 938.784
4001 3084.136
4001 542.18
4001 1052.51
4002 558.946
4002 1347.44
4002 2928.528
4002 485.852
4002 457.13
4002 404.814
4002 1161.722
4002 671.976
4002 1861.56
4002 973.876
4002 858.96
4002 806.964
4002 1325.394
4002 365.278
4003 664.452
4003 668.674
4003 2301.888
4003 539.844
4003 1172.122
4003 4309.118
4003 1620.284
4003 424.098
4003 809.926
4004 4773.278
4004 565.406
4004 423.192
4004 782.948
4004 430.598
4004 969.772
4004 6173.444
4004 317.394
4004 1876.714
4005 744.726
4005 1214.746
4005 794.72
4005 2339.42
4005 384.882
4005 328.554
4005 629.126
4005 1768.882
4005 1239.51
4005 719.71
4006 387.174
4006 477.308
4006 706.404
4006 2223.418
4006 1423.244
4006 889.568
4006 283.35
4006 587.322
4006 680.462
4006 618.368
4006 363.122
4007 590.952
4007 1018.04
4007 1300.524
4007 1450.236
4007 1719.994
4007 290.476
4007 1353.31
4007 471.902
4007 1328.87
4007 732.206
4008 850.506
4008 2488.382
4008 2152.58
4008 1350.064
4008 565.192
4008 751.928
4008 797.02
4008 923.932
4008 1599.346
4008 2043.824
4008 706.926
4008 627.686
4008 1506.27
4009 731.704
4009 172.564
4009 813.774
4009 702.69
4010 2715.33
4010 227.732
4010 1647.858
4010 984.584
4010 879.542
4010 1561.61
4010 1113.672
4010 325.76
4010 1040.21
4010 808.274
4011 1129.664
4011 1011.264
4011 639.866
4011 713.674
4011 1473.294
4011 899.288
4011 640.57
4011 385.274
4012 543.346
4012 1501.218
4012 688.216
4012 426.168
4012 627.826
4012 644.454
4012 616.322
4012 3838.822
4012 621.696
4013 1699.364
4013 451.994
4013 623.348
4013 528.258
4013 531.226
4013 563.324
4013 1158.964
4014 1174.674
4014 652.36
4014 636.24
4014 505.994
4014 1190.746
4014 943.366
4014 969.396
4014 608.55
4015 2906.13
4015 1122.718
4015 1569.908
4015 634.284
4015 486.142
4015 1274.616
4015 1502.252
4015 1341.728
4015 915.9
4016 685.664
4016 276.622
4016 360.358
4016 831.162
4016 811.646
4016 707.092
4016 2512.858
4016 666.978
4016 661.616
4016 2137.54
4017 484.836
4017 1910.198
4017 2263.522
4017 719.22
4018 1423.042
4018 2121.582
4018 975.54
4018 755.194
4018 917.114
4018 1863.186
4018 613.224
4018 1138.784
4018 2717.132
4018 530.71
4018 898.194
4018 1418.278
4018 1442.476
4018 659.65
4018 2432.196
4019 923.31
4019 293.126
4019 694.23
4019 1370.046
4019 607.438
4019 602.06
4019 2168.854
4019 995.626
4019 797.714
4019 295.526
4019 758.084
4019 767.848
4019 1922.6
4019 451.698
4019 1620.516
4020 629.196
4020 1585.706
4020 2610.092
4020 679.342
4020 964.006
4020 678.068
4020 1549.074
4020 1112.34
4020 863.086
4020 1302.298
4020 335.022
4020 639.856
4021 439.896
4021 328.38
4021 807.668
4021 1307.124
4021 1550.268
4021 674.57
4021 742.418
4021 1314.014
4021 1154.278
4021 926.886
4022 624.268
4022 770.02
4022 1312.976
4022 1347.168
4022 1144.51
4022 1515.042
4022 1536.458
4022 812.672
4022 1218.648
4022 1335.904
4023 640.408
4023 576.682
4023 440.836
4023 1259.944
4023 1894.944
4023 1733.184
4023 1588.59
4023 593.462
4024 384.182
4024 1456.108
4024 344.08
4024 3706.746
4024 1581.562
4024 1822.092
4024 581.112
4024 794.236
4024 639.29
4024 1434.09
4025 1233.958
4025 1335.51
4025 1110.318
4025 939.624
4025 338.564
4025 582.67
4025 2120.15
4026 2200.35
4026 3725.034
4026 1226.916
4026 643.512
4026 1898.028
4026 1629.354
4026 837.112
4026 1264.05
4026 895.91
4026 180.592
4027 457.666
4027 1244.198
4027 952.378
4027 1857.23
4027 1626.648
4027 527.882
4027 640.494
4027 272.924
4028 604.994
4028 1125.968
4028 563.9
4028 2398.094
4028 948.782
4028 2435.584
4029 784.758
4029 1271.288
4029 630
4029 1516.124
4029 2047.422
4029 803.498
4029 1550.488
4029 1568.28
4029 784.656
4029 748.918
4029 1155.244
4029 612.97
4029 769.468
4030 1229.678
4030 1115.866
4030 1482.358
4030 1002.222
4030 1392.414
4030 2395.622
4030 1223.724
4030 252.722
4030 856.286
4031 252.01
4031 996.69
4031 1753.616
4031 1807.488
4031 2934.032
4031 1333.114
4031 668.39
4031 3283.316
4031 819.478
4031 810.136
4031 830.466
4032 585.54
4032 744.426
4032 530.762
4032 996.364
4032 1091.652
4033 477.316
4033 1945.032
4033 428.08
4033 439.662
4033 438.172
4033 2569.166
4033 558.57
4033 1538.464
4033 655.988
4033 1800.556
4033 1896.128
4034 466.882
4034 1709.692
4034 1005.276
4034 2649.864
4034 561.39
4034 1016.844
4034 996.5
4034 1306.822
4034 755.546
4034 1018.21
4034 1094.324
4034 468.668
4035 506.118
4035 612.982
4035 575.132
4035 1709.972
4035 1455.358
4035 1805.054
4035 584.484
4035 543.614
4035 528.304
4035 1277.552
4035 346.526
4035 889.778
4035 460.048
4035 1253.096
4035 1497.156
4035 653.112
4035 1325.37
4036 2337.746
4036 1805.368
4036 1074.668
4036 493.326
4036 1057.016
4036 788.904
4036 774.03
4037 2161.334
4037 1649.682
4037 769.632
4037 1852.88
4037 1583.868
4038 3693.976
4038 992.94
4038 368.972
4038 552.808
4038 757.822
4038 867.148
4038 1106.922
4038 393.438
4038 888.984
4038 1308.582
4038 580.406
4038 398.39
4039 994.058
4039 659.442
4039 1067.046
4039 563.736
4039 688.098
4039 685.54
4039 1825.826
4039 722.19
4040 2482.674
4040 527.638
4040 627.278
4040 421.286
4040 1865.924
4040 1195.738
4040 702.842
4040 2329.458
4040 1172.938
4040 1449.752
4041 1162.982
4041 380.174
4041 1702.138
4041 675.456
4041 677.568
4041 245.086
4041 709.808
4041 977.588
4041 854.818
4041 930.7
4041 2222.092
4041 1484.762
4041 634.374
4041 686.88
4041 621.056
4041 1116.508
4042 437
4042 1134.776
4042 935.752
4042 2623.422
4042 399.152
4042 489.176
4043 745.118
4043 1972.938
4043 1054.97
4043 1746.592
4043 1613.058
4043 740.11
4043 2657.286
4043 477.808
4043 600.644
4043 3386.54
4043 3409.14
4043 1162.482
4044 307.384
4044 344.742
4044 571.518
4044 766.574
4044 457.388
4044 1749.166
4044 3478.67
4044 774.512
4045 1411.812
4045 601.182
4045 1131.694
4045 380.228
4045 576.94
4045 2525.834
4046 814.088
4046 1285.762
4046 475.33
4046 1276.09
4046 681.446
4046 825.326
4046 504.984
4047 1703.864
4047 2480.448
4047 326.738
4047 1972.306
4047 1160.656
4047 1837.352
4047 3418.072
4047 953.298
4048 408
4048 1485.718
4048 1215.152
4048 1822.25
4048 846.182
4048 1002.324
4048 719.87
4048 1324.622
4048 931.96
4048 987.31
4049 346.128
4049 497.384
4049 1801.448
4049 429.042
4049 2356.588
4049 770.132
4049 580.96
4049 1109.162
4050 1102.674
4050 1540.13
4050 786.16
4050 822.444
4050 1176.962
4050 567.86
4050 2447.002
4050 662.882
4050 1707.256
4050 2448.2
4050 1196.92
4050 3417.238
4050 1590.93
4050 373.452
4051 372.636
4051 2497.984
4051 662.986
4051 2481.836
4051 923.7
4051 3703.634
4051 2226.866
4051 486.522
4051 426.74
4051 503.662
4051 833.336
4051 1026.698
4052 972.624
4052 1449.496
4052 585.078
4052 356.454
4052 1520.234
4052 1123.736
4052 3326.022
4052 671.456
4052 1227.39
4052 1051.198
4053 313.332
4053 1372.028
4053 1053.366
4053 583.296
4053 1581.804
4053 3185.922
4053 1008.548
4053 432.244
4053 707.562
4054 1022.984
4054 868.528
4054 826.384
4054 754.07
4054 1612.342
4054 892.6
4054 1040.524
4054 1037.546
4054 2703.34
4054 1086.464
4055 3192.614
4055 1941.118
4055 773.328
4055 1993.488
4055 290.254
4055 1279.386
4055 1459.63
4055 1336.508
4055 1322.14
4055 933.038
4056 634.148
4056 1129.774
4056 783.418
4056 474.568
4056 1299.288
4056 346.872
4056 1829.55
4056 925.58
4056 944
4056 469.108
4056 420.524
4056 478.246
4057 1323.546
4057 1628.614
4057 689.984
4057 984.686
4057 1167.868
4057 2136.632
4057 851.2
4057 1258.226
4057 1030.784
4057 861.184
4057 966.2
4057 1436.632
4058 1615.462
4058 851.976
4058 746.712
4058 728.792
4058 1837.022
4058 953.652
4058 991.022
4058 1436.204
4058 418.994
4059 478.344
4059 884.004
4059 1016.436
4059 1179.798
4059 2385.678
4059 761.392
4060 825.536
4060 1516.746
4060 963.31
4060 818.442
4060 1586.29
4060 927.322
4060 498.572
4060 561.106
4060 1098.234
4060 703.508
4060 828.33
4060 965.062
4061 852.026
4061 1834.522
4061 1448.732
4061 1253.974
4061 578.978
4061 1334.874
4062 947.922
4062 1298.83
4062 674.146
4062 1302.4
4062 307.962
4062 670.202
4062 694.478
4062 482.566
4062 397.068
4062 716.658
4062 793.56
4063 629.97
4063 1047.444
4063 675.85
4063 917.468
4063 673.996
4063 1125.774
4063 765.828
4063 1564.722
4063 933.122
4063 548.872
4064 773.252
4064 1373.334
4064 603.55
4064 398.208
4064 397.942
4064 2376.544
4064 370.386
4065 785.334
4065 317.096
4065 623.198
4065 459.434
4065 2970.484
4066 1061.896
4066 2307.85
4066 309.096
4066 600.372
4066 2112.304
4066 640.34
4066 3465.494
4066 388.924
4066 1017.24
4066 703.78
4066 1446.344
4066 1061.928
4067 1270.028
4067 679.63
4067 2602.596
4067 296.328
4067 563.088
4067 1281.398
4067 732.26
4067 546.504
4067 1295.386
4067 1546.446
4067 1723.178
4068 1093.38
4068 439.868
4068 2179.5
4068 1107.782
4068 775.87
4068 423.088
4068 1506.948
4068 1261.008
4068 302.79
4069 998.398
4069 513.45
4069 1532.68
4069 747.22
4069 1935.12
4069 1186.076
4069 921.504
4069 420.212
4069 1585.892
4070 3536.866
4070 853.152
4070 530.588
4070 888.278
4070 403.708
4070 630.414
4070 1437.152
4071 476.772
4071 490.652
4071 1356.47
4071 885.942
4071 739.436
4071 632.814
4071 1835.444
4071 500.65
4072 715.508
4072 424.774
4072 1521.272
4072 1587.734
4072 441.634
4072 668.624
4072 1579.44
4072 1090.086
4072 436.532
4072 1109.118
4073 717.032
4073 467.738
4073 1673.708
4073 997.664
4073 2053.368
4073 1225.918
4073 1547.136
4073 2490.32
4073 1121.334
4073 1541.856
4074 1429.716
4074 1224.018
4074 1183.97
4074 3613.182
4074 921.054
4074 1123.926
4074 1979.864
4074 931.622
4074 532.314
4075 1725.212
4075 1207.228
4075 697.536
4075 798.586
4075 707.158
4075 878.374
4076 1336.474
4076 2054.756
4076 330.35
4076 1268.734
4076 871.158
4076 634.678
4076 619.734
4076 607.728
4076 406.942
4076 1392.314
4076 693.98
4076 2126.388
4077 693.866
4077 1200.31
4077 652.564
4077 622.008
4077 273.24
4077 431.32
4078 1504.846
4078 1743.308
4078 378.682
4078 1459.484
4078 503.392
4078 2909.99
4078 1243.496
4078 436.862
4078 1140.312
4078 1350.324
4078 1638.984
4078 2220.016
4079 1022.362
4079 1174.338
4079 807.676
4079 651.796
4079 890.574
4079 1187.642
4079 1648.644
4079 608.082
4079 1045.822
4079 512.38
4079 916.306
4080 903.604
4080 2707.04
4080 857.322
4080 889.742
4080 647.68
4080 1260.204
4080 1271.768
4080 1096.746
4080 923.562
4080 1034.412
4080 588.58
4080 282.878
4081 1727.714
4081 1100.918
4081 406.35
4081 885.478
4081 1671.232
4081 646.414
4082 1523.26
4082 690.014
4082 464.69
4082 1979.696
4082 959.95
4082 1791.022
4082 2176.614
4082 874.802
4082 914.392
4082 517.38
4083 666.03
4083 1993.07
4083 1224.242
4083 572.286
4083 798.79
4083 852.26
4083 1707.352
4083 255.512
4084 2330.03
4084 776.138
4084 467.002
4084 1261.814
4084 2215.782
4085 885.692
4085 1265.78
4085 403.702
4085 580.258
4085 587.916
4085 808.81
4085 2675.46
4085 405.528
4085 523.632
4085 2995.336
4085 1647.18
4086 723.518
4086 2297.05
4086 2433.15
4086 993.654
4086 678.664
4086 702.822
4086 2406.064
4087 747.972
4087 877.958
4087 2015.424
4087 545.368
4087 2237.266
4087 1367.56
4087 908.6
4088 1930.982
4088 230.67
4088 1955.098
4088 945.106
4088 468.272
4088 253.182
4088 1180.532
4088 255.116
4088 1912.574
4089 486.034
4089 970.98
4089 836.232
4089 805.442
4090 369.162
4090 790.024
4090 4171.674
4090 576.496
4090 672.174
4090 942.006
4090 402.45
4090 1281.848
4090 1385.394
4091 707.47
4091 1992.844
4091 1282.108
4091 1278.206
4091 2054.698
4091 1900.526
4091 314.124
4091 305.344
4091 1300.94
4091 415.918
4092 1018.162
4092 3234.312
4092 2332.336
4092 1125.366
4092 789.272
4092 542.028
4092 1134.758
4092 578.338
4092 1088.048
4092 627.366
4092 596.728
4092 1327.12
4092 3156.024
4092 1045.394
4092 1150.002
4092 1342.706
4093 1302.004
4093 817.58
4093 248.482
4093 978.75
4093 373.974
4093 616.52
4093 1016.556
4094 391.04
4094 2500.926
4094 868.694
4094 1219.448
4094 1019.578
4094 1337.976
4094 656.714
4094 813.266
4094 1102.666
4094 513.13
4094 2286.71
4094 1526.644
4095 933.068
4095 865.432
4095 1540.312
4095 369.616
4095 1819.338
4095 326.34
4096 810.056
4096 1844.802
4096 998.842
4096 926.842
4096 1151.214
4096 1484.74
4096 475.994
4096 860.122
4096 1420.188
4096 825.55
4096 1933.972
4096 2397.222
4097 1338.566
4097 2639.716
4097 675.416
4097 1156.356
4097 431.226
4097 1153.136
4097 720.734
4097 1088.43
4098 728.77
4098 449.848
4098 1084.402
4098 754.722
4098 1174.92
4098 518.876
4098 1127.642
4098 332.924
4099 592.52
4099 352.25
4099 1153.802
4099 1437.024
4099 747.72
4099 1423.982
4099 429.488
4099 613
4099 1143.84
4099 509.522
4100 1448.782
4100 1218.49
4100 528.262
4100 606.808
4100 1188.826
4100 1232.03
4100 806.902
4101 349.598
4101 906.76
4101 1090.188
4101 1307.816
4101 744.19
4101 1722.116
4101 722.584
4102 2812.426
4102 615.248
4102 513.492
4102 947.606
4102 1420.942
4102 1334.688
4102 1369.238
4102 688.164
4103 364.97
4103 942.326
4103 715.144
4103 1031.512
4103 336.57
4103 1813.406
4103 1106.612
4103 534.458
4103 1013.12
4103 1169.144
4103 2076.118
4104 771.01
4104 1616.012
4104 2393.882
4104 2428.436
4104 1085.294
4104 489.732
4104 2052.172
4104 894.706
4104 4785.254
4104 1890.712
4104 1068.798
4104 1935.08
4104 799.686
4105 851.38
4105 1093.228
4105 712.86
4105 634.202
4105 1037.314
4105 1305.444
4105 358.446
4105 458.856
4105 1194.958
4105 2727.628
4105 1143.886
4105 3480.626
4106 880.248
4106 294.3
4106 383.91
4106 758.814
4106 571.588
4106 477.856
4106 1120.998
4106 984.26
4106 715.47
4106 2078.038
4106 652.974
4106 857.382
4106 892.554
4106 1495.626
4106 783.164
4106 1655.742
4106 1356.8
4107 964.698
4107 1861.89
4107 2718.17
4107 2245.434
4107 1048.748
4107 1847.132
4107 1321.084
4107 1265.884
4107 797.68
4107 1963.612
4107 422.422
4107 380.814
4107 1009.022
4108 2042.232
4108 699.766
4108 1875.788
4108 707.014
4108 435.546
4108 644.89
4108 2025.106
4108 1173.698
4109 554.55
4109 1003.728
4109 811.772
4109 2291.476
4109 291.33
4109 381.71
4109 1287.954
4109 873.026
4109 474.776
4109 602.692
4109 1178.726
4109 777.052
4109 1738.714
4110 1954.496
4110 3214.356
4110 487.978
4110 1583.702
4110 1360.786
4110 625.758
4110 1335.948
4111 3685.746
4111 673.446
4111 1294.432
4111 498.92
4111 1060.666
4111 989.288
4111 1213.792
4111 1473.506
4112 1012.702
4112 216.784
4112 650.59
4112 1296.586
4112 1219.922
4112 666.414
4112 610.978
4112 703.226
4112 1176.454
4112 3077.81
4112 780.758
4113 946.54
4113 507.822
4113 1058.602
4113 555.006
4113 1843.364
4113 1361.424
4113 1913.796
4113 405.016
4113 248.764
4113 1257.542
4113 1104.868
4114 510.182
4114 627.926
4114 794.324
4114 942.27
4114 1335.318
4114 1986.668
4114 1472.89
4114 742.97
4114 309.87
4114 976.702
4114 897.138
4114 1844.49
4114 875.842
4115 1121.166
4115 413.022
4115 536.276
4115 1819.12
4115 2810.376
4115 712.278
4115 647.39
4115 602.964
4115 984.496
4115 1215.014
4115 1392.394
4116 1245.264
4116 813.69
4116 771.492
4116 491.206
4116 436.856
4116 548.636
4116 582.166
4116 197.078
4116 1113.276
4116 296.19
4117 961.12
4117 431.326
4117 1088.636
4117 1949.904
4117 1540.68
4117 612.288
4117 2117.102
4117 623.084
4117 865.38
4117 2388.666
4117 1101.644
4117 1193.202
4117 2122.116
4117 295.35
4118 1905
4118 928.358
4118 1261.3
4118 1383.792
4118 1163.42
4118 509.97
4119 727.936
4119 519.054
4119 1159.746
4119 973.1
4119 887.304
4119 408.254
4119 1582.02
4119 430.424
4119 622.022
4119 991.538
4119 2680.258
4120 489.736
4120 293.012
4120 385.204
4120 1074.362
4120 355.908
4120 1411.35
4120 1265.63
4121 427.854
4121 1783.89
4121 1759.262
4121 696.814
4121 2196.506
4121 1812.696
4121 1995.524
4121 833.648
4121 441.302
4121 1388.794
4121 4575.296
4122 1181.15
4122 2309.454
4122 504.464
4122 254.088
4122 623.71
4122 1016.308
4123 258.774
4123 1030.948
4123 1839.526
4123 309.148
4123 1086.974
4123 1847.074
4123 929.956
4123 2322.36
4123 1255.036
4123 433.95
4123 378.866
4123 518.896
4123 1238.836
4123 1563.858
4123 1745.776
4123 1153.598
4123 1415.08
4124 1876.88
4124 1179.904
4124 599.966
4124 590.252
4124 643.372
4124 1329.656
4124 978.012
4124 603.632
4124 516.758
4124 818.736
4125 3185.918
4125 476.172
4125 1860.066
4125 713.466
4125 633.61
4125 503.366
4125 657.414
4125 2547.616
4125 1251.868
4125 717.504
4125 1088.546
4125 996.628
4126 2343.718
4126 621.246
4126 795.934
4126 1252.642
4126 1193.23
4126 580.17
4126 3300.198
4126 1122.424
4126 255.892
4127 1004.824
4127 3663.226
4127 2324.682
4127 297.64
4127 1772.17
4127 968.97
4127 1442.036
4127 356.66
4127 1360.194
4127 1687.928
4127 554.06
4128 756.108
4128 2955.93
4128 1628.212
4128 342.44
4128 431.032
4128 623.672
4128 487.664
4128 1310.346
4129 1776.714
4129 1011.668
4129 1125.42
4129 2612.506
4129 390.206
4130 1001.584
4130 1007.36
4130 1727.424
4130 1351.242
4130 732.41
4130 933.794
4130 1575.29
4130 4466.972
4130 2068.864
4130 2086.514
4130 578.746
4130 1530.246
4130 2002.95
4131 363.134
4131 1617.782
4131 772.088
4131 193.198
4131 1602.422
4131 470.608
4131 1424.046
4131 700.142
4131 623.056
4131 831.698
4131 913.178
4131 624.16
4131 691.754
4131 644.234
4131 789.342
4131 848.97
4132 2957.26
4132 1526.376
4132 1340.388
4132 1160.564
4132 2757.372
4132 1477.048
4132 713.212
4132 818.022
4132 638.072
4132 693.2
4133 538.578
4133 3167.07
4133 1056.532
4133 760.362
4133 722.01
4133 1460.702
4133 1836.342
4133 535.474
4133 2155.984
4133 724.788
4133 1659.53
4133 417.442
4133 1625.904
4133 584.172
4133 777.25
4134 511.108
4134 1114.286
4134 1628.542
4134 582.082
4134 1539.252
4134 406.584
4134 918.66
4134 4580.636
4134 579.878
4134 1314.56
4134 1166.922
4134 339.652
4134 2421.54
4134 522.126
4134 404.536
4134 612.334
4135 1505.19
4135 918.148
4135 353.296
4135 1000.758
4135 637.768
4135 2274.46
4135 1594.814
4135 550.334
4135 2306.666
4136 1742.964
4136 1578.866
4136 1131.59
4136 1151.792
4136 1219.998
4136 909.266
4136 774.64
4136 382.664
4136 532.004
4136 875.69
4136 1095.82
4136 1389.436
4136 2678.376
4136 1200.448
4137 2360.426
4137 1118.938
4137 473.832
4137 1496.896
4138 787.22
4138 1329.946
4138 392.99
4138 807.872
4138 1871.014
4138 1622.188
4139 1278.13
4139 3017.194
4139 429.142
4139 1620.028
4139 1395.754
4139 1080.916
4139 402.214
4139 998.87
4139 770.142
4139 846.26
4139 380.428
4139 228.292
4139 1446.948
4139 2201
4139 945.43
4139 1235.644
4139 1973.804
4140 801.896
4140 993.678
4140 422.026
4140 359.718
4140 378.808
4140 1676.868
4140 1347.546
4140 975.926
4140 1122.424
4140 1849.236
4140 446.734
4140 499.27
4140 375.214
4140 1828.392
4140 2043.892
4141 685.37
4141 1582.83
4141 533.582
4141 288.31
4141 886.364
4141 473.954
4141 1620.356
4141 1622.572
4141 799.408
4141 1207.216
4141 1159.382
4141 415.382
4141 1746.732
4141 1290.5
4141 831.378
4141 396.93
4141 1209.02
4141 768.062
4142 419.414
4142 748.06
4142 609.896
4142 1118.34
4142 1089.566
4142 1563.662
4142 2105.154
4142 893.042
4142 1446.332
4142 334.032
4142 1034.748
4142 1414.784
4142 3309.256
4143 2992.786
4143 533.1
4143 457.942
4143 1504.358
4143 410.798
4143 1129.258
4143 346.808
4143 1177.898
4143 1032.282
4143 822.122
4143 813.682
4143 655.004
4143 1194.136
4143 550.934
4143 1470.948
4144 1073.502
4144 630.962
4144 948.74
4144 2528.146
4144 3462.62
4144 1303.596
4144 1414.39
4144 1096.9
4144 2123.394
4144 2139.156
4145 1118.464
4145 217.216
4145 676.71
4145 2705.226
4145 632.568
4145 514.426
4145 519.928
4145 839.292
4145 1095.586
4145 972.064
4145 1069.026
4145 1179.958
4145 823.288
4145 731.514
4145 1169.798
4146 451.376
4146 1760.658
4146 2114.218
4146 763.862
4146 964.008
4146 675.234
4146 474.184
4146 698.548
4146 1479.01
4146 1053
4146 855.696
4146 1688.822
4146 376.032
4146 1298.84
4146 726.778
4146 1446.016
4146 701.696
4146 2411.666
4147 1213.408
4147 768.224
4147 1334.482
4147 1803.002
4147 1436.25
4147 626.58
4147 4669.55
4147 480.15
4147 2203.954
4148 611.75
4148 605.534
4148 1144.076
4148 2862.298
4148 2351.54
4148 2034.392
4149 435.674
4149 727.882
4149 2122.732
4149 1678.394
4149 1907.21
4149 1466.94
4149 1316.604
4149 1185.214
4149 537.544
4149 874.766
4149 2852.62
4149 1158.228
4149 691.502
4149 2160.804
4149 623.352
4149 1447.854
4150 468.744
4150 4196.59
4150 671.35
4150 723.11
4150 2667.786
4150 1316.636
4150 614.336
4150 913.302
4150 450.38
4150 795.922
4150 614.44
4151 1427.91
4151 1795.204
4151 848.872
4151 1579.648
4151 1048.1
4151 1048.868
4151 951.448
4151 542.818
4152 741.452
4152 2168.042
4152 799.398
4152 1442.024
4152 949.338
4153 1662.514
4153 396.998
4153 426.894
4153 724.93
4153 1138.708
4153 248.19
4153 1466.97
4153 846.832
4153 353.58
4153 1111.276
4153 1291.51
4153 1158.652
4153 988.424
4153 694.326
4153 730.802
4153 1056.616
4154 596.252
4154 569.076
4154 589.362
4154 971.616
4154 1460.868
4154 1099.336
4154 1257.264
4154 712.916
4154 1040.19
4155 987.924
4155 935.094
4155 2131.426
4155 1219.314
4155 609.322
4155 2619.298
4155 1822.506
4156 1649.99
4156 1016.318
4156 249.798
4156 548.664
4157 533.464
4157 1149.008
4157 1773.77
4157 710.006
4157 756.772
4157 2401.65
4157 2361.264
4157 1083.916
4158 1068.056
4158 1767.078
4158 1610.458
4158 875.53
4158 999.426
4159 425.944
4159 1239.058
4159 945.11
4159 569.1
4159 719.964
4159 1022.106
4159 4115.544
4159 343.194
4159 351.986
4159 434.634
4160 611.71
4160 1024.7
4160 1627.498
4160 1212.942
4160 1955.48
4160 1045.034
4160 565.518
4160 719.382
4160 771.076
4161 955.118
4161 1803.478
4161 687.558
4161 1369.444
4161 1009.078
4161 704.536
4161 1980.994
4161 435.076
4162 1079.222
4162 821.854
4162 357.25
4162 1285.54
4162 2450.486
4162 1259.376
4162 1286.964
4162 1582.284
4162 785.938
4162 898.472
4162 3492.548
4162 1348.37
4162 1161.9
4162 422.266
4162 813.744
4163 873.384
4163 656.334
4163 450.93
4163 3609.242
4163 2511.112
4163 483.352
4163 3179.224
4163 626.176
4164 2473.66
4164 2712.646
4164 1524.96
4164 457.428
4164 2202.27
4164 407.648
4164 486.93
4164 382.5
4164 478.578
4164 1362.502
4164 427.614
4164 1698.668
4165 710.776
4165 820.692
4165 938.158
4165 896.728
4165 1956.048
4165 518.67
4165 1155.91
4165 674.972
4165 1504.174
4165 3725.032
4165 439.584
4166 1506.164
4166 781.194
4166 685.994
4166 1641.384
4166 881.652
4166 337.484
4166 564.78
4166 1317.018
4166 1464.242
4166 2008.554
4166 880.738
4166 389.074
4166 293.37
4166 2201.878
4166 935.322
4166 331.832
4167 1158.51
4167 1663.354
4167 1156
4167 887.952
4167 466.394
4167 1724.646
4167 1212.96
4167 280.218
4167 607.54
4167 244.262
4167 471.654
4167 861.608
4167 782.626
4168 1095.312
4168 1535.614
4168 620.744
4168 1567.2
4168 965.996
4169 497.092
4169 1551.39
4169 812.04
4169 499.68
4169 1176.008
4169 264.656
4169 605.888
4169 696.102
4169 3176.468
4169 660.564
4169 2763.318
4169 2372.332
4170 1563.67
4170 452.122
4170 1579.918
4170 309.052
4170 870.416
4170 1050.694
4170 1583.572
4170 446.016
4171 1011.536
4171 1157.024
4171 1225.666
4171 749.828
4171 1000.754
4171 645.232
4171 555.866
4171 573.178
4171 1814.498
4171 499.06
4171 2017.812
4171 676.26
4171 775.326
4171 2105.88
4171 2499.702
4171 1315.564
4171 925.924
4171 321.716
4172 1045.7
4172 495.004
4172 672.378
4172 1220.572
4172 1335.684
4172 2304.662
4172 988.808
4172 350.346
4172 1067.758
4172 259.024
4172 1628.474
4172 2335.25
4172 514.652
4172 440.262
4172 1421.518
4172 1492.982
4173 770.064
4173 756.958
4173 299.192
4173 1362.848
4173 353.938
4173 448.124
4173 891.238
4174 362.39
4174 620.764
4174 990.338
4174 924.512
4174 959.33
4174 568.026
4174 605.44
4174 560.418
4174 569.376
4174 894.916
4174 1478.04
4174 759.47
4174 578.45
4174 1468.764
4174 811.538
4174 1269.068
4174 892.178
4175 1450.136
4175 904.77
4175 362.22
4175 964.154
4175 847.122
4175 1816.388
4175 1450.54
4175 671.02
4175 1690.496
4175 1946.558
4175 1381.558
4175 971.01
4175 400.65
4175 335.014
4175 891.972
4175 787.786
4175 1579.964
4175 489.246
4176 1493.324
4176 845.586
4176 532.75
4176 247.202
4176 546.954
4176 986.38
4176 3345.988
4176 684.446
4176 798.604
4177 1098.956
4177 611.544
4177 905.36
4177 1150.6
4177 971.654
4177 548.224
4177 429.852
4177 915.708
4177 788.468
4177 553.956
4177 754.872
4177 511.672
4177 1138.198
4178 721.212
4178 807.55
4178 245.052
4178 255.944
4178 644.332
4178 955.678
4178 717.35
4178 1500.564
4178 581.272
4179 1662.572
4179 858.964
4179 1680.69
4179 1633.392
4179 1141.36
4179 2458.38
4179 926.374
4179 303.8
4179 836.158
4179 672.7
4180 403.634
4180 2103.026
4180 455.038
4180 695.662
4180 677.156
4180 646.886
4180 1015.284
4180 1421.962
4180 1224.838
4180 2696.614
4180 465.25
4181 4673.416
4181 1314.124
4181 2041.31
4181 2167.894
4181 853.714
4181 853.45
4181 2445.04
4181 463.22
4181 380.696
4181 745.088
4181 1123.346
4182 618.028
4182 716.236
4182 1115.778
4182 1829.01
4182 924.368
4182 1685.252
4182 1989.126
4182 1416.338
4182 508.21
4182 1382.262
4182 602.226
4182 2082.704
4182 1690.888
4183 665.164
4183 3533.968
4183 1494.62
4183 1893.746
4183 396.586
4183 604.574
4183 566.142
4183 1675.24
4183 3023.084
4183 355.528
4183 612.688
4183 1147.832
4183 505.084
4184 784.998
4184 864.542
4184 1722.086
4184 967.454
4184 865.464
4184 1740.298
4184 778.388
4184 1118.056
4184 839.2
4184 772.97
4184 2078.49
4185 1253.206
4185 2056.64
4185 1866.562
4185 860.192
4185 1092.848
4185 1351.228
4185 1409.944
4185 599.656
4185 1588.116
4186 1648.978
4186 591.448
4186 934.948
4186 558.572
4186 648.276
4186 412.444
4186 1460.304
4186 1827.296
4186 2314.358
4186 866.648
4187 1000.226
4187 320.87
4187 937.22
4187 1351.816
4187 1523.67
4188 618.262
4188 1025.286
4188 900.262
4188 1164.556
4188 596.352
4188 753.638
4188 1307.84
4188 1004.086
4188 857.942
4188 648.738
4188 395.776
4188 1449.378
4189 495.57
4189 1572.83
4189 1687.33
4189 1555.426
4189 1462.39
4189 473.07
4189 544.758
4189 874.564
4189 1174.228
4190 959.042
4190 799.502
4190 696.964
4190 551.846
4190 1033.608
4190 2484.284
4190 609.622
4190 243.398
4190 665.302
4190 565.862
4190 1992.51
4190 863.314
4190 783.426
4190 801.47
4191 713.032
4191 1021.942
4191 1030.72
4191 917.782
4191 231.492
4191 978.24
4191 1188.758
4191 674.828
4191 426.082
4192 816.656
4192 502.628
4192 657.282
4192 2183.662
4192 1058.87
4192 1754.338
4192 1084.9
4192 619.526
4192 561.924
4192 689.222
4192 449.746
4192 584.788
4192 1051.644
4192 711.048
4193 824.624
4193 1196.874
4193 503.136
4193 1122.724
4193 2071.876
4193 763.402
4193 540.69
4193 900.638
4193 766.044
4193 2234.252
4193 656.96
4193 561.334
4194 450.47
4194 1905.862
4194 620.636
4194 1402.966
4194 418.536
4194 831.224
4194 566.364
4194 371.114
4194 3208.292
4194 526.866
4194 657.396
4194 847.44
4195 592.468
4195 3347.656
4195 1323.208
4195 691.822
4195 617.244
4195 279.032
4195 1940.82
4195 5063.554
4195 923.208
4195 1129.734
4195 1015.86
4195 738.826
4195 1027.4
4196 1534.384
4196 289.826
4196 742.384
4196 717.93
4196 789.54
4196 626.774
4196 616.394
4196 521.634
4196 2015.85
4196 717.976
4196 589.49
4196 743.956
4197 828.512
4197 980.48
4197 1004.712
4197 1237.502
4197 1133.328
4197 861.502
4197 604.378
4197 1943.594
4197 393.606
4197 563.014
4197 425.966
4198 1337.76
4198 723.682
4198 1465.91
4198 761.59
4198 521.55
4198 484.27
4198 466.692
4198 411.172
4198 1437.214
4198 587.014
4198 1747.64
4199 1159.112
4199 1758.93
4199 3505.926
4199 448.93
4199 465.768
4199 352.466
4199 1530.952
4200 793.394
4200 243.584
4200 703.216
4200 596.612
4200 2563.514
4200 1235.156
4200 999.36
4200 502.242
4200 2084.006
4201 1319.04
4201 2789.508
4201 1458.642
4201 811.974
4201 775.404
4201 887.36
4201 1199.634
4201 548.262
4202 1087.484
4202 1587.448
4202 1462.082
4202 667.412
4202 462.056
4202 1164.342
4202 1125.996
4202 647.408
4202 1585.76
4202 842.652
4203 1011.498
4203 414.4
4203 321.758
4203 997.564
4203 402.194
4203 531.668
4203 689.238
4204 984.27
4204 1027.622
4204 472.706
4204 1762.31
4204 807.752
4204 532.146
4205 2898.514
4205 3244.12
4205 619.244
4205 1381.922
4205 577.96
4205 1954.478
4205 346.636
4205 847.596
4205 906.586
4205 1010.328
4205 897.91
4205 735.08
4205 480.59
4205 1198.106
4206 917.462
4206 649.3
4206 916.63
4206 2881.006
4206 830.514
4206 2937.87
4206 372.666
4206 327.704
4206 686.374
4207 993.762
4207 357.79
4207 653.528
4207 1243.854
4207 808.424
4207 672.366
4207 2178.148
4207 2061.958
4208 773.254
4208 1087.172
4208 1243.024
4208 536.206
4208 1189.824
4208 397.546
4208 500.442
4208 3210.902
4208 689.064
4208 1348.918
4208 999.81
4209 886.588
4209 796.224
4209 1716.294
4209 426.144
4209 1331.768
4209 672.27
4209 551.582
4209 868.524
4209 1203.562
4209 1268.562
4209 2208.376
4210 1498.03
4210 725.026
4210 1467.364
4210 1003.818
4210 659.494
4210 1233.56
4210 545.15
4210 1684.518
4210 1360.068
4210 1457.31
4210 606.128
4210 699.142
4211 857.662
4211 703.594
4211 2898.956
4211 882.582
4211 1735.934
4211 429.36
4211 818.556
4211 862.6
4211 546.37
4212 316.852
4212 783.642
4212 835.062
4212 1510.892
4212 792.56
4212 622.254
4212 717.98
4212 353.798
4212 1633.838
4212 290.514
4212 809.63
4212 462.518
4213 1523.134
4213 1015.762
4213 372.758
4213 946.402
4213 1190.098
4213 902.678
4213 899.474
4213 992.266
4213 2637.574
4213 1904.586
4213 926.578
4213 2292.41
4213 1181.768
4213 4002.46
4213 679.972
4213 413.326
4214 1403.656
4214 639.324
4214 549.266
4214 883.93
4214 2305.836
4214 795.5
4214 919.264
4214 2481.384
4214 1379.028
4214 1548.222
4215 2665.906
4215 610.99
4215 1301.688
4215 1681.682
4215 1775.04
4215 553.124
4215 1877.994
4215 706.78
4215 624.064
4215 545.082
4215 1159.698
4215 627.406
4215 1711.152
4215 1367.202
4216 531.752
4216 730.38
4216 1139.172
4216 516.684
4216 1302.272
4216 1684.062
4216 2009.99
4216 2535.916
4216 683.514
4217 773.786
4217 1557.868
4217 355.736
4218 1319.264
4218 1926.898
4218 1958.07
4218 908.978
4218 3855.806
4218 1208.932
4218 2196.972
4218 1749.624
4218 353.972
4218 1468.704
4218 2176.964
4218 393.1
4219 793.508
4219 1651.408
4219 1843.572
4219 604.862
4219 715.532
4219 863.508
4219 685.024
4219 807.544
4220 1017.918
4220 811.202
4220 1098.944
4220 1396.188
4220 756.858
4220 662.918
4220 2137.31
4220 722.642
4220 556.47
4220 707.296
4221 2110.864
4221 1490.536
4221 896.104
4221 913.018
4221 703.86
4221 774.34
4221 418.15
4221 1208.618
4221 1062.338
4221 1069.046
4221 955.206
4222 434.116
4222 919.194
4222 1803.562
4222 616.77
4222 498.682
4222 1056.634
4222 1432.024
4222 1777.112
4222 1447.436
4222 483.154
4222 635.946
4223 1303.026
4223 725.842
4223 1843.87
4223 2501.53
4223 3050.494
4223 545.754
4223 530.332
4223 335.638
4224 1695.186
4224 1437.42
4224 834.708
4224 1227.094
4224 294.776
4224 510.432
4225 417.968
4225 480.43
4225 1024.276
4225 663.722
4225 1011.696
4225 511.514
4225 962.374
4225 1159.828
4225 560.076
4225 1670.434
4225 2129.448
4226 493.594
4226 450.834
4226 699.496
4226 1175.712
4226 1382.594
4226 1278.8
4226 1834.468
4226 549.546
4226 2152.728
4226 2384.604
4226 1561.63
4226 978.734
4226 1063.484
4226 1485.39
4227 857.904
4227 542.02
4227 548.622
4227 583.612
4227 707.738
4227 567.97
4227 502.562
4227 1976.048
4227 1792.03
4227 735.9
4227 2200.114
4228 1232.02
4228 559.422
4228 1176.894
4228 643.582
4228 455.286
4228 511.804
4228 606.48
4228 937.658
4229 541.046
4229 601.46
4229 1715.008
4229 1273.26
4229 1020.778
4229 968.732
4229 1811.248
4229 623.69
4229 1624.626
4230 1553.694
4230 2505.968
4230 794.94
4230 2097.326
4230 771.29
4230 683.16
4230 282.296
4231 1008.676
4231 438.71
4231 556.798
4231 1514.09
4231 779.456
4231 2008.352
4231 650.888
4231 740.054
4231 2705.626
4231 2052.126
4231 1191.124
4231 2920.894
4231 1124.736
4232 1539.516
4232 1714.336
4232 679.998
4232 2143.296
4232 404.444
4232 443.274
4232 414.028
4233 518.824
4233 677.878
4233 292.268
4233 512.626
4233 1115.678
4233 1671.418
4233 1422.164
4234 2730.192
4234 402.27
4234 670.022
4234 1354.598
4235 1058.738
4235 2356.864
4235 1991.72
4235 1383.178
4235 677.592
4235 3167.214
4235 767.952
4235 1084.618
4235 1044.518
4235 575.238
4235 624.7
4235 1438.12
4236 1337.512
4236 499.876
4236 951.66
4236 981.024
4236 5198.9
4236 740.974
4236 2956.212
4236 274.812
4237 1386.452
4237 1450.396
4237 345.52
4237 1377.744
4237 1925.566
4237 1144.662
4238 1241.72
4238 417.306
4238 1323.146
4238 1607.178
4238 809.522
4238 729.006
4238 742.79
4238 2319.876
4238 2969.908
4239 648.15
4239 636.39
4239 2644.088
4239 621.194
4239 745.618
4239 2743.554
4239 4196.554
4239 356.706
4239 1687.128
4239 1393.946
4239 1056.212
4239 1330.152
4239 1890.686
4240 431.444
4240 654.138
4240 1614.724
4240 1046.444
4240 540.664
4240 1002.35
4240 3117.948
4240 765.82
4240 1921.106
4240 652.278
4241 1513.442
4241 491.838
4241 1034.956
4241 860.63
4241 879.288
4241 1762.168
4241 859.842
4241 610.162
4241 1305.304
4241 314.684
4241 947.17
4241 619.764
4241 1471.666
4242 619.416
4242 860.956
4242 672.678
4242 353.074
4242 2117.756
4242 619.458
4242 777.848
4242 831.898
4243 542.796
4243 581.286
4243 827.16
4243 211.206
4243 292.35
4243 630.282
4243 1366.318
4243 408.506
4243 708.162
4244 2753.996
4244 986.592
4244 1484.708
4244 1407.546
4244 1153.512
4244 909.526
4244 862.848
4244 686.222
4244 394.538
4244 1341.548
4244 593.294
4244 1526.992
4244 610.406
4244 739.028
4244 1119.944
4245 910.624
4245 425.752
4245 749.682
4245 234.976
4245 628.676
4245 1541.854
4245 666.074
4246 1688.41
4246 1022.738
4246 1689.646
4246 817.042
4246 814.986
4246 598.954
4246 1116.792
4246 1006.606
4246 589.96
4247 1327.21
4247 1268.228
4247 727.542
4247 1344.408
4247 790.996
4247 300.886
4247 1474.886
4247 1068.65
4247 364.386
4247 1015.358
4247 252.94
4248 1502.644
4248 1149.908
4248 1352.178
4248 887.75
4248 3186.692
4248 1190.82
4248 830.88
4248 893.926
4248 1498.706
4249 582.5
4249 1274.818
4249 799.076
4249 452.068
4249 784.678
4249 664.802
4249 2802.664
4249 189.79
4249 978.526
4249 946.41
4249 1208.826
4249 479.94
4249 1206.44
4249 1617.53
4249 1003.694
4249 533.562
4249 1105.13
4249 697.58
4249 1367.804
4249 1646.284
4250 1131.676
4250 247.17
4250 1892.056
4250 4188.428
4250 306.79
4250 919.016
4250 385.744
4250 801.992
4250 1178.706
4250 901.532
4250 1921.932
4250 2676.692
4251 1693.392
4251 792.876
4251 1040.282
4251 319.078
4251 538.428
4251 2483.54
4251 1671.19
4251 415.08
4251 3089.574
4251 1407.664
4251 2519.998
4251 697.296
4251 3260.346
4251 1296.878
4252 341.948
4252 1440.37
4252 875.492
4252 571.368
4252 342.064
4252 554.324
4252 2362.872
4252 2158.37
4252 1358.688
4252 795.766
4253 1072.076
4253 1549.222
4253 1238.88
4253 1661.07
4253 432.696
4253 2334.284
4253 2295.5
4253 832.352
4253 1416.524
4253 839.896
4253 1174.112
4253 601.714
4254 1954.198
4254 1352.602
4254 896.904
4254 798.698
4254 2140.224
4254 1074.25
4255 2507.124
4255 1450.9
4255 1859.462
4255 884.23
4255 360.718
4255 1524.124
4255 1221.338
4255 723.702
4255 1272.17
4255 2290.324
4255 702.244
4255 2223.854
4255 394.44
4255 1114.352
4256 462.378
4256 1396.084
4256 1631.148
4256 664.242
4256 841.866
4256 467.422
4256 984.864
4256 916.028
4256 991.718
4256 1030.638
4257 1303.37
4257 488.79
4257 1101.48
4257 502.258
4257 1648.666
4258 545.946
4258 412.1
4258 3367.388
4258 311.952
4258 1831.3
4258 1143.554
4258 905.678
4258 593.604
4258 519.986
4258 1273.148
4258 601.03
4258 695.55
4258 651.47
4258 1395.85
4258 1541.468
4259 378.968
4259 838.28
4259 411.32
4259 357.392
4259 1016.766
4259 1947.378
4259 356.22
4259 1030.738
4259 1202.298
4259 1740.55
4259 563.826
4260 1325.258
4260 273.868
4260 2320.242
4260 1260.5
4260 1028.076
4260 951.044
4260 995.332
4260 763.594
4260 296.836
4260 738.456
4260 712.512
4260 1433.874
4261 1183.83
4261 336.65
4261 531.584
4261 713.104
4261 642.05
4261 344.292
4261 663.712
4262 889.038
4262 525.338
4262 1381.424
4262 3195.084
4263 1011.868
4263 941.766
4263 848.574
4263 853.852
4263 505.066
4263 898.776
4263 220.25
4263 393.018
4263 536.878
4264 2208.706
4264 610.918
4264 561.576
4264 1595.308
4264 3225.632
4264 1051.59
4264 574.838
4264 437.624
4264 970.172
4265 547.008
4265 218.496
4265 347.598
4265 1284.794
4265 308.64
4265 347.112
4265 3865.73
4265 738.828
4265 487.446
4265 1682.406
4266 833.28
4266 439.718
4266 297.23
4266 2249.21
4266 577.184
4266 1301.498
4266 2622.166
4266 392.314
4266 674.172
4266 1016.392
4267 2039.722
4267 1823.708
4267 729.07
4267 701.506
4267 997.488
4267 2275.046
4267 796.748
4268 909.828
4268 485.372
4268 375.524
4268 1735.436
4268 734.42
4268 511.722
4268 458.636
4268 649.926
4268 4164.386
4268 420.45
4268 511.014
4268 644.996
4268 539.66
4269 655
4269 2793.828
4269 983.66
4269 564.418
4269 245.894
4269 1338.72
4269 363.238
4269 587.88
4269 931.06
4269 727.988
4269 918.874
4270 1307.514
4270 856.404
4270 1156.104
4270 757.2
4270 1138.744
4270 464.704
4270 1009.738
4270 1485.798
4271 762.69
4271 1659.994
4271 1180.488
4271 815.246
4271 917.59
4271 811.224
4271 349.182
4271 577.842
4271 976.24
4271 1253.65
4271 680.78
4272 1809.502
4272 623.832
4272 1385.302
4272 2007.976
4272 2740.872
4272 999.548
4272 882.116
4272 741.976
4272 692.71
4273 717.6
4273 583.718
4273 1206.242
4273 2831.438
4273 1339.656
4273 1313.432
4273 526.998
4273 451.958
4273 1198.748
4273 1208.164
4273 846.486
4273 2392.852
4274 359.2
4274 687.756
4274 603.574
4274 706.636
4274 2020.998
4275 543.326
4275 669.51
4275 794.484
4275 1334.49
4275 878.232
4275 2505.02
4275 766.528
4275 735.976
4275 2032.422
4275 638.996
4276 2165.312
4276 2545.096
4276 618.138
4276 1278.252
4276 1296.536
4276 675.484
4276 2495.448
4276 1594.11
4276 1916.978
4276 287.34
4276 1312.514
4276 1267.81
4276 1189.04
4277 402.764
4277 754.228
4277 799.008
4277 633.744
4277 1560.09
4277 366.87
4277 1274.85
4277 861.892
4277 591.006
4277 427.758
4277 671.518
4278 1631.008
4278 513.55
4278 1037.25
4278 2101.588
4278 727.32
4278 371.502
4278 342.044
4278 1570.048
4278 373.298
4278 3628.274
4278 6230.562
4279 606.912
4279 800.808
4279 1050.468
4279 562.314
4279 1258.302
4279 1565.548
4279 485.06
4279 782.198
4279 2456.562
4279 861.314
4279 570.68
4279 1442.002
4279 464.14
4279 2279.152
4279 361.532
4279 607.342
4280 378.878
4280 1446.856
4280 412.618
4280 1204.798
4280 1911.914
4280 1090.896
4280 1751.288
4280 953.67
4281 2398.202
4281 502.216
4281 2302.854
4281 597.804
4281 1984.1
4281 446.84
4281 1024.702
4281 1162.662
4281 1133.302
4282 751.15
4282 1314.404
4282 862.662
4282 1469.5
4282 891.634
4282 1049.854
4283 1019.752
4283 339.472
4283 1946.406
4283 1676.992
4283 757.54
4283 1676.86
4283 1416.512
4283 2319.742
4283 253.658
4283 405.44
4283 723.378
4283 496.908
4283 673.038
4283 786.13
4283 835.47
4283 370.874
4284 2782.702
4284 2298.694
4284 947.884
4284 1225.902
4284 507.288
4284 1482.5
4284 350.716
4285 728.538
4285 1912.986
4285 737.786
4285 1723.124
4285 2141.248
4285 1296.748
4285 423.042
4285 1013.726
4285 1005.82
4285 793.406
4285 1284.888
4285 1072.364
4285 396.834
4286 1560.836
4286 535.28
4286 4067.256
4286 1237.906
4286 1589.09
4286 1728.178
4286 891.824
4286 428.31
4286 1410.592
4286 2240.548
4286 189.602
4286 829.098
4286 475.006
4287 1185.456
4287 495.17
4287 760.184
4287 1331.162
4287 981.336
4287 741.66
4287 1857.014
4287 871.262
4287 3939.354
4287 592.026
4287 414.824
4287 755.848
4287 1549.366
4287 583.354
4288 711.438
4288 1386.898
4288 440.294
4288 2015.076
4288 376.47
4288 1098.98
4288 679.838
4288 1698.83
4288 963.958
4288 3084.32
4288 1061.014
4289 956.882
4289 702.54
4289 958.552
4289 592.876
4289 1852.342
4289 2682.102
4289 1206.454
4289 1246.068
4289 605.97
4290 605.496
4290 839.844
4290 426.43
4290 621.41
4290 553.504
4290 601.232
4290 1712.074
4290 409.46
4290 2122.624
4291 1533.052
4291 4338.254
4291 1025.512
4291 268.684
4291 237.45
4291 781.754
4291 1632.266
4291 433.742
4291 872.848
4291 821.542
4291 3563.146
4291 590.082
4291 294.808
4291 612.368
4292 1888.298
4292 1260.068
4292 923.48
4292 931.42
4292 627.246
4292 688.718
4292 1660.866
4292 1188.85
4292 552.998
4292 1680.442
4293 1262.138
4293 401.972
4293 1578.428
4293 786.214
4293 1063.668
4293 205.39
4293 343.874
4293 359.534
4293 883.034
4293 621.842
4293 5253.664
4293 233.448
4293 413.35
4293 615.536
4293 620.126
4293 843.976
4294 1349.254
4294 772.988
4294 558.786
4294 901.702
4294 1685.85
4294 643.888
4294 2183.07
4294 1537.882
4294 981.176
4294 307.448
4294 740.194
4295 765.37
4295 2088.6
4295 717.148
4295 690.998
4295 1531.306
4295 2184.526
4295 564.148
4296 2747.336
4296 611.014
4296 723.098
4296 485.244
4296 801.44
4296 371.292
4296 857.926
4296 668.988
4296 1028.984
4296 972.546
4296 933.414
4296 1773.834
4296 469.634
4296 2138.13
4297 2275.614
4297 1416.334
4297 1150.2
4297 2051.392
4297 386.278
4297 694.028
4297 2078.926
4297 1837.364
4297 521.25
4297 656.774
4297 3028.576
4297 1541.942
4297 2213.98
4297 1378.544
4298 603.444
4298 596.66
4298 684.396
4298 403.5
4298 877.574
4298 577.756
4298 3351.106
4299 985.938
4299 1479.846
4299 1782.124
4299 1366.152
4299 977.33
4299 489.074
4299 467.822
4299 551.166
4299 2056.916
4299 547.142
4299 327.906
4300 2432.024
4300 2274.646
4300 1742.328
4300 1739.21
4300 424.768
4300 477.43
4300 1657.014
4300 851.52
4300 1902.052
4300 1559.268
4300 446.242
4301 580.688
4301 899.168
4301 932.21
4301 491.546
4301 1160.64
4301 3639.694
4301 840.558
4301 1905.666
4301 2183.15
4301 4796.86
4301 2005.228
4301 446.826
4301 516.936
4302 564.684
4302 2074.782
4302 1597.44
4302 1360.38
4302 612.162
4302 329.848
4302 1474.794
4302 443.622
4302 1802.074
4302 1110.348
4303 1097.9
4303 967.796
4303 1814.824
4303 353.774
4303 1446.622
4303 920.86
4303 1018.682
4303 2011.888
4303 789.848
4303 243.93
4304 2309.3
4304 834.33
4304 1234.188
4304 369.296
4304 1189.326
4304 231.53
4304 2246.472
4304 623.734
4304 2678.002
4304 601.848
4304 1675.246
4305 925.636
4305 898.856
4305 560.15
4305 1240.492
4305 452.918
4305 853.894
4305 1626.19
4305 2738.192
4305 1777.918
4305 609.05
4306 507.142
4306 931.832
4306 328.366
4306 999.078
4306 682.65
4306 2316.936
4306 858.342
4306 828.498
4307 1081.292
4307 533.964
4307 1208.816
4307 649.358
4307 1051.924
4307 974.146
4307 619.376
4307 603.962
4308 1012.836
4308 1170.622
4308 793.372
4308 949.644
4308 1992.184
4308 1118.452
4308 4015.77
4308 949.234
4308 2027.928
4308 3164.768
4308 400.126
4309 1789.376
4309 1670.946
4309 655.58
4309 1127.922
4309 2994.188
4309 440.378
4309 750.648
4309 1180.55
4309 1351.032
4309 474.42
4310 1130.534
4310 1923.776
4310 882.984
4310 2738.174
4310 1610.232
4310 731.49
4310 809.066
4310 1029.826
4311 2614.814
4311 593.84
4311 2063.036
4311 869.102
4311 1555.366
4311 1488.794
4311 1126.56
4311 411.652
4311 791.86
4312 2525.852
4312 825.756
4312 486.696
4312 1095.334
4312 1356.808
4312 898.77
4312 1804.266
4312 403.626
4312 578.668
4312 2801.91
4312 913.95
4313 1376.742
4313 638.356
4313 3598.092
4313 1440.276
4313 1592.128
4313 3745.194
4313 770.108
4314 308.166
4314 1006.116
4314 854.054
4314 1343.208
4314 496.278
4314 919.932
4314 1639.318
4314 995.824
4314 1293.522
4314 1017.72
4314 632.336
4315 710.11
4315 580.418
4315 217.148
4315 860.234
4315 2660.832
4315 661.61
4315 748.5
4316 395.94
4316 591.546
4316 1495.368
4317 1013.556
4317 1357.248
4317 1025.462
4317 289.686
4317 778.746
4317 1580.378
4317 1467.23
4317 2710.834
4317 1109.886
4318 732.772
4318 795.776
4318 2583.47
4318 1395.44
4318 1170.002
4318 836.178
4318 1970.18
4319 2085.3
4319 566.66
4319 2037.486
4319 1721.478
4319 435.532
4320 1607.712
4320 469.582
4320 1543.438
4320 257.816
4320 364.882
4321 2387.38
4321 664.13
4321 736.584
4321 355.28
4321 936.124
4322 770.828
4322 1796.658
4322 1573.778
4322 2612.038
4322 709.908
4322 1273.592
4322 1014.376
4322 1258.444
4323 191.402
4323 704.628
4323 433.466
4323 503.562
4323 864.888
4323 847.02
4323 478.182
4323 576.904
4323 860.402
4323 2218.636
4323 1007.728
4324 492.768
4324 3185.49
4324 539.88
4324 823.038
4324 2417.768
4324 1727.79
4324 860.146
4324 522.6
4325 600.954
4325 532.806
4325 501.926
4325 1288.87
4325 779.1
4325 529.424
4325 2036.89
4325 1319.848
4325 911.264
4325 868.03
4325 503.83
4325 647.038
4326 236.294
4326 1095.168
4326 720.554
4326 770.838
4326 857.704
4326 1923.3
4326 1672.618
4326 1061.32
4326 1707.782
4326 550.48
4326 385.872
4326 1030.468
4326 1166.232
4326 748.238
4326 1399.776
4327 2361.436
4327 701.308
4327 1120.406
4327 1121.178
4327 1447.518
4328 1293.954
4328 2342.782
4328 2739.82
4328 1384.686
4328 724.942
4328 1231.286
4328 651.82
4328 351.306
4328 1613.692
4328 1481.294
4329 1505.674
4329 1866.166
4329 1396.024
4329 624.278
4329 2859.134
4329 1804.682
4329 1795.026
4329 1284.676
4329 738.338
4329 942.984
4329 1534.35
4329 722.472
4329 275.322
4329 1003.97
4329 655.078
4330 593.958
4330 1563.352
4330 1882.956
4330 1310.104
4330 844.062
4330 2683.334
4330 1351.804
4330 2945.598
4331 699.78
4331 665.87
4331 647.65
4331 1525.388
4331 2255.676
4331 393.646
4331 278.416
4331 1391.476
4331 1440.152
4331 828.008
4332 2569.566
4332 1486.21
4332 2209.28
4332 832.528
4332 1593.102
4332 1040.37
4332 589.014
4332 1696.79
4333 762.792
4333 2420.84
4333 652.786
4333 595.342
4333 784.102
4333 353.448
4333 2625.314
4333 1655.612
4333 811.744
4333 1552.082
4334 1958.754
4334 924.75
4334 873.584
4334 696.082
4334 786.398
4334 742.936
4334 1542.058
4334 870.944
4335 472.386
4335 494.644
4335 1059.28
4335 1374.844
4335 331.286
4335 1315.698
4335 1374.766
4335 1432.648
4335 902.468
4336 2263.196
4336 832.072
4336 740.952
4336 418.702
4336 1510.232
4336 705.618
4336 1423.722
4336 940.104
4336 337.82
4337 563.784
4337 2366.464
4337 444.936
4337 1606.714
4337 660.834
4337 2294.83
4337 1334.01
4337 1543.518
4337 1548.366
4337 1214.78
4338 2498.938
4338 2096.408
4338 384.132
4338 1779.99
4338 503.618
4338 2103.756
4338 878.494
4338 1604.566
4338 911.808
4338 1515.826
4338 1255.576
4338 1676.702
4338 928.538
4338 726.052
4338 1766.5
4339 661.094
4339 1805.376
4339 1077.83
4339 1170.89
4339 1110.75
4339 720.276
4339 946.8
4339 2049.192
4339 1201.03
4339 688.73
4339 1377.308
4340 1449.942
4340 1103.814
4340 533.044
4340 224.326
4340 1661.06
4340 417.94
4340 1872.816
4341 1447.484
4341 536.664
4341 350.412
4341 569.336
4341 1033.372
4341 1725.556
4341 384.02
4341 1500.84
4341 753.424
4342 1221.434
4342 1833.444
4342 4358.852
4342 836.142
4342 1029.832
4342 1179.916
4342 1689.39
4342 555.98
4342 945.112
4343 1813.934
4343 708.984
4343 2501.42
4343 526.418
4343 992.456
4343 1050.724
4343 1504.424
4343 2506.296
4343 1412.53
4344 1581.852
4344 631.82
4344 2274.228
4344 741.22
4344 963.794
4344 4904.836
4344 780.25
4344 1797.388
4344 2255.952
4344 388.508
4344 1433.206
4345 1854.002
4345 2709.562
4345 1260.016
4345 1676.508
4345 463.454
4345 1703.48
4345 448.962
4345 1535.128
4346 874.38
4346 737.248
4346 1278.756
4346 961.114
4346 747.55
4346 870.226
4346 1269.572
4346 570.866
4346 569.15
4346 923.156
4347 1456.542
4347 626.706
4347 580.242
4347 309.21
4347 915.18
4347 1683.09
4347 725.456
4347 881.906
4347 1312.646
4347 1112.924
4347 1178.748
4347 1134.208
4347 651.776
4347 918.866
4347 692.462
4348 1323.284
4348 1528.658
4348 295.86
4348 923.086
4348 1130.976
4348 1448.412
4348 712.288
4348 294.896
4348 791.816
4348 1323.766
4348 1269.166
4349 1044.948
4349 1881.904
4349 1286.216
4349 3465.474
4349 3320.08
4349 1865.844
4349 1034.692
4349 1674.758
4349 1002.358
4350 476.922
4350 504.558
4350 1284.506
4350 719.538
4350 1221.228
4350 857.238
4350 4934.978
4350 1531.208
4351 810.25
4351 322.554
4351 340.674
4351 409.728
4351 1300.116
4351 2728.836
4351 1828.376
4351 346.552
4351 1593.462
4352 1162.538
4352 263.69
4352 432.186
4352 767.066
4352 974.352
4352 1293.02
4352 271.616
4352 789.882
4353 826.41
4353 782.782
4353 2831.006
4353 2290.218
4353 711.06
4353 1826.936
4353 2466.418
4353 1057.082
4354 474.108
4354 1223.694
4354 281.47
4354 1391.84
4354 1482.34
4354 928.616
4354 260.24
4354 1421.652
4354 465.296
4355 1311.428
4355 848.742
4355 776.488
4355 2265.164
4355 970.358
4355 736.684
4355 2796.818
4355 335.246
4355 877.478
4355 898.2
4355 321.098
4355 1372.8
4355 946.502
4355 348.39
4356 2169.886
4356 991.324
4356 2303.938
4356 728.198
4356 572.016
4356 1441.712
4356 691.974
4356 2186.334
4356 802.178
4356 350.356
4357 3244.256
4357 906.01
4357 878.48
4357 776.96
4357 1535.362
4357 1442.802
4358 496.336
4358 1026.958
4358 1151.502
4358 1793.428
4358 725.478
4358 576.11
4358 590.698
4359 1596.554
4359 688.66
4359 633.614
4359 2999.096
4359 828.536
4359 1668.004
4359 767.6
4359 635.808
4360 1393.446
4360 765.238
4360 2996.816
4360 3015.974
4360 1332.752
4360 1577.56
4360 867.18
4360 1246.624
4360 1164.768
4360 684.094
4361 483.528
4361 1359.242
4361 1092.412
4361 2242.384
4361 705.53
4361 2000.608
4361 1256.484
4361 510.958
4361 2454.834
4361 1375.566
4361 956.406
4362 588.222
4362 1069.964
4362 245.4
4362 1012.34
4362 579.272
4362 2035.534
4362 1082.05
4362 463.522
4362 754.206
4362 1028.134
4362 464.982
4362 755.306
4363 604.592
4363 1023.488
4363 1054.658
4363 1179.716
4363 1282.224
4363 399.582
4363 529.73
4363 1307.528
4363 1224.278
4363 1645.008
4363 1459.272
4364 1263.76
4364 1643.892
4364 1728.066
4364 1819.036
4364 942.208
4364 3133.966
4365 3107.158
4365 307.542
4365 1860.762
4365 879.058
4365 630.912
4365 501.05
4365 1818.592
4366 902.878
4366 1634.48
4366 620.692
4366 954.824
4366 638.52
4366 750.31
4366 1342.61
4367 818.41
4367 720.806
4367 1269.786
4367 558.98
4367 1062.032
4367 1217.466
4367 750.716
4367 558.46
4367 640.902
4367 1193.28
4368 858.194
4368 461.192
4368 437.62
4368 1312.75
4368 1249.346
4368 1292.226
4368 694.184
4368 1421.042
4368 235.358
4368 2727.288
4368 2841.02
4368 1191.896
4369 886.744
4369 1566.728
4369 1084.454
4369 439.356
4369 1074.364
4369 848.256
4369 436.53
4369 397.6
4369 1619.582
4369 1910.462
4370 1363.81
4370 468.766
4370 929.398
4370 1508.478
4370 668.046
4370 1636.622
4371 849.62
4371 527.18
4371 1520.2
4371 379.35
4371 1410.606
4372 797.436
4372 482.028
4372 605.402
4372 520.496
4372 645.068
4372 285.228
4372 2025.952
4373 582.33
4373 490.798
4373 739.702
4373 323.372
4373 477.714
4373 2378.228
4373 1221.488
4373 744.144
4373 311.944
4374 623.168
4374 1581.912
4374 860.624
4374 1167.462
4374 1603.018
4374 1855.222
4374 340.462
4374 616.62
4374 1023.3
4374 1226.118
4374 877.43
4374 1064.428
4374 971.746
4374 2742.842
4375 1228.248
4375 824.616
4375 692.276
4375 399.788
4375 981.916
4375 498.714
4376 490.84
4376 610.204
4376 1289.154
4376 398.074
4376 907.298
4376 816.458
4376 744.708
4376 946.118
4376 2770.766
4376 855.934
4376 2141.996
4376 334.612
4376 782.34
4377 804.71
4377 483.664
4377 592.874
4377 1627.984
4377 906.566
4377 1346.546
4377 1118.48
4377 526.824
4377 991.974
4377 2171.506
4377 717.444
4377 510.062
4377 606.654
4377 2761.536
4377 1795.462
4377 1160.444
4377 809.252
4377 1709.074
4378 2722.53
4378 541.948
4379 784.252
4379 817.93
4379 1262.34
4379 373.362
4379 1795.874
4379 490.198
4379 652.45
4379 2741.124
4379 383.066
4379 2683.096
4379 340.236
4379 942.538
4379 799.992
4380 834.558
4380 1990.544
4380 506.044
4380 499.43
4380 343.91
4380 1030.642
4380 595.88
4380 585.28
4380 384.678
4381 822.498
4381 2716.026
4381 2001.068
4381 770.008
4381 1673.688
4381 667.354
4381 1359.374
4381 1709.99
4381 999.248
4381 1012.368
4381 3268.886
4381 930.44
4381 970.66
4382 1475.784
4382 4151.72
4382 598.624
4382 1875.84
4382 1131.696
4382 1437.254
4382 808.768
4382 2039.328
4382 1230.358
4383 372.196
4383 484.924
4383 741.784
4383 1252.732
4383 2213.134
4383 941.84
4383 819.234
4383 1298.356
4384 974.356
4384 654.384
4384 786.25
4384 1577.146
4384 312.75
4384 1498.6
4384 1824.128
4384 630.064
4384 2388.908
4384 1578.282
4384 3119.916
4384 1053.824
4384 1400.092
4384 1351
4385 519.42
4385 667.616
4385 1931.21
4385 1281.514
4385 500.236
4385 445.106
4385 973.138
4386 1363.77
4386 3821.368
4386 946.482
4386 1775.738
4386 1943.636
4386 594.714
4386 292.754
4386 466.97
4386 768.762
4386 386.568
4387 763.924
4387 1053.624
4387 415.264
4387 1366.42
4387 2454.508
4387 1283.18
4387 409.864
4387 2460.536
4387 931.306
4387 1007.07
4387 1072.008
4388 372.664
4388 975.618
4388 314.902
4388 1325.338
4388 761.498
4388 1449.314
4388 1089.226
4388 1146.49
4388 643.958
4388 735.698
4388 516.958
4388 703.758
4389 853.998
4389 2350.504
4389 680.038
4389 576.05
4389 1720.212
4389 359.35
4389 1503.598
4389 1357.972
4389 852.448
4389 1084.618
4389 1064.37
4389 1686.482
4389 2509.234
4390 1108.02
4390 691.856
4390 2339.724
4390 438.492
4390 1040.408
4390 978.762
4391 1205.37
4391 1924.204
4391 2368.256
4391 3094.364
4391 449.164
4391 1004.46
4391 572.8
4391 766.148
4391 952.532
4391 573.902
4392 928.032
4392 493.506
4392 1425.142
4392 914.57
4392 778.044
4392 584.022
4392 1253.894
4392 826.724
4392 2220.01
4392 1060.622
4392 1327.442
4393 365.408
4393 398.818
4393 754.148
4393 471.744
4393 626.238
4393 720.72
4393 1147.36
4394 633.082
4394 746.726
4394 1578.014
4394 892.01
4394 1414.07
4394 501.434
4394 709.134
4394 1528.172
4394 545.396
4394 2798.346
4394 939.682
4394 939.07
4395 1533.918
4395 241.68
4395 1569.212
4395 363.11
4395 815.628
4395 2207.76
4395 1326.972
4395 1452.24
4395 553.68
4395 1820.014
4395 2883.862
4395 3132.294
4395 1179.562
4396 245.844
4396 1501.398
4396 730.176
4396 1496.862
4396 854.048
4396 1273.73
4396 640.288
4396 1211.026
4396 3311.084
4396 2951.006
4396 914.796
4396 461.308
4397 2037.132
4397 385.926
4397 568.442
4397 710.624
4397 832.564
4397 1449.626
4397 1164.616
4397 532.978
4397 339.934
4398 1002.582
4398 1190.422
4398 2445.356
4398 1091.064
4398 1491.844
4398 1182.514
4398 267.444
4398 819.67
4398 702.346
4398 357.72
4398 273.024
4398 1025.912
4399 509.376
4399 716.804
4399 944.096
4399 1213.938
4399 819.788
4399 555.99
4400 1189.798
4400 685.686
4400 974.578
4400 407.038
4400 1391.512
4400 669.48
4400 470.458
4400 636.958
4400 1096.294
4400 401.314
4400 1221.762
4401 508.198
4401 795.722
4401 2537.89
4401 505.302
4401 675.356
4401 672.574
4401 573.064
4401 1019.892
4402 1382.58
4402 910.538
4402 400.378
4402 438.312
4402 1312.026
4402 1272.324
4402 785.408
4402 1068.254
4402 741.002
4403 294.236
4403 569.948
4403 979.196
4403 1179.414
4403 1569.118
4403 1462.176
4403 415.878
4403 1218.01
4403 1317.52
4403 1310.392
4403 537.476
4403 1738.168
4403 417.552
4403 1462.882
4403 2532.516
4404 607.118
4404 714.206
4404 2377.334
4404 619.864
4404 1034.238
4404 672.202
4404 1642.252
4404 747.894
4404 496.862
4404 808.822
4404 1715.01
4404 4044.588
4405 782.19
4405 433.274
4405 715.228
4405 372.03
4405 221.316
4405 1061.27
4405 505.018
4405 786.422
4405 790.886
4405 752.546
4406 295.082
4406 1375.022
4406 2429.684
4406 1024.684
4406 1290.908
4406 1047.676
4406 498.806
4406 658.246
4406 1459.142
4407 2296.626
4407 1012.622
4407 690.048
4407 835.252
4407 918.408
4407 1456.732
4407 1396.34
4407 267.112
4407 892.442
4407 1596.912
4407 1563.462
4407 899.266
4407 1345.926
4407 825.29
4407 1882.998
4407 1013.746
4408 1282.236
4408 1363.858
4408 2170.952
4408 3409.028
4408 923.664
4409 592.696
4409 469.49
4409 1748.912
4409 1126.774
4409 620.098
4409 1378.36
4409 780.342
4409 1232.784
4410 1299.284
4410 565.816
4410 1586.766
4410 712.248
4410 844.586
4410 924.87
4410 694.83
4410 805.818
4410 1116.154
4410 688.67
4410 416.972
4411 1253.834
4411 371.532
4411 1550.154
4411 1143.83
4411 1614.22
4411 1214.216
4411 1135.322
4411 1056.976
4412 488.328
4412 468.046
4412 787.672
4412 1497.26
4412 322.996
4412 1189.692
4412 620.554
4412 892.044
4413 389.888
4413 1070.822
4413 1942.56
4413 632.14
4413 1355.532
4413 1155.664
4413 404.636
4413 1119.916
4413 340.132
4413 548.46
4413 469.696
4413 1354.346
4413 1305.502
4413 3821.21
4413 1233.978
4413 1455.784
4413 748.738
4414 456.29
4414 1141.006
4414 1484.474
4414 2298.73
4414 753.85
4414 983.7
4414 1889.654
4414 733.176
4414 1026.582
4414 295.09
4415 693.702
4415 588.862
4415 1635.534
4415 745.132
4415 1153.706
4415 888.704
4416 848.626
4416 454.932
4416 989.89
4416 531.924
4416 612.904
4416 989.752
4416 452.168
4416 2251.316
4416 785.676
4416 2329.546
4417 644.34
4417 1451.01
4417 1234.994
4417 1343.692
4417 438.162
4417 2204.204
4417 2128.234
4417 576.728
4417 570.118
4417 457.836
4417 1417.972
4418 468.278
4418 1489.262
4418 1543.476
4418 844.524
4418 478.224
4418 966.57
4418 425.04
4418 2708.76
4418 624.822
4418 907.86
4418 771.626
4419 3182.436
4419 1596.542
4419 1944.312
4419 940.342
4419 659.886
4419 1599.366
4419 490.486
4419 1781.466
4419 1161.76
4419 577.886
4419 4076.99
4419 796.86
4419 954.93
4419 1678.654
4420 541.718
4420 612.774
4420 1088.246
4420 498.778
4420 1118.25
4420 1614.228
4420 544.614
4420 199.88
4420 679.198
4420 1218.602
4420 504.63
4420 2112.674
4421 607.37
4421 1304.804
4421 1596.436
4421 881.39
4421 708.754
4421 3411.006
4421 603.806
4421 680.03
4421 369.342
4421 1193.38
4421 658.034
4421 1999.726
4422 758.01
4422 1975.02
4422 356.166
4422 1238.824
4422 656.258
4422 1174.408
4422 856.936
4422 1526.38
4422 671.698
4422 2944.458
4422 1429.642
4422 869.642
4423 1104.498
4423 845.154
4423 690.742
4423 887.1
4423 2475.508
4423 894.556
4423 785.784
4423 2038.442
4423 1249.89
4424 458.284
4424 1007.068
4424 2094.416
4424 2783.112
4424 383.1
4424 608.166
4424 581.186
4424 3087.34
4424 1011.024
4424 819.954
4424 2269.654
4424 924.428
4424 2908.89
4425 412.01
4425 737.316
4425 636.76
4425 921.28
4425 990.094
4425 1178.462
4425 1575.782
4425 577.544
4425 659.296
4426 861.734
4426 1522.186
4426 1682.36
4426 495.848
4426 168.464
4426 718.04
4426 2208.694
4426 813.74
4426 1956.686
4426 2163.148
4426 625.008
4426 2186.838
4426 1279.146
4427 2145.468
4427 872.336
4427 834.214
4427 637.434
4427 943.5
4427 1835.982
4427 833.06
4427 1972.866
4427 704.752
4427 1546.614
4427 1709.694
4427 816.344
4428 521.232
4428 605.584
4428 1614.086
4428 331.992
4428 255.588
4428 956.738
4428 1028.808
4429 929.666
4429 978.268
4429 563.552
4429 771.49
4429 748.154
4429 511.652
4429 537.91
4429 683.64
4430 1280.144
4430 434.612
4430 1286.756
4430 996.976
4430 2574.91
4430 620.838
4430 736.09
4430 536.798
4431 1791.284
4431 1005.87
4431 769.084
4431 2124.276
4431 2047.454
4431 350.26
4431 2338.438
4431 1076.26
4431 457.818
4431 1458.664
4431 994.73
4431 707.156
4431 582.29
4431 702.806
4431 1285.732
4432 1603.17
4432 793.31
4432 800.108
4432 1571.176
4432 1759.77
4432 709.784
4432 703.536
4432 858.524
4432 1011.492
4432 1411.736
4432 697.16
4432 2560.24
4432 937.654
4432 592.132
4433 271.188
4433 846.836
4433 384.144
4433 1057.362
4433 610.098
4433 743.882
4433 796.682
4433 1289.11
4433 1060.902
4433 498.488
4433 324.098
4433 597.284
4433 571.184
4433 843.45
4433 645.79
4434 833.652
4434 749.406
4434 767.946
4434 1337.128
4434 864.454
4434 866.172
4434 887.09
4434 425.524
4434 1043.952
4434 1352.588
4435 1209.234
4435 897.538
4435 1045.444
4435 960.62
4435 1967.49
4435 602.45
4435 791.032
4435 1260.496
4435 839.364
4436 435.036
4436 1396.592
4436 1470.698
4436 879.316
4436 1883.798
4437 581.826
4437 1580.536
4437 1409.72
4437 3732.392
4437 641.26
4437 243.084
4437 1496.086
4437 773.508
4437 508.876
4438 464.444
4438 1187.418
4438 687.648
4438 675.27
4439 1095.956
4439 764.864
4439 1127.088
4439 1206.058
4439 1268.902
4439 509.586
4439 502.038
4439 878.172
4439 2023.632
4439 664.296
4439 2045.928
4439 2882.104
4440 1163.854
4440 682.184
4440 1406.422
4440 686.026
4440 577.01
4440 433.104
4441 265.356
4441 2130.894
4441 1322.726
4441 1144.454
4441 1093.374
4441 570.234
4441 373.292
4441 1507.528
4442 549.46
4442 1963.214
4442 665.072
4442 747.934
4442 1060.94
4443 924.204
4443 2444.862
4443 2253.508
4443 393.244
4443 1529.754
4443 473.644
4443 518.096
4443 1128.846
4443 840.644
4444 396.802
4444 745.12
4444 1713.71
4444 2596.858
4444 893.4
4444 572.374
4444 674.424
4444 465.39
4445 520.176
4445 631.16
4445 665.958
4445 2804.892
4445 860.364
4445 810.772
4445 440.21
4445 1392.724
4446 672.284
4446 2043.712
4446 1310.302
4446 2193.8
4446 379.596
4446 761.352
4446 1299.86
4446 736.284
4446 1040.648
4446 1706.806
4446 1720.044
4446 1607.59
4447 1121.42
4447 1557.988
4447 581.634
4447 775.678
4447 1349.05
4447 2865.862
4447 742.172
4447 1094.206
4447 1038.174
4447 325.29
4448 1703.48
4448 504.578
4448 719.678
4448 525.73
4448 991.842
4448 1095.172
4448 333.36
4448 1099.412
4448 1332.01
4448 1851.474
4448 770.322
4449 967.502
4449 640.662
4449 343.81
4449 2403.476
4449 1470.86
4449 3076.606
4449 326.438
4449 1893.328
4449 1460.602
4449 241.766
4449 589.182
4450 1024.73
4450 774.16
4450 2646.336
4450 339.444
4450 729.934
4451 1062.67
4451 1028.282
4451 1934.842
4451 898.952
4451 3256.626
4451 630.77
4451 355.312
4451 1556.898
4452 445.328
4452 996.97
4452 955.538
4452 938.908
4452 742.888
4452 864.916
4452 580.094
4452 1039.468
4452 915.948
4453 992.354
4453 867.36
4453 710.282
4453 612.914
4453 992.39
4453 964.376
4453 1098.88
4453 2092.716
4454 815.154
4454 1616.73
4454 1964.356
4454 529.346
4454 837.95
4454 611.182
4454 621.52
4454 921.976
4455 1139.206
4455 1233.832
4455 859.476
4455 1123.18
4455 604.33
4455 1072.626
4455 1100.608
4455 754.152
4455 1322.548
4455 710.854
4455 2576.432
4456 1050.09
4456 691.89
4456 1391.258
4456 522.99
4456 1580.928
4456 362.618
4457 1137.036
4457 270.414
4457 1168.182
4457 1002.298
4457 1149.6
4457 1414.742
4457 276.016
4458 2644.582
4458 646.132
4458 1499.142
4458 1709.086
4458 890.424
4458 1604.292
4458 743.236
4458 260.434
4458 1437.73
4458 514.584
4458 296.524
4458 724.55
4458 1119.684
4458 2721.312
4459 282.04
4459 1018.002
4459 1270.39
4459 2526.502
4459 1858.25
4459 1373.228
4460 1026.276
4460 389.63
4460 509.736
4460 500.184
4460 1167.404
4460 1489.854
4460 344.17
4460 784.55
4460 464.724
4460 2411.432
4461 1090.488
4461 350.212
4461 918.696
4461 2556.42
4461 687.626
4461 1427.838
4461 636.032
4461 1787.966
4461 686.012
4461 2256.404
4461 1899.258
4461 550.24
4462 3494.942
4462 560.216
4462 848.454
4462 518.456
4462 535.868
4462 519.738
4462 780.81
4462 299.412
4462 1201.708
4462 814.362
4462 1353.558
4463 1867.294
4463 1921.282
4463 704.44
4463 762.504
4463 835.51
4463 868.394
4463 1325.514
4463 525.752
4463 2263.124
4463 1681.83
4463 684.572
4463 1079.616
4463 2522.826
4463 2386.622
4463 625.312
4463 917.42
4463 2165.852
4464 588.27
4464 1286.716
4464 1482.314
4464 609.434
4464 2063.632
4465 379.488
4465 562.46
4465 2138.576
4465 833.666
4466 1257.12
4466 2090.132
4466 804.498
4466 1429.398
4466 944.692
4466 951.346
4466 530.644
4466 2003.93
4467 1167.42
4467 461.274
4467 1323.592
4467 716.384
4467 1569.764
4468 3717.66
4468 945.674
4468 1351.786
4468 646.228
4468 2095.24
4468 1188.752
4468 602.862
4469 907.362
4469 2714.872
4469 674.988
4469 770.888
4469 1310.99
4469 626.686
4469 804.656
4469 2164.884
4469 589.438
4469 1060.392
4469 338.714
4469 919.754
4469 977.738
4469 570.096
4469 1179.804
4469 820.916
4469 1960.134
4469 3780.736
4470 387.53
4470 1866.424
4470 984.912
4470 2377.452
4470 1006.462
4470 789.088
4470 2311.548
4470 549.606
4470 814.238
4470 565.754
4471 714.262
4471 1982.246
4471 1241.66
4471 1492.078
4471 1416.288
4471 1708.866
4471 837.39
4471 971.89
4471 1704.6
4471 959.422
4472 835.132
4472 918.85
4472 1413.34
4472 692.704
4472 857.496
4472 575.288
4473 466.194
4473 1189.534
4473 392.426
4473 759.414
4473 1572.048
4473 601.284
4473 655.576
4473 789.542
4473 702.74
4474 768.194
4474 453.168
4474 1362.46
4474 2076.68
4474 2023.724
4474 2482.11
4475 421.52
4475 1476.86
4475 791.17
4475 893.054
4475 648.332
4475 1361.786
4475 766.65
4475 263.348
4475 746.34
4476 674.226
4476 1209.734
4476 315.94
4476 3480.12
4476 921.864
4476 1090.398
4476 878.272
4476 661.068
4476 881.474
4476 2398.894
4476 534.486
4476 509.53
4477 1288.782
4477 610.012
4477 809.352
4477 1951.634
4477 699.012
4477 521.006
4477 2801.876
4477 596.486
4477 693.882
4477 1267.062
4478 920.782
4478 364.164
4478 684.26
4478 467.93
4478 887.668
4478 1030.476
4478 1035.872
4478 1016.738
4478 1736.286
4478 893.116
4478 504.768
4478 1080.644
4479 542.22
4479 905.258
4479 836.118
4479 2468.25
4479 1842.578
4479 422.432
4479 568.22
4479 841.456
4479 734.614
4479 1555.536
4479 1033.98
4479 1038.206
4479 746.316
4479 1562.092
4480 494.402
4480 1455.398
4480 2023.458
4480 1926.032
4480 1245.362
4481 1753.062
4481 431.97
4481 1061.51
4481 1632.938
4481 544.164
4481 592.43
4481 515.17
4481 3768.316
4481 1234.754
4481 308.258
4481 356.454
4481 1499.976
4482 1019.8
4482 1823.316
4482 565.018
4482 1671.968
4482 685.436
4482 813.496
4482 312.748
4482 633.012
4483 680.03
4483 523.456
4483 666.522
4483 511.846
4483 491.616
4483 2100.176
4483 816.378
4483 632.606
4484 2558.134
4484 1549.23
4484 1594.828
4484 1223.516
4484 1364.052
4484 389.988
4484 640.35
4485 1067.916
4485 722.052
4485 552.336
4485 542.854
4485 753.736
4485 609.742
4485 699.354
4485 1295.932
4486 1221.46
4486 468.244
4486 1105.178
4486 785.206
4486 1043.82
4486 1127.418
4486 1128.096
4486 2985.596
4486 952.62
4486 260.092
4487 1290.204
4487 449.482
4487 1232.494
4487 3838.426
4487 997.592
4487 2161.694
4487 434.592
4488 1232.902
4488 576.118
4488 532.15
4488 1083.48
4488 1079.146
4488 1017.56
4488 857.702
4488 2018.684
4488 1957.172
4488 766.17
4488 1208.898
4488 536.114
4489 2033.136
4489 1437.766
4489 989.138
4489 801.616
4489 970.038
4489 1195.404
4489 434.838
4489 2197.776
4489 1152.496
4489 1041.388
4489 1442.18
4489 965.024
4489 673.324
4489 895.444
4489 429.314
4489 1133.296
4490 1637.972
4490 1492.77
4490 2349.268
4490 1386.326
4490 391.15
4490 426.93
4490 847.582
4490 1356.55
4490 484.212
4491 766.43
4491 1599.134
4491 990.126
4491 2806.414
4491 1756.54
4491 1664.124
4491 1141.876
4491 959.362
4491 789.122
4491 1104.568
4491 1059.16
4492 2675.582
4492 708.396
4492 872.962
4492 1943.12
4492 753.204
4492 1332.086
4492 2720.584
4492 683.876
4492 374.866
4492 2024.756
4492 1482.05
4492 792.002
4493 396.244
4493 1489.558
4493 1288.036
4493 1964.41
4493 1642.084
4493 900.352
4493 925.328
4493 948.768
4494 1598.912
4494 1093.648
4494 3361.392
4494 974.338
4494 265.536
4494 5007.216
4494 1257.952
4494 794.806
4494 687.432
4494 1613.984
4494 1303.024
4494 907.608
4494 752.066
4494 1949.378
4494 935.508
4494 1519.124
4495 2592.502
4495 1323.486
4495 1285.644
4495 1408.416
4495 460.594
4495 533.24
4495 788.004
4495 1653.52
4496 674.578
4496 974.128
4496 1585.46
4496 411.112
4496 1326.868
4496 816.38
4496 1005.512
4497 864.556
4497 546.27
4497 716.862
4497 376.43
4497 862.242
4497 3030.234
4497 984.436
4498 1769.196
4498 1307.784
4498 386.868
4498 873.374
4498 628.168
4498 1120.758
4498 619.262
4498 2277.026
4498 1004.376
4499 2226.322
4499 714.834
4499 850.464
4499 1464.404
4499 1091.206
4499 1017.56
4499 555.868
4500 1103.648
4500 881.542
4500 1730.236
4500 574.916
4500 1029.618
4500 935.89
4500 1666.982
4500 957.826
4500 1231.762
4500 4383.186
4501 512.984
4501 947.13
4501 543.73
4501 510.596
4501 509.52
4501 1008.62
4501 1382.91
4501 886.176
4502 1207.254
4502 535.652
4502 1185.598
4502 898.116
4502 2246.938
4502 1154.056
4502 322.742
4502 767.428
4502 623.454
4502 1443.806
4502 632.704
4502 1019.006
4502 620.946
4503 371.308
4503 1205.464
4503 413.722
4503 2960.88
4503 494.066
4503 627.094
4503 364.646
4503 422.978
4503 1676.416
4503 3075.86
4503 1064.98
4503 1424.4
4503 718.626
4503 2169.016
4503 1186.008
4504 1585.828
4504 858.102
4504 1190.42
4504 1231.704
4504 844.258
4504 617.44
4504 1992.252
4504 1073.404
4504 473.896
4504 930.68
4505 409.542
4505 741.546
4505 2213.792
4505 1035.932
4505 686.168
4505 930.802
4505 542.956
4505 1689.788
4505 1531.01
4505 1940.172
4505 1523.618
4505 1424.124
4505 661.592
4506 1020.834
4506 257.7
4506 591.606
4506 916.278
4506 294.522
4506 672.18
4506 1136.54
4506 1260.634
4506 1235.052
4506 1571.098
4506 573.608
4506 986.63
4506 3291.54
4506 1817.338
4507 337.448
4507 1795.904
4507 792.494
4507 446.61
4507 1755.986
4507 1088.554
4507 1461.57
4507 2049.51
4507 1171.064
4508 1329.264
4508 3195.736
4508 1135.968
4508 2126.57
4508 1482.77
4508 1379.508
4508 1252.53
4508 1711.372
4508 1925.486
4508 1380.184
4508 1245.018
4508 1822.99
4508 3258.932
4509 2360.014
4509 560.802
4509 1403.904
4509 1234.294
4509 777.584
4509 659.88
4509 1239.92
4509 1461.706
4509 638.278
4510 364.372
4510 541.188
4510 1361.292
4510 619.116
4510 760.65
4510 903.024
4510 875.374
4510 764.044
4510 498.934
4510 720.286
4510 876.692
4510 433.836
4510 783.078
4510 718.564
4511 701.336
4511 817.834
4511 2170.098
4511 738.934
4511 795.472
4511 368.776
4511 1161.544
4511 1181.31
4511 502.82
4512 1722.384
4512 987.348
4512 911.982
4512 786.466
4512 1801.194
4512 3063.242
4512 2025.806
4512 2336.858
4513 1355.942
4513 1578.878
4513 3840.658
4513 1204.896
4513 798.304
4513 942.586
4513 1097.724
4513 1140.864
4514 1198.686
4514 676.842
4514 1005.708
4514 413.56
4514 1277.524
4514 1344.108
4514 1280.566
4514 709.508
4514 1790.846
4514 2281.536
4514 1646.398
4514 400.27
4514 1258.628
4515 1704.324
4515 2272.508
4515 573.228
4515 669.006
4515 932.32
4515 606.1
4515 650.222
4515 629.206
4515 697.372
4516 1011.88
4516 1468.4
4516 1163.87
4516 2557.018
4516 725.722
4516 543.978
4516 1096.818
4516 2707.438
4516 421.442
4516 773.288
4516 1326.61
4516 520.246
4516 963.624
4517 870.358
4517 645.726
4517 699.348
4517 821.256
4517 564.396
4517 1490.732
4517 1041.936
4518 1033.526
4518 3509.294
4518 810.338
4518 1066.274
4518 1241.75
4518 1681.07
4518 2160.68
4518 486.726
4518 1132.824
4518 3682.602
4518 640.646
4518 1759.454
4518 664.952
4518 531.206
4518 2043.578
4518 501.414
4519 2517.622
4519 1406.986
4519 471.286
4519 2294.57
4519 1153.72
4519 737.394
4520 490.476
4520 928.216
4520 3573.976
4520 609.548
4520 2891.314
4520 716.218
4520 488.248
4520 644.98
4520 350.826
4520 684.69
4520 566.484
4520 1828.724
4520 885.71
4520 318.886
4520 932.962
4521 421.834
4521 1058.054
4521 412.058
4521 1758.468
4521 1102.972
4521 972.762
4521 1459.186
4521 2626.966
4521 243.078
4522 916.458
4522 1070.166
4522 493.476
4522 777.832
4522 846.49
4522 1115.012
4522 876.868
4522 602.154
4522 746.726
4522 1971.524
4522 1214.318
4522 489.552
4522 808.182
4522 473.478
4522 726.656
4522 663.376
4523 1419.15
4523 1658.638
4523 740.962
4523 856.516
4523 2700.026
4523 546.03
4523 846.73
4523 2152.072
4523 368.224
4523 2027.768
4524 947.808
4524 944.564
4524 713.258
4524 2486.908
4524 713.412
4524 2603.676
4524 2752.086
4525 704.012
4525 626.31
4525 3727.646
4525 689.75
4525 2058.032
4525 684.79
4525 1810.162
4526 1291.504
4526 1108.616
4526 710.642
4526 389.922
4526 883.642
4526 1298.412
4527 1630.412
4527 251.204
4527 1273.696
4527 1378.936
4527 1357.742
4527 498.842
4527 1435.538
4527 1152.728
4527 813.574
4527 802.504
4528 877.628
4528 2337.452
4528 980.476
4528 2026.982
4528 777.806
4528 1401.136
4528 409.644
4529 576.898
4529 439.706
4529 373.638
4529 799.062
4529 1085.474
4529 226.056
4529 1123.152
4529 523.488
4529 1080.096
4529 970.43
4530 2773.392
4530 1005.43
4530 531.91
4530 1714.012
4530 872.772
4530 500.178
4530 440.888
4530 796.204
4530 950.58
4530 1782.34
4531 912.016
4531 1723.276
4531 952.792
4531 2693.934
4531 850.958
4531 1922.742
4531 477.644
4531 697.696
4531 707.126
4531 439.496
4531 1111.528
4531 1426.402
4531 1190.274
4531 935.406
4532 394.196
4532 2114.564
4532 449.69
4532 478.776
4532 562.042
4532 362.654
4532 1411.096
4532 489.21
4532 1283.46
4532 2460.67
4533 1008.682
4533 536.778
4533 1019.258
4533 460.296
4533 1695.882
4533 462.946
4534 561.442
4534 540.112
4534 1824.326
4534 1555.734
4534 461.272
4534 1576.132
4534 1485.472
4534 989.946
4534 1921.478
4534 578.452
4534 1976.404
4534 2442.914
4534 1054.286
4534 1043.514
4534 492.402
4534 1724.722
4534 5101.564
4534 813.694
4534 329.138
4534 1985.96
4534 886.26
4534 790.442
4534 700.542
4535 755.648
4535 975.724
4535 1288.096
4535 648.532
4535 1670.634
4535 753.352
4535 1680.798
4535 1380.826
4535 570.108
4535 874.626
4535 813.652
4536 1808.866
4536 2009.412
4536 559.968
4536 1263.678
4536 1325.882
4536 710.368
4536 543.616
4536 2691.37
4537 1920.044
4537 2545.828
4537 1419.268
4537 1219.69
4537 2472.898
4537 1273.286
4537 630.864
4537 479.008
4538 309.92
4538 255.352
4538 986.568
4538 1321.33
4538 853.064
4538 3003.134
4538 811.17
4538 935.804
4538 1132.278
4538 805.158
4538 845.552
4538 980.542
4538 519.076
4538 351.684
4539 341.27
4539 1676.07
4539 891.808
4539 1698.61
4539 322.71
4539 1026.018
4539 2118.816
4539 1186.986
4539 1468.296
4539 597.56
4539 895.216
4539 1061.314
4539 902.932
4539 351.74
4539 651.916
4539 356.534
4539 857.97
4539 1238.338
4539 835.76
4540 1131.67
4540 423.072
4540 361.774
4540 862.158
4540 1629.16
4540 1231.632
4540 1639.594
4540 893.59
4540 619.896
4540 591.204
4540 1324.096
4540 658.444
4541 1192.614
4541 437.016
4541 1261.44
4541 560.296
4541 529.332
4541 676.878
4541 1250.384
4541 1723.312
4541 874.712
4542 423.746
4542 1969.002
4542 1391.598
4542 1199.42
4542 980.2
4542 818.112
4542 540.858
4542 586.532
4542 289.996
4542 2448.786
4542 2158.28
4542 2826.146
4542 283.276
4542 479.192
4543 1196.73
4543 736.354
4543 531.65
4543 664.12
4543 2202.936
4543 350.792
4543 2686.22
4543 1242.222
4543 537.532
4544 1633.436
4544 567.154
4544 1384.792
4544 1964.378
4544 894.456
4544 2101.73
4544 621.698
4544 1523.148
4544 1636.026
4544 1048.456
4544 723.676
4545 231.112
4545 3151.602
4545 1167.948
4545 179.852
4545 874.796
4545 570.73
4545 1735.09
4545 2031.292
4545 1718.236
4545 591.18
4546 1436.056
4546 726.06
4546 795.978
4546 858.276
4546 462.486
4546 948.492
4546 871.802
4546 409.312
4546 1702.582
4547 501.628
4547 883.564
4547 905.796
4547 882.406
4547 1500.454
4547 1413.844
4547 1044.584
4547 2588.578
4547 417.61
4547 644.57
4547 1073.902
4547 1150.688
4548 398.614
4548 1109.69
4548 321.872
4548 1425.366
4548 1400.254
4548 1468.678
4548 1544.312
4548 2211.992
4548 2616.332
4549 706.552
4549 2625.15
4549 498.518
4549 1001.728
4549 1822.56
4549 1067.35
4549 561.378
4549 685.076
4549 601.484
4549 1406.2
4549 471.296
4549 1083.32
4549 318.102
4550 307.178
4550 1932.57
4550 449.554
4550 547.206
4550 2215.252
4550 471.238
4550 550.038
4550 413.694
4551 1666.172
4551 1636.218
4551 332.754
4551 1210.45
4551 2797.344
4551 667.576
4551 1104.922
4551 2280.672
4551 699.32
4551 839.424
4551 874.284
4551 700.912
4551 595.688
4551 3198.71
4551 505.354
4552 374.06
4552 837.028
4552 1809.736
4552 2432.664
4552 817.256
4552 555.154
4552 468.246
4552 519.686
4552 1259.644
4552 1090.27
4552 3372.082
4552 298.044
4552 1082.408
4553 795.426
4553 1640.014
4553 607.89
4553 1299.926
4553 266.208
4553 554.656
4553 318.184
4553 1634.996
4554 1316.9
4554 716.536
4554 738.416
4554 1384.9
4554 794.174
4554 1789.688
4555 835.612
4555 863.186
4555 1510.552
4555 588.132
4555 459.966
4555 2252.36
4556 500.342
4556 2895.56
4556 2289.526
4556 236.828
4556 864.906
4556 565.466
4556 992.464
4556 708.022
4557 1361.972
4557 1057.026
4557 1914.53
4557 767.014
4557 573.734
4557 1950.696
4557 1166.842
4557 466.518
4558 1266.646
4558 385.71
4558 1900.518
4558 1272.216
4558 2844.81
4558 1154.812
4558 994.308
4558 582.716
4558 905.748
4558 934.77
4558 2825.772
4559 1541.462
4559 382.05
4559 565.33
4559 1338.214
4559 710.706
4559 818.126
4559 2430.52
4560 1486.928
4560 1105.454
4560 437.578
4560 635.674
4560 545.004
4560 1327.456
4560 321.86
4560 648.948
4560 859.448
4560 978.204
4560 515.908
4560 1219.578
4560 2360.55
4561 935.4
4561 686.736
4561 594.408
4561 1950.504
4561 883.81
4561 1008.2
4561 831.492
4561 1409.92
4561 672.704
4561 568.66
4561 922.558
4561 640.238
4561 2112.734
4561 951.984
4562 1196.918
4562 1398.444
4562 1074.534
4562 2520.434
4562 887.53
4562 823.502
4562 911.24
4562 1434.208
4562 2252.926
4562 593.266
4562 920.544
4562 769.428
4562 648.314
4562 1340.028
4562 360.87
4562 3952.276
4562 1301.996
4562 1076.074
4563 719.982
4563 402.434
4563 925.16
4563 326.606
4563 660.642
4563 713.438
4564 217.578
4564 1877.044
4564 695.036
4564 3702.728
4564 491.132
4564 322.258
4564 591.504
4564 477
4564 2069.456
4565 1914.338
4565 885.994
4565 1224.198
4565 1260.25
4565 1937.438
4565 3043.478
4565 1265.448
4565 6784.698
4565 1089.984
4565 1329.802
4566 2859.334
4566 727.504
4566 913.906
4566 636.858
4566 1447.34
4566 370.402
4566 723.89
4566 1722.224
4567 2197.822
4567 1074.858
4567 1386.614
4567 874.004
4567 630.626
4567 707.378
4567 1337.524
4567 618.72
4568 1740.776
4568 351.696
4568 1606.956
4568 1083.114
4568 1038.782
4568 592.156
4568 848.562
4568 1687.65
4568 3413.57
4568 590.664
4568 2559.18
4568 3296.888
4569 1831.338
4569 986.308
4569 2246.232
4569 1849.68
4569 1423.328
4569 688.002
4569 1589.57
4569 938.248
4569 1522.59
4569 647.732
4569 4446.838
4570 1569.702
4570 1379.148
4570 376.626
4570 1706.398
4570 1500.146
4570 993.544
4570 416.602
4570 387.774
4570 1943.5
4570 452.482
4570 1126.668
4570 175.168
4571 892.876
4571 1296.742
4571 485.632
4571 604.67
4571 673.832
4572 971.652
4572 687.264
4572 1346.612
4572 3149.886
4572 686.226
4572 1051.43
4572 956.056
4572 1378.678
4572 649.166
4572 1456.416
4573 1032.484
4573 975.052
4573 818.632
4573 477.678
4573 1284.598
4573 1713.136
4573 453.574
4573 380.192
4573 784.066
4573 1178.714
4574 338.05
4574 1183.216
4574 701.016
4574 515.612
4574 1659.586
4574 1761.944
4574 889.558
4574 629.356
4574 414.376
4574 2115.272
4574 839.538
4574 315.768
4574 1783.652
4575 696.386
4575 921.342
4575 409.494
4575 541.988
4575 911.974
4575 438.476
4575 2820.798
4575 457.382
4576 1075.986
4576 1531.894
4576 1988.188
4576 877.358
4576 2115.326
4576 1965.374
4576 1565.494
4576 2514.998
4576 1933.51
4576 849.146
4576 1945.456
4576 1091.522
4577 1003.004
4577 862.412
4577 453.248
4577 569.152
4577 1058.35
4577 1015.55
4577 802.354
4577 529.794
4577 494.624
4577 1053.448
4577 2381.972
4578 2123.814
4578 4208.242
4578 644.468
4578 754.89
4578 803.89
4578 1912.04
4578 873.986
4578 632.288
4578 759.324
4578 974.102
4579 1995.89
4579 937.054
4579 619.012
4579 1059.686
4579 1979.516
4579 1197.246
4579 1181.624
4579 1285.808
4580 792.068
4580 748.786
4580 694.516
4580 2652.102
4580 2079.398
4580 1268.188
4581 467.598
4581 984.732
4581 2185.914
4582 4463.588
4582 436.178
4582 570.062
4582 1020.402
4582 2208.082
4582 2506.688
4582 946.264
4582 766.648
4582 1312.918
4582 2169.772
4583 1146.81
4583 798.688
4583 1718.552
4583 1412.448
4583 458.724
4583 613.834
4583 631.8
4583 1144.094
4583 976.036
4583 632.368
4583 1191.442
4583 1021.788
4583 1403.976
4583 465.722
4583 2832.582
4584 514.728
4584 1310.504
4584 665.534
4584 555.722
4584 2038.8
4584 1612.586
4584 887.902
4584 816.32
4584 713.056
4585 1523.72
4585 1179.348
4585 821.186
4585 916.08
4585 559.876
4585 1044.898
4585 1829.46
4585 972.904
4585 664.618
4585 2584.068
4586 739.434
4586 1676.826
4586 2846.728
4586 1178.234
4586 580.42
4586 886.674
4586 1744.53
4586 4312.156
4586 503.468
4586 1174.812
4586 1406.822
4586 2320.288
4587 1437.606
4587 649.718
4587 985.834
4587 648.432
4587 1025.408
4587 332.978
4587 571.446
4588 1273.24
4588 2240.468
4588 2184.726
4588 1756.172
4588 477.494
4588 389.334
4588 2013.24
4588 950.924
4588 940.786
4588 614.19
4588 1135.156
4588 1363.228
4588 966.428
4588 396.906
4588 1009.998
4589 881.664
4589 786.95
4589 716.818
4589 864.816
4589 852.928
4589 793.91
4589 1032.078
4589 2741.032
4589 864.394
4589 1291.996
4589 805.19
4590 1185.248
4590 243.016
4590 729.88
4591 450.698
4591 1450.772
4591 681.858
4591 2367.35
4591 1314.058
4591 964.87
4591 2546.506
4591 1341.418
4591 1148.95
4591 701.804
4592 368.098
4592 490.192
4592 878.892
4592 1456.436
4592 912.2
4592 723.7
4593 457.822
4593 2302.112
4593 775.576
4593 307.092
4593 1090.112
4593 1122.854
4593 272.974
4593 864.174
4593 1162.762
4593 1313.474
4594 450.402
4594 1354.396
4594 1511.254
4594 321.03
4594 3145.032
4594 1019.76
4594 886.456
4595 773.094
4595 756.688
4595 550.246
4595 315.074
4595 628.048
4595 960.38
4595 1084.914
4595 1073.21
4595 627.592
4595 2508.608
4595 866.176
4595 891.234
4596 910.206
4596 604.31
4596 1471.14
4596 849.35
4596 702.616
4596 449.778
4596 887.88
4596 691.484
4596 1073.81
4596 1178.498
4596 436.27
4596 716.876
4596 663.492
4596 1659.572
4596 2184.976
4597 300.126
4597 3266.67
4597 1308.262
4597 195.378
4597 2236.586
4597 547.818
4598 3611.484
4598 2735.132
4598 1012.506
4598 817.108
4598 303.302
4598 2100.52
4598 1159.604
4598 301.562
4598 1119.878
4598 914.962
4598 462.576
4599 1594.304
4599 660.614
4599 363.486
4599 849.872
4599 607.238
4599 655.366
4599 367.274
4599 356.27
4599 439.59
4600 987.036
4600 1096.394
4600 924.352
4600 2433.454
4600 476.856
4600 556.52
4600 730.13
4600 525.494
4600 1515.564
4600 750.138
4600 788.604
4600 1748.098
4600 1031.814
4601 823.626
4601 471.54
4601 543.53
4601 2283.568
4601 499.048
4601 899.164
4601 480.036
4601 944.55
4601 773.92
4602 650.874
4602 433.68
4602 2704.444
4602 2896.512
4602 470.708
4602 1106.166
4602 789.828
4602 1603.708
4602 922.492
4602 265.97
4602 1547.606
4602 2016.004
4603 370.346
4603 676.65
4603 1117.096
4603 1056.862
4603 1113.94
4604 1488.36
4604 427.714
4604 1904.588
4604 351.016
4604 1132.136
4604 1431.38
4604 756.722
4604 1747.948
4604 565.902
4604 616.742
4604 754.508
4604 946.848
4604 802.338
4605 2275.836
4605 995.24
4605 593.996
4605 1214.116
4605 2307.23
4605 1569.684
4605 1431.516
4605 1444.304
4605 2029.846
4605 2300.552
4605 1719.998
4605 361.64
4605 683.936
4606 1124.466
4606 786.576
4606 3547.898
4606 2560.748
4606 1576.176
4606 1102.1
4606 206.556
4606 2232.36
4606 3947.82
4606 1026.32
4606 403.64
4606 456.64
4606 2997.724
4606 886.938
4606 475.842
4607 621.956
4607 356.22
4607 222.416
4607 565.562
4607 498.334
4607 666.454
4607 1065.708
4607 1029.094
4607 1505.548
4607 777.154
4607 580.598
4607 1492.974
4607 609.918
4607 614.53
4608 1537.554
4608 901.904
4608 600.922
4608 877.84
4608 848.958
4608 1033.248
4608 549.606
4608 1903.012
4608 5061.444
4608 604.858
4608 1011.518
4608 642.862
4608 488.05
4608 588.296
4609 1393.802
4609 1664.358
4609 666.26
4609 2640.638
4609 459.932
4609 921.988
4609 982.424
4609 1252.998
4609 316.688
4609 2492.788
4609 1612.108
4609 948.316
4609 1314.834
4610 822.332
4610 567.594
4610 1351.7
4611 3052.87
4611 3338.086
4611 1309.158
4611 484.458
4611 1051.712
4611 800.592
4611 1171.156
4611 2182.868
4612 1597.942
4612 948.592
4612 1051.714
4612 724.052
4612 1706.358
4612 461.768
4613 1128.088
4613 1120.84
4613 924.428
4613 714.854
4613 584.506
4613 1372.45
4613 597.516
4613 1969.086
4613 507.476
4613 427.44
4613 411.602
4613 2718.946
4613 626.03
4613 1340.818
4613 862.514
4613 1387.018
4613 522.662
4613 573.054
4614 747.85
4614 757.658
4614 870.928
4614 385.066
4614 509.982
4614 1006.206
4614 465.96
4614 851.412
4614 1214.362
4614 1794.42
4615 1112.914
4615 976.372
4615 2162.804
4615 1629.492
4615 608.574
4615 1388.64
4615 1077.598
4615 717.378
4615 1717.306
4615 1533.294
4615 1099.24
4616 1353.372
4616 1365.332
4616 720.712
4616 640.262
4616 1161.602
4616 1671.726
4616 776.294
4616 638.18
4616 1564.574
4616 1179.84
4616 2799.506
4616 1682.006
4617 1085.728
4617 2159.102
4617 814.47
4617 882.824
4617 1062.492
4617 370.162
4617 414.734
4617 721.074
4617 2380.528
4617 783.708
4617 1308.718
4617 658.956
4617 827.066
4618 644.69
4618 703.71
4618 1058.842
4618 1125.366
4618 761.884
4618 706.64
4618 1509.082
4618 661.838
4618 411.682
4618 560.344
4618 1809.438
4618 2336.268
4619 1389.454
4619 691.674
4619 733.534
4619 1780.68
4619 1142.664
4619 1103.954
4620 785.628
4620 1191.048
4620 1156.052
4620 2234.85
4620 822.69
4620 1002.176
4620 1094.23
4620 442.456
4620 1262.126
4620 730.006
4620 654.96
4620 1816.092
4621 2192.802
4621 629.326
4621 1015.082
4621 172.754
4621 870.232
4621 1835.73
4621 1710.498
4621 400.794
4621 1217.424
4621 1031.824
4621 1045.402
4621 1968.708
4622 638.694
4622 933.346
4622 1091.736
4622 872.952
4622 906.098
4622 590.098
4622 795.874
4622 1055.146
4622 527.91
4622 1012.162
4622 1363.548
4623 943.144
4623 356.792
4623 456.88
4623 507.546
4623 1049.366
4623 1403.456
4623 872.798
4623 2540.734
4623 1753.756
4624 421.04
4624 2443.548
4624 438.87
4624 434.132
4624 942.946
4624 1905.96
4625 1125.1
4625 374.644
4625 2719.854
4625 1845.402
4625 528.15
4625 1190.638
4626 3028.46
4626 1379.404
4626 1750.648
4626 1853.374
4626 924.492
4626 464.888
4626 224.246
4626 792.198
4627 772.696
4627 479.346
4627 1493.946
4627 878.086
4627 581.16
4627 1575.508
4628 1599.288
4628 590.164
4628 567.654
4628 681.144
4628 1824.596
4628 508.472
4628 1219.86
4628 854.618
4628 1085.958
4629 1108.98
4629 749.48
4629 958.296
4629 1059.652
4629 1482.704
4629 1664.498
4629 1088.036
4629 693.518
4629 1011.858
4629 2862.522
4629 802.844
4629 1094.894
4630 1545.04
4630 1033.154
4630 409.7
4630 904.708
4630 313.65
4630 1187.124
4630 782.212
4630 1466.64
4631 799.772
4631 965.618
4631 3382.048
4631 777.314
4631 802.128
4631 1996.388
4631 651.804
4631 1063.222
4631 706.638
4631 203.504
4631 1497.852
4631 563.626
4631 498.036
4631 1576.972
4632 458.37
4632 825.454
4632 378.166
4632 717.474
4632 1284.646
4632 1265.646
4632 1059.4
4632 344.94
4632 942.724
4633 775.606
4633 830.586
4633 720.668
4633 559.942
4633 1176.28
4633 1701.482
4634 2174.852
4634 641.644
4634 968.736
4634 644.882
4634 323.204
4634 314.452
4634 547.326
4634 1043.562
4634 549.448
4635 1466.416
4635 467
4635 1139.756
4635 705.396
4635 2342.962
4635 290.916
4635 780.61
4635 818.736
4635 1322.518
4636 1495.022
4636 837.388
4636 777.222
4636 593.518
4636 1257.294
4636 847.232
4636 1130.972
4636 1703.046
4636 423.52
4637 1008.516
4637 519.626
4637 891.206
4637 799.572
4637 551.838
4637 1447.178
4637 1443.97
4637 1896.92
4637 375.63
4638 703.224
4638 1011.318
4638 3499.466
4638 1009.734
4638 1057.012
4638 2302.868
4638 1106.354
4638 1495.192
4639 254.306
4639 761.742
4639 714.302
4639 1008.354
4639 951.262
4639 2447.572
4639 1831.826
4639 2487.42
4639 839.056
4640 867.094
4640 758.218
4640 1931.24
4640 1407.822
4640 412.696
4640 508.606
4640 865.034
4640 366.678
4640 1436.654
4640 565.864
4640 1323.412
4640 2910.754
4640 276.386
4641 984.69
4641 729.91
4641 745.988
4641 1391.066
4641 478.786
4641 859.552
4641 770.724
4641 612.512
4641 1309.902
4641 1162.52
4641 205.664
4641 314.822
4641 1870.82
4641 208.966
4642 1312.324
4642 1351.726
4642 907.594
4642 442.928
4642 492.348
4642 461.656
4642 1768.702
4642 1656.086
4642 923.234
4642 341.07
4642 367.886
4642 442.854
4643 2170.37
4643 3224.34
4643 844.968
4643 1435.436
4643 2327.378
4643 2097.118
4643 811.216
4644 1392.93
4644 1347.894
4644 568.03
4644 2397.974
4644 1023.508
4644 1084.694
4644 5054.804
4644 799.392
4644 803.984
4644 773.41
4644 550.424
4644 1086.318
4644 491.632
4644 344.904
4645 576.752
4645 1382.568
4645 1684.054
4645 2017.994
4645 1210.958
4645 626.486
4645 1123.556
4646 1061.18
4646 1915.698
4646 1091.968
4646 807.27
4646 322.73
4646 1336.638
4646 963.15
4647 896.278
4647 984.446
4647 624.572
4647 683.04
4647 461.378
4647 1244.95
4647 1382.456
4647 596.654
4648 960.348
4648 957.078
4648 957.822
4648 1860.982
4648 254.714
4648 1478.482
4649 976.238
4649 757.748
4649 1727.83
4649 1059.166
4649 962.938
4650 594.528
4650 781.074
4650 931.062
4650 412.854
4650 1363.296
4650 802.454
4650 698.264
4650 1275.07
4650 712.466
4650 1554.192
4650 394.004
4651 614.278
4651 655.15
4651 1089.03
4651 830.574
4651 443.766
4651 1155.13
4651 1478.572
4651 807.122
4652 3090.312
4652 456.942
4652 1344.992
4652 777.15
4652 1872.702
4652 543.26
4652 1882.654
4652 1578.128
4652 1117.098
4652 531.562
4652 610.17
4652 958.05
4653 1057.242
4653 832.592
4653 329.524
4653 1361.518
4653 925.17
4654 1144.04
4654 1534.65
4654 212.28
4654 506.4
4654 1179.298
4654 407.138
4655 647.136
4655 1034.46
4655 529.054
4655 1152.786
4655 639.852
4656 1006.792
4656 1334.73
4656 965.976
4656 1182.648
4656 381.974
4656 479.172
4656 603.31
4657 2768.856
4657 404.286
4657 1397.296
4657 671.724
4657 1165.94
4657 736.682
4658 1545.802
4658 1087.796
4658 371.87
4658 735.996
4658 564.106
4658 526.67
4658 1239.452
4658 405.126
4658 740.128
4658 998.678
4658 865.374
4658 1330.876
4659 1108.374
4659 872.72
4659 1584.938
4659 1256.024
4659 555.924
4660 365.346
4660 1038.716
4660 1372.05
4660 1698.752
4660 728.22
4660 972.774
4660 916.732
4660 1362.744
4660 375.596
4660 946.676
4661 1683.376
4661 698.702
4661 991.246
4661 948.354
4661 3016.436
4661 1164.246
4661 372.522
4661 816.03
4662 872.526
4662 2824.308
4662 522.426
4662 827.776
4662 2269.568
4662 497.202
4662 682.994
4662 425.04
4662 1113.42
4663 319.72
4663 483.252
4663 1882.658
4663 826.596
4663 2856.78
4663 777.1
4663 1315.36
4663 689.99
4663 960.536
4664 678.912
4664 3454.512
4664 755.702
4664 4689.548
4664 1318.118
4664 1174.57
4664 844.104
4664 3010.576
4664 860.908
4664 799.658
4665 1413.634
4665 2289.768
4665 799.602
4665 1277.662
4665 341.93
4665 722.9
4665 968.998
4665 842.102
4665 981.7
4665 1443.546
4665 1840.258
4665 808.482
4665 684.324
4665 742.148
4665 1051.768
4666 774.356
4666 1174.404
4666 1718.172
4666 1312.344
4666 1209.362
4667 886.252
4667 2086.93
4667 668.074
4667 740.132
4667 660.71
4667 850.412
4667 860.686
4668 1482.074
4668 1418.258
4668 648.316
4668 529.012
4668 1240.564
4668 1128.978
4668 627.944
4668 540.236
4668 1748.688
4668 331.79
4668 1055.522
4669 517.116
4669 2094.344
4669 3229.416
4669 387.504
4669 1052.322
4669 438.822
4669 995.544
4669 466.34
4669 607.24
4670 443.05
4670 470.514
4670 980.512
4670 768.164
4670 922.498
4670 656.668
4670 454.604
4670 974.004
4670 431.794
4670 633.638
4670 697.56
4671 2403.098
4671 1257.292
4671 2730.352
4671 629.958
4671 834.572
4671 1606.312
4671 2086.24
4671 730.996
4671 3282.274
4671 394.666
4671 848.628
4671 2523.798
4671 252.464
4672 600.302
4672 1053.12
4672 1052.674
4672 1209.25
4672 773.178
4672 758.508
4672 1113.508
4672 482.722
4672 1113.948
4672 1178.432
4672 341.474
4673 1000.174
4673 1102.044
4673 1030.34
4673 332.536
4673 1151.308
4673 1597.17
4673 379.248
4674 2639.22
4674 2876.844
4674 771.328
4674 1509.31
4674 1692.84
4674 336.214
4674 1198.894
4674 528.032
4674 1750.982
4674 2255.194
4674 1368.872
4674 919.5
4674 902.73
4674 478.288
4675 1248.208
4675 465.99
4675 2505.716
4675 565.27
4675 602.266
4675 1118.198
4675 761.494
4675 538.06
4675 781.868
4675 1140.99
4675 2523.056
4676 1368.58
4676 377.73
4676 741.922
4676 1212.56
4676 572.702
4676 507.558
4676 930.352
4676 508.474
4676 1389.282
4676 332.696
4676 1525.556
4676 1210.354
4676 557.698
4676 856.094
4677 716.756
4677 824.964
4677 1767.826
4677 1142.484
4677 1319.07
4677 417.308
4677 608.974
4678 1287.622
4678 496.07
4678 704.31
4678 656.096
4678 612.974
4678 1049.034
4678 1488.63
4678 846.53
4678 503.324
4678 997.702
4679 1013.898
4679 1310.308
4679 4882.018
4679 1173.328
4680 947.32
4680 2312.076
4680 351.764
4680 626.064
4680 3870.952
4680 536.236
4680 2274.082
4680 2808.196
4680 356.706
4680 842.908
4680 547.988
4680 1275.494
4680 293.45
4680 990.328
4680 913.944
4680 3478.046
4680 641.094
4680 1134.978
4680 739.038
4680 857.012
4681 1040.606
4681 1606.306
4681 843.892
4681 1743.778
4681 511.222
4681 904.49
4681 575.802
4682 1374.906
4682 1109.754
4682 2266.848
4682 1950.864
4682 1219.33
4682 1054.68
4682 864.818
4682 1414.764
4683 509.228
4683 657.982
4683 493.788
4683 1278.092
4683 837.832
4683 933.944
4683 649.046
4683 1028.85
4683 762.838
4683 1610.224
4683 2203.922
4684 662.632
4684 1257
4684 1450.03
4684 2090.908
4684 2108.696
4684 492.37
4684 3010.288
4684 521.874
4684 2810.92
4684 937.19
4684 932.418
4684 869.464
4685 1540.118
4685 2481.446
4685 1743.62
4685 1567.406
4685 1407.236
4685 1183.872
4685 950.998
4685 1706.162
4685 677.726
4685 672.454
4685 1198.694
4685 698.374
4686 1445.786
4686 2167.22
4686 1149.72
4686 538.23
4686 775.01
4686 842.704
4687 5736.322
4687 839.094
4687 1266.424
4687 1371.962
4687 544.382
4687 2062.872
4687 1041.394
4687 2154.922
4688 1843.598
4688 387.732
4688 803.092
4688 964.76
4688 530.818
4688 654.586
4688 492.72
4688 2168.812
4688 1152.208
4688 723.85
4688 879.362
4688 974.948
4688 501.324
4689 640.64
4689 3084.004
4689 783.474
4689 642.342
4689 1512.928
4689 1702.758
4689 597.726
4689 1306.044
4689 708.422
4689 533.092
4689 1889.926
4689 1585.224
4689 894.704
4689 1269.492
4690 1442.286
4690 605.414
4690 1904.438
4690 805.774
4690 404.45
4690 354.816
4690 2419.794
4690 1825.408
4690 523.152
4690 1852.436
4690 1218.5
4690 600.674
4691 911.856
4691 2067.668
4691 824.146
4691 1721.684
4691 1113.066
4691 1459.822
4691 351.344
4691 1967.448
4691 299.806
4691 822.318
4691 1344.268
4691 2210.074
4691 220.262
4691 1298.842
4691 841.004
4692 569.814
4692 1385.116
4692 742.642
4692 599.72
4692 480.714
4692 731.48
4692 2797.722
4692 555.894
4693 1488.298
4693 1946.212
4693 1077.212
4693 939.184
4693 1329.862
4693 487.186
4693 1253.044
4693 730.238
4693 1187.718
4693 2227.106
4693 758.584
4694 1234.344
4694 753.71
4694 1758.834
4694 2443.526
4694 2036.188
4694 981.282
4694 900.76
4694 370.334
4694 1334.648
4694 362.106
4694 1218.438
4694 702.55
4694 1122.57
4695 1940.49
4695 457.162
4695 507.482
4695 894.086
4695 517.59
4695 599.456
4695 1004.79
4695 1909.468
4695 1806.564
4695 673.55
4696 2486.464
4696 2470.148
4696 1242.41
4696 1983.478
4696 1051.902
4696 1617.926
4697 746.4
4697 1294.882
4697 700.268
4697 587.29
4697 1070.3
4697 2994.308
4697 2912.678
4697 936.262
4697 784.308
4697 3007.078
4698 422.616
4698 1613.892
4698 931.81
4698 861.02
4698 541.734
4698 1059.9
4698 1707.432
4698 496.106
4698 2875.954
4699 2055.34
4699 1918.148
4699 604.51
4699 352.59
4699 2336.628
4699 2802.472
4699 1574.146
4699 1934.368
4699 1451.164
4699 962.204
4700 1117.212
4700 1076.224
4700 958.478
4700 424.512
4700 1078.99
4700 1607.828
4700 934.484
4701 1149.432
4701 970.048
4701 1406.492
4701 2585.568
4701 627.624
4701 2011.246
4701 1027.394
4702 315.07
4702 675.654
4702 2295.48
4702 660.492
4702 1345.688
4702 463.83
4702 673.438
4703 555.792
4703 336.114
4703 503.1
4703 1817.114
4703 943.62
4703 1201.156
4703 864.516
4703 1428.274
4703 1260.424
4703 2337.472
4703 1245.094
4703 1975.548
4703 688.212
4704 1867.68
4704 362.474
4704 316.97
4704 232.526
4704 433.756
4704 591.728
4704 468.608
4704 1500.676
4704 872.88
4704 1332.328
4704 566.932
4704 704.406
4704 2708.636
4704 962.928
4704 739.036
4704 989.636
4704 584.632
4705 689.986
4705 1820.182
4705 1107.592
4705 758.738
4705 941.936
4705 1934.794
4705 2038.842
4705 1132.19
4705 281.976
4705 1833.404
4705 867.598
4705 538.744
4705 2826.24
4706 1635.094
4706 847.048
4706 461.562
4706 461.698
4706 1221.616
4706 1077.248
4706 699.53
4706 542.506
4706 505.854
4706 1328.438
4706 811.13
4706 598.876
4706 606.338
4706 3274.95
4706 970.78
4707 652.482
4707 514.458
4707 1630.086
4707 1359.578
4707 209.348
4707 358.582
4707 635.696
4707 2466.964
4707 3481.848
4707 1538.572
4707 1201.302
4707 498.772
4707 571.316
4708 1834.916
4708 920.456
4708 1894.874
4708 771.73
4708 2346.036
4708 819.274
4708 1411.59
4708 1119.602
4708 1245.086
4709 879.332
4709 2958.348
4709 769.096
4709 2613.464
4709 948.03
4709 1012.546
4709 1097.154
4709 753.816
4709 383.124
4709 717.76
4710 1321.984
4710 998.41
4710 457.61
4710 1039.778
4710 1069.83
4710 811.61
4710 706.978
4710 520.688
4711 939.042
4711 495.376
4711 603.836
4711 1034.368
4711 1096.778
4711 289.11
4711 629.454
4711 1794.538
4711 2750.816
4711 700.748
4711 2574.896
4711 1523.94
4711 1150.222
4712 2287.514
4712 649.908
4712 915.302
4712 451.946
4712 583.63
4712 1462.198
4712 477.56
4712 413.808
4712 1152.932
4712 1348.964
4712 945.958
4712 2711.166
4712 1060.058
4713 782.664
4713 2250.264
4713 1387.274
4713 699.958
4713 1103.204
4713 1068.784
4714 571.476
4714 782.902
4714 676.96
4714 266.514
4714 722.198
4714 983.74
4714 1701.018
4714 1596.91
4714 592.478
4714 1100.568
4715 785.036
4715 1604.79
4715 409.88
4715 1171.522
4715 1109.83
4715 1643.028
4715 375.382
4716 949.294
4716 346.752
4716 1550.408
4716 713.462
4716 678.544
4716 1897.83
4716 780.534
4716 568.796
4717 883.492
4717 752.418
4717 639.602
4717 1490.144
4717 1069.658
4717 943.404
4717 666.866
4717 1275.84
4717 420.82
4717 1022.628
4717 1570.15
4718 386.588
4718 483.43
4718 1621.538
4718 819.556
4718 1556.74
4718 1219.774
4718 1246.32
4718 788.66
4718 1415.66
4718 1100.14
4719 1040.098
4719 906.278
4719 1498.004
4719 2921.398
4719 2769.53
4719 353.422
4719 1874.32
4720 3011.254
4720 2076.376
4720 808.264
4720 953
4720 1137.78
4720 1121.394
4720 1178.308
4720 387.004
4720 738.632
4720 622.16
4720 382.516
4720 4147.708
4721 788.972
4721 627.976
4721 926.32
4721 853.304
4721 487.218
4721 1466.98
4721 662.308
4721 699.952
4721 1460.764
4721 1155.806
4721 2550.468
4722 2396.514
4722 815.608
4722 662.47
4722 1082.86
4722 2046.652
4722 2149.372
4722 836.672
4722 730.576
4722 3046.42
4722 582.854
4723 1214.264
4723 718.508
4723 1285.686
4723 635.01
4723 837.232
4723 308.122
4723 1562.6
4723 532.218
4723 2530.218
4723 628.964
4723 475.176
4723 782.188
4723 1598.386
4723 537.904
4724 741.36
4724 1471.208
4724 276.152
4724 999.416
4724 586.552
4724 609.242
4724 568.24
4724 383.878
4724 1722.628
4724 295.3
4724 1474.216
4725 1194.072
4725 845.304
4725 1165.514
4725 449.006
4725 325.574
4725 1654.082
4725 1446.77
4725 645.808
4725 1447.996
4725 1060.178
4725 519.876
4725 1163.538
4725 296.424
4725 1092.622
4725 360.01
4725 1946.276
4726 634.132
4726 572.33
4726 1176.002
4726 345.828
4726 964.066
4726 868.736
4726 639.706
4727 1166.122
4727 955.206
4727 549.116
4727 1057.81
4727 672.31
4727 2326.6
4727 468.22
4727 1637.184
4727 1247.066
4727 1132.816
4727 417.318
4727 832.698
4727 603.112
4728 1379.004
4728 398.052
4728 1332.426
4728 665.102
4728 963.27
4728 479.994
4728 838.578
4728 1180.62
4728 1104.378
4729 923.504
4729 518.966
4729 856.082
4729 1811.692
4729 799.66
4729 1068.326
4729 1349.06
4729 358.094
4729 455.308
4729 548.906
4730 1761.166
4730 1040.432
4730 492.944
4730 727.292
4730 1788.024
4731 620.632
4731 568.012
4731 1020.044
4731 961.93
4731 764.564
4731 1452.692
4731 771.91
4731 2307.838
4731 652.656
4732 1536.824
4732 487.334
4732 881.218
4732 1861.646
4732 1445.13
4732 1991.148
4732 2984.622
4732 2274.678
4733 485.202
4733 903.89
4733 470.694
4733 784.656
4734 879.772
4734 540.832
4734 505.55
4734 1610.566
4734 677.854
4734 2061.674
4734 651.268
4734 896.346
4734 347.676
4734 733.264
4734 643.632
4734 1253.59
4735 744.924
4735 1225.392
4735 1155.23
4735 725.226
4735 460.766
4735 937.856
4735 883.394
4735 1304.664
4735 619.248
4735 625.786
4735 1029.388
4735 1303.4
4735 649.416
4736 969.128
4736 1036.976
4736 1060.894
4736 2350.262
4736 964.526
4736 1239.492
4736 664.378
4736 2149.496
4737 1523.848
4737 1266.486
4737 768.336
4737 2172.132
4737 895.862
4737 1120.092
4737 1500.822
4737 1627.408
4738 1458.952
4738 1134.332
4738 525.402
4738 3059.314
4738 677.326
4738 1797.902
4738 510.782
4738 708.522
4738 1212.406
4738 848.44
4739 772.886
4739 1406.658
4739 3768.014
4739 1183.722
4740 576.012
4740 1328.356
4740 570.638
4740 1321.196
4740 2395.26
4740 312.466
4740 3880.4
4740 1407.61
4740 404.746
4740 475.566
4740 712.014
4740 1336.72
4740 921.87
4740 464.648
4740 622.45
4741 691.748
4741 256.3
4741 656.822
4741 543.518
4741 2599.102
4741 1503.9
4741 932.53
4741 971.872
4741 314.114
4742 1572.39
4742 687.404
4742 977.092
4742 1128.98
4742 665.082
4742 827.702
4742 837.722
4742 576.028
4742 952.986
4742 368.268
4742 396.386
4742 1563.058
4742 625.648
4742 448.862
4743 671.822
4743 436.316
4743 673.068
4744 822.91
4744 1172.664
4744 271.368
4744 529.236
4744 460.234
4744 1715.67
4744 702.46
4744 1016.85
4744 1081.308
4744 955.002
4745 3471.836
4745 1457.344
4745 838.674
4745 546.68
4745 679.594
4745 2091.424
4745 692.392
4745 300.446
4745 1299.614
4745 642.044
4745 1686.804
4746 450.61
4746 534.448
4746 1093.336
4746 696.302
4746 630.506
4746 554.662
4746 1898.032
4746 417.868
4746 477.902
4746 1637.4
4746 374.482
4746 663.842
4746 339.986
4746 583.904
4746 277.206
4747 889.082
4747 871.614
4747 818.818
4747 485.092
4747 1552.424
4747 1489.818
4747 620.98
4747 1439.116
4747 1316.406
4747 649.5
4747 702.724
4747 1546.932
4748 825.542
4748 956.626
4748 374.124
4748 1911.404
4748 681.796
4748 647.272
4748 1500.448
4748 539.946
4748 1417.154
4748 826.128
4749 1757.496
4749 1334.416
4749 333.266
4749 1452.328
4749 592.558
4749 516.192
4749 907.68
4749 723.764
4750 604.998
4750 663.862
4750 441.318
4750 1428.63
4750 3092.158
4750 1071.75
4751 4070.908
4751 1261.026
4751 528.04
4751 1182.462
4751 566.602
4751 252.404
4751 1175.19
4751 527.216
4751 558.05
4751 1312.66
4751 650.588
4752 870.19
4752 1091.938
4752 769.286
4752 1510.984
4752 522.852
4752 731.978
4752 342.568
4753 2032.346
4753 1144.62
4753 852.584
4753 2408.25
4753 618.338
4753 822.844
4753 681.542
4753 674.808
4753 2017.046
4753 716.33
4753 1237.526
4753 1083.944
4753 1419.592
4753 1047.582
4754 1804.936
4754 460.09
4754 1147.064
4754 582.372
4754 655.356
4754 1087.502
4754 819.054
4754 716.48
4754 567.95
4754 752.374
4754 1320.842
4754 1163.124
4754 373.078
4754 1070.236
4754 1000.894
4754 647.77
4754 1152.532
4754 518.528
4754 602.124
4755 267.872
4755 1259.49
4755 946.56
4755 403.992
4755 1548.514
4755 563.336
4756 1358.3
4756 434.546
4756 492.678
4756 567.664
4756 623.652
4756 483.486
4756 963.242
4756 1209.604
4756 588.57
4756 991.78
4756 540.386
4756 3335.488
4757 1577.256
4757 1622.86
4757 915.18
4757 893.546
4757 872.498
4757 682.102
4757 1645.12
4757 320.292
4757 2469.808
4757 923.658
4757 2612.59
4757 546.114
4757 1007.37
4757 403.484
4757 284.492
4757 510.924
4757 1029.226
4757 893.098
4758 1385.12
4758 1360.44
4758 757.228
4758 1159.056
4758 717.356
4758 1353.604
4759 1166.778
4759 1002.436
4759 1471.816
4759 1000.688
4759 1050.378
4759 2055.116
4759 465.324
4759 929.768
4759 437.466
4759 912.002
4759 447.38
4759 4923.828
4759 1609.242
4759 813.512
4760 762.618
4760 886.578
4760 1095.362
4760 589.284
4760 467.358
4760 1380.726
4760 1830.648
4760 2051.916
4760 566.124
4760 2073.408
4761 1941.546
4761 765.52
4761 780.708
4761 942.562
4761 790.586
4761 569.708
4762 2457.802
4762 246.79
4762 1445.906
4762 776.706
4762 2315.792
4762 394.224
4762 2237.386
4762 546.412
4762 633.034
4762 1318.936
4762 835.672
4763 2346.132
4763 752.834
4763 248.454
4763 651.24
4763 1811.174
4763 814.936
4764 654.252
4764 3143.864
4764 1118.882
4764 712.272
4764 1489.438
4764 540.126
4764 466.738
4764 2377.112
4764 1481.044
4764 840.174
4765 1023.008
4765 855.452
4765 850.948
4765 1635.192
4765 1120.96
4765 2414.398
4766 478.408
4766 442.048
4766 1014.142
4766 545.008
4766 698.916
4766 1414.886
4766 659.72
4766 826.338
4766 797.244
4766 1297.772
4766 1141.858
4766 928.16
4767 615.8
4767 498.706
4767 892.134
4767 1225.444
4767 1507.444
4767 2955.748
4767 753.04
4767 1705.632
4767 415.678
4767 429.468
4768 806.528
4768 446
4768 776.902
4768 894.346
4768 1572.164
4768 1754.932
4768 290.812
4768 1012.76
4768 2049.822
4768 882.086
4768 381.442
4768 576.716
4769 5977.776
4769 894.856
4769 948.388
4769 1774.872
4769 328.044
4769 491.58
4769 1324
4769 1498.022
4769 1568.346
4769 568.248
4769 434.532
4769 994.938
4769 780.842
4769 2122.83
4769 1422.854
4769 590.688
4770 412.204
4770 1157.022
4770 1393.14
4770 605.464
4770 1817.842
4770 644.322
4771 628.6
4771 1009.472
4771 1365.806
4771 817.102
4771 1163.818
4771 1357.314
4772 506.584
4772 673.102
4772 847.568
4772 939.64
4772 1258.846
4772 562.158
4772 346.316
4772 1580.296
4772 645.958
4772 1800.792
4772 364.858
4772 1114.684
4772 261.344
4773 534.928
4773 1144.306
4773 447.066
4773 1273.852
4773 1177.848
4773 489.858
4773 902.188
4773 484.468
4773 492.964
4773 804.654
4773 3223.246
4774 2098.36
4774 397.924
4774 394.788
4774 415.274
4774 2152.438
4774 503.266
4774 548.12
4774 1863.238
4774 836.826
4774 1482.974
4775 795.338
4775 1286.096
4775 494.476
4775 870.79
4775 882.044
4775 1340.79
4775 852.25
4775 649.482
4776 1042.414
4776 3291.268
4776 2262.026
4776 2136.104
4776 945.224
4776 2070.866
4776 648.858
4776 488.786
4776 533.786
4776 1421.472
4777 1562.828
4777 1652.322
4777 1248.05
4777 324.788
4777 695.664
4777 843.784
4777 1862.918
4778 1736.504
4778 986.446
4778 2137.364
4778 2108.718
4778 2379.22
4778 480.672
4778 1166.124
4778 484.648
4778 1262.138
4778 933.014
4779 1126.036
4779 576.134
4779 297.386
4779 1089.092
4779 583.018
4779 1037.494
4779 1917.906
4779 2530.264
4779 313.504
4779 1164.934
4779 625.086
4779 1195.326
4779 3470.016
4779 405.312
4780 1216.978
4780 849.434
4780 869.012
4780 946.888
4780 272.212
4780 443.918
4780 1411.984
4780 863.668
4780 1229.828
4780 514.47
4781 1087.622
4781 1322.478
4781 1754.776
4781 798.364
4781 910.47
4781 867.784
4781 483.63
4781 1025.29
4781 787.894
4781 612.078
4782 2069.296
4782 788.06
4782 398.762
4782 1703.076
4782 1003.924
4782 682.03
4782 1415.018
4782 2299.144
4782 896.8
4782 858.986
4782 1293.506
4783 426.654
4783 251.198
4783 509.8
4783 820.486
4783 375.256
4783 1165.816
4783 952.466
4783 562.432
4783 1071.304
4784 1493.704
4784 921.264
4784 1529.248
4784 815.256
4784 409.544
4784 847.022
4784 529.024
4784 825.638
4784 980.906
4784 1125.298
4784 704.104
4784 444.384
4784 2558.774
4785 514.364
4785 1424.842
4785 985.124
4785 1236.168
4785 447.646
4785 1034.096
4785 775.776
4785 1161.016
4786 988.788
4786 573.954
4786 767.424
4786 1385.284
4786 2374.526
4786 503.318
4786 807.002
4786 419.624
4786 370.868
4786 1057.654
4786 745.724
4786 805.572
4787 1152.776
4787 549.478
4787 613.392
4787 1208.932
4787 1657.584
4787 463.254
4787 325.772
4788 765.836
4788 854.29
4788 823.144
4788 1692.396
4788 600.076
4789 2084.626
4789 1280.158
4789 774.722
4789 443.908
4789 1494.898
4789 930.428
4789 361.478
4789 1485.138
4789 751.462
4789 431.906
4789 876.268
4789 2772.89
4789 651.94
4789 1303.024
4790 766.126
4790 1943.304
4790 657.636
4790 2766.402
4791 885.31
4791 2056.984
4791 331.686
4791 520.888
4791 735.492
4791 1932.798
4791 665.978
4791 876.636
4791 902.558
4792 1707.376
4792 1675.532
4792 740.918
4792 1096.96
4792 1504.844
4792 381.742
4792 558.844
4793 1373.84
4793 1102.844
4793 1116.126
4793 1193.236
4793 429.918
4793 814.074
4794 1551.92
4794 246.674
4794 2256.17
4794 422.998
4795 1056.934
4795 1523.29
4795 691.664
4795 864.04
4795 2463.858
4795 2229.456
4795 616.416
4795 2405.414
4795 3005.404
4795 1021.448
4795 791.082
4795 365.58
4795 1308.672
4796 1640.896
4796 741.532
4796 2119.1
4796 959.776
4796 2037.82
4796 2036.898
4796 1799.398
4796 2463.764
4796 1720.89
4796 355.73
4796 505.092
4796 1597.3
4796 1175.566
4796 768.494
4796 1176.17
4797 691.808
4797 366.396
4797 911.904
4797 443.1
4797 1553.072
4797 2910.064
4797 1435.268
4797 287.756
4797 967.508
4797 3093.234
4797 866.402
4798 2483.684
4798 509.846
4798 438.324
4798 1216.448
4798 1087.326
4798 672.174
4799 525.342
4799 2156.688
4799 1068.262
4799 2459.874
4799 1543.102
4799 875.718
4799 1788.116
4799 1513.778
4799 748.606
4799 1695.882
4799 878.796
4799 5989.12
4800 2364.016
4800 1681.554
4800 1147.534
4800 520.18
4800 821.672
4800 1932.452
4800 1660.968
4800 735.864
4800 2260.572
4800 503.878
4800 1603.432
4800 656.176
4800 1717.244
4801 474.29
4801 1419.794
4801 894.78
4801 1613.42
4801 1172.998
4801 489.716
4801 1534.882
4801 1311.324
4801 1552.12
4802 686.882
4802 409.304
4802 1235.642
4802 365.432
4802 1420.952
4802 1691.608
4802 1504.634
4802 2141.988
4803 1974.338
4803 884.918
4803 399.02
4803 393.63
4803 1177.734
4803 1264.096
4803 1223.768
4803 1606.224
4803 1397.656
4804 2505.97
4804 879.07
4804 1743.496
4804 1284.28
4804 697.236
4804 1810.798
4805 797.864
4805 188.878
4805 1660.936
4805 835.338
4805 518.392
4805 1620.744
4805 365.67
4805 280.272
4806 1092.152
4806 806.994
4806 814.112
4806 985.86
4806 1216.038
4806 717.744
4806 1102.316
4806 1591.042
4806 756.644
4806 680.39
4806 731.076
4806 860.008
4807 609.334
4807 872.686
4807 966.608
4807 279.816
4807 2098.904
4807 2032.01
4808 581.358
4808 1047.348
4808 774.43
4808 1204.508
4808 541.53
4808 410.162
4808 3141.882
4808 2005.406
4809 616.49
4809 1623.328
4809 762.88
4809 1076.97
4809 439.388
4809 1577.324
4809 1814.422
4809 1483.114
4809 1002.132
4809 2219.398
4810 2095.302
4810 2061.594
4810 1502.696
4810 674.384
4810 1504.092
4810 2599.79
4811 1177.814
4811 2223.514
4811 333.112
4811 548.156
4811 240.498
4811 1543.022
4811 991.33
4811 1606.432
4811 996.066
4811 883.93
4811 769.306
4811 2072.926
4811 1913.436
4812 1166.556
4812 517.682
4812 743.934
4812 798.452
4812 783.622
4812 1858.424
4812 755.85
4812 1947.852
4812 780.428
4812 519.172
4813 1367.32
4813 675.45
4813 1227.502
4813 1421.468
4813 468.888
4813 942.534
4813 526.116
4813 1174.538
4813 2880.808
4813 773.898
4813 1270.004
4813 1007.974
4813 843.338
4814 957.47
4814 963.548
4814 528.344
4814 242.196
4814 1336.248
4815 513.966
4815 801.7
4815 2122.966
4815 745.016
4815 1034.81
4815 1645.024
4816 649.926
4816 370.752
4816 422.558
4816 1375.244
4816 606.214
4816 1206.034
4816 527.354
4816 2332.208
4816 643.446
4816 906.116
4816 434.308
4816 759.854
4816 1672.894
4817 380.108
4817 1408.438
4817 264.722
4817 1447.59
4817 1156.654
4817 936.64
4817 474.014
4817 1301.45
4817 806.276
4817 413.342
4817 3208.934
4818 441.554
4818 782.322
4818 586.41
4818 843.754
4818 396.224
4818 442.4
4818 613.954
4818 1653.852
4818 527.8
4818 4477.008
4818 3393.59
4819 615.98
4819 1422.904
4819 514.382
4819 2017.784
4819 331.848
4819 1115.83
4819 582.956
4819 973.284
4819 2442.008
4819 1189.974
4819 926.304
4819 909.51
4819 505.456
4819 2722.57
4819 223.224
4819 1323.232
4819 276.346
4820 885.242
4820 1208.062
4820 713.562
4820 597.514
4820 622.648
4820 311.67
4820 997.854
4820 864.028
4820 695.768
4820 1038.21
4820 2184.438
4820 521.428
4821 742.962
4821 1495.83
4821 1598.476
4821 691.072
4821 517.162
4821 1846.538
4821 1518.974
4822 422.244
4822 2640.928
4822 4007.34
4822 1504.28
4822 2832.29
4822 1098.756
4822 563.07
4822 537.488
4822 1321.926
4822 769.298
4822 1355.356
4823 1006.39
4823 1089.388
4823 1848.204
4823 1000.39
4823 480.932
4823 974.078
4823 1703.912
4823 1003.312
4824 778.256
4824 1281.532
4824 1004.378
4824 983.624
4824 433.694
4824 717.03
4825 1066.124
4825 1586.46
4825 747.326
4825 698.806
4825 907.94
4825 289.936
4825 1342.916
4825 375.704
4825 656.326
4825 743.45
4825 1430.026
4826 867.2
4826 1249.26
4826 2712.282
4826 1637.882
4826 398.936
4826 1115.47
4826 967.928
4826 582.914
4826 679.578
4826 1786.358
4827 1826.13
4827 971.716
4827 707.17
4827 2054.548
4827 1455.236
4827 435.22
4827 1091.33
4827 478.704
4827 677.472
4827 2061.064
4827 616.33
4827 716.616
4828 802.8
4828 570.318
4828 576.24
4828 1421.318
4828 662.776
4828 1504.864
4828 811.274
4828 711.486
4829 1052.938
4829 801.614
4829 2554.012
4829 1660.036
4829 630.252
4829 3859.706
4829 3324.36
4829 1093.348
4829 310.668
4829 1108.89
4829 2609.188
4829 900.796
4830 2271.014
4830 1107.088
4830 502.78
4830 516.78
4830 2329.65
4830 1906.354
4830 856.86
4830 439.016
4830 373.02
4830 1186.57
4830 1676.76
4830 1157.374
4830 992.79
4830 3657.614
4831 1803.002
4831 1184.264
4831 865.872
4831 789.58
4831 537.13
4831 534.732
4831 5523.478
4831 776.308
4832 408.362
4832 602.872
4832 440.73
4832 2756.33
4832 2409.554
4832 2297.528
4832 315.08
4832 1030.714
4832 2401.116
4832 616.42
4832 1771.272
4832 928.314
4833 1863.662
4833 884.374
4833 3597.668
4833 2018.984
4833 785.476
4833 644.154
4833 839.018
4833 2283.526
4833 655.352
4834 1136.97
4834 811.54
4834 3594.558
4834 1508.636
4834 375.228
4834 482.022
4834 1943.192
4834 1473.562
4834 428.646
4834 802.73
4834 252.456
4834 502.988
4835 1883.524
4835 564.942
4835 312.79
4835 1009.012
4836 3858.528
4836 426.742
4836 983.786
4836 1601.23
4836 327.532
4836 496.996
4836 1281.888
4836 844.294
4836 1797.548
4836 1712.3
4836 1545.746
4837 623.368
4837 615.114
4837 838.426
4837 1457.044
4837 450.564
4837 736.374
4837 323.154
4837 695.592
4837 484.726
4837 1424.05
4838 524.268
4838 1872.098
4838 332.216
4838 739.81
4838 1087.27
4838 1917.58
4838 559.374
4838 932.51
4838 2235.566
4838 2597.58
4838 2635.262
4838 832.782
4839 773.188
4839 1931.37
4839 801.464
4839 2304.35
4839 2403.766
4839 1642.674
4839 523.586
4840 516.896
4840 885.642
4840 671.172
4840 699.8
4840 760.838
4840 1888.414
4840 274.056
4840 1087.664
4840 1754.004
4840 1624.414
4841 759.432
4841 981.654
4841 1075.746
4841 419.164
4841 3007.7
4841 2340.138
4841 836.918
4841 1011.708
4841 1108.604
4841 584.808
4841 571.064
4842 282.806
4842 388.484
4842 904.044
4842 1782.672
4842 376.308
4842 1306.294
4842 1168.794
4842 395.958
4842 1328.362
4842 1298.262
4842 245.804
4843 1899.274
4843 343.998
4843 3953.642
4843 694.436
4843 1195.928
4843 311.05
4843 645.9
4843 2004.18
4843 1126.91
4843 597.946
4844 4501.424
4844 1653.268
4844 1463.864
4844 904.238
4844 2672.664
4844 397.358
4844 1523.154
4844 648.648
4844 4071.77
4844 1218.016
4844 1472.81
4844 769.686
4845 855.162
4845 729.83
4845 695.638
4845 238.694
4845 619.36
4845 2147.354
4845 1576.382
4845 579.244
4845 731.326
4845 849.858
4845 539.856
4845 1187.696
4846 780.326
4846 1209.66
4846 734.72
4846 1096.94
4846 1198.662
4846 985.394
4846 1661.918
4846 1034.184
4846 3118.186
4846 1455.8
4846 1688.998
4846 750.75
4847 1027.098
4847 1635.766
4847 2348.928
4847 1451.772
4847 1077.182
4847 1015.064
4847 604.282
4847 1411.95
4847 614.508
4847 434.652
4847 1037.982
4847 735.526
4847 328.726
4848 2625.136
4848 2141.002
4848 1011.618
4848 687.844
4848 575.868
4848 1819.944
4848 584.878
4848 2322.474
4848 1227.758
4848 769.848
4848 374.414
4849 2583.196
4849 298.014
4849 929.108
4849 355.956
4849 584.602
4849 2954.36
4849 995.282
4849 832.86
4850 1040.1
4850 1234.552
4850 314.442
4850 712.474
4850 1251.786
4850 377.138
4850 1479.628
4850 1776.322
4850 534.104
4850 847.81
4851 2937.124
4851 867.162
4851 260.838
4851 1840.934
4851 685.212
4851 1732.996
4851 552.172
4851 630.046
4851 523.932
4851 1619.83
4852 1434.86
4852 1584.398
4852 1559.302
4852 1478.646
4852 286.226
4852 736.208
4852 959.91
4852 2293.13
4852 803.362
4852 989.628
4853 359.06
4853 1415.87
4853 396.25
4853 2354.886
4853 256.242
4853 384.612
4853 635.126
4853 596.186
4853 680.146
4853 781.872
4853 516.714
4853 803.078
4853 699.8
4853 2147.66
4853 333.438
4853 386.556
4854 339.972
4854 1545.82
4854 697.572
4854 398.866
4854 1819.06
4854 1145.762
4854 655.926
4854 3700.706
4854 460.272
4854 1872.018
4854 1652.894
4854 780.128
4854 513.938
4854 699.1
4855 524.69
4855 2131.768
4855 2342.076
4855 882.128
4855 441.696
4855 2303.152
4855 1846.044
4855 1093.104
4856 276.568
4856 891.676
4856 387.68
4856 734.912
4856 1271.764
4856 1575.224
4856 669.266
4856 1046.684
4856 665.112
4856 1480.706
4856 326.656
4857 640.594
4857 317.786
4857 922.316
4857 321.594
4857 1314.752
4858 1296.872
4858 1389.756
4858 381.938
4858 1232.7
4858 865.992
4858 1903.262
4859 1419.886
4859 800.886
4859 346.828
4859 1591.144
4859 2141.452
4859 1117.142
4859 795.516
4859 422.944
4859 1321.694
4860 580.77
4860 988.996
4860 694.646
4860 970.502
4860 1261.722
4860 1879.88
4860 572.138
4860 443.76
4860 723.142
4860 540.95
4860 495.932
4861 1305.816
4861 518.83
4861 1267.57
4861 460.912
4861 1369.742
4861 330.408
4861 592.416
4861 893.07
4862 672.032
4862 858.14
4862 1197.828
4862 711.472
4862 3032.95
4862 1257.022
4862 1846.806
4862 282.444
4862 2496.712
4863 2339.134
4863 1823.098
4863 1782.542
4863 815.558
4863 1831.734
4863 1936.086
4863 397.55
4863 903.99
4863 370.514
4863 852.9
4863 1274.682
4864 1699.756
4864 1285.656
4864 992.696
4864 895.938
4864 1207.368
4864 1123.696
4864 687.824
4865 507.724
4865 799.474
4865 1277.896
4865 839.392
4865 440.106
4865 883.166
4865 899.05
4865 3807.284
4865 399.114
4865 381.098
4865 1350.398
4865 600.62
4866 1673.254
4866 1983.164
4866 680.342
4866 592.842
4866 575.05
4866 1514.848
4866 700.234
4866 725.4
4866 1583.35
4867 1062.478
4867 1769.912
4867 541.864
4867 570.106
4867 625.56
4867 376.378
4867 1220.984
4867 711.176
4867 650.512
4868 2819.22
4868 634.058
4868 854.384
4868 983.656
4868 701.568
4868 783.528
4868 1288.064
4868 1532.256
4868 788.438
4868 1078.7
4869 2330.186
4869 1202.732
4869 571.884
4869 1527.598
4869 553.184
4869 444.408
4869 433.326
4870 666.126
4870 1862.764
4870 1884.966
4870 951.254
4870 1159.128
4870 605.452
4870 2916.114
4871 778.406
4871 2462.952
4871 612.116
4871 858.384
4871 952.312
4871 749.226
4871 1459.38
4871 711.936
4871 1200.952
4871 923.546
4871 452.744
4871 491.962
4872 1002.774
4872 645.504
4872 584.816
4872 656.304
4872 361.85
4872 958.246
4872 1930.86
4872 615.89
4872 1077.33
4872 264.22
4872 544.562
4872 1461.84
4873 608.084
4873 483.362
4873 535.314
4873 911.114
4873 650.632
4873 574.6
4873 2119.304
4873 281.9
4874 345.646
4874 2957.05
4874 1245.974
4874 1106.268
4874 968.042
4874 553.792
4874 730.544
4874 751.898
4874 791.552
4874 497.896
4874 912.912
4874 765.46
4875 330.036
4875 2325.992
4875 501.2
4875 865.52
4875 1198.902
4875 1194.866
4875 998.472
4875 1850.424
4875 1286.61
4875 694.74
4875 503.518
4875 281.772
4876 2170.422
4876 1357.42
4876 710.594
4876 1529.214
4876 1141.628
4876 2252.534
4876 1057.514
4876 530.666
4877 549.4
4877 1444.368
4877 999.012
4877 422.816
4878 702.538
4878 1338.192
4878 359.814
4878 747.716
4878 1052.856
4878 1288.2
4878 1205.576
4878 543.456
4878 2156.6
4878 3171.16
4878 390.21
4879 728.792
4879 1488.652
4879 2274.828
4879 2293.454
4879 2255.784
4879 1062.09
4879 475.462
4879 538.23
4880 580.946
4880 895.924
4880 456.706
4880 931.464
4880 831.784
4880 3438.376
4880 885.042
4881 1885.364
4881 547.126
4881 818.71
4881 405.042
4881 677.864
4881 780.9
4881 845.544
4881 3084.61
4881 759.148
4881 1745.824
4881 2024.774
4881 503.392
4881 1614.526
4882 630.544
4882 365.946
4882 162.56
4882 1685.848
4882 528.302
4882 481.29
4882 966.152
4882 291.98
4882 825.344
4882 2124.544
4883 175.906
4883 711.684
4883 616.528
4883 1256.796
4883 731.216
4883 735.424
4883 496.676
4883 570.086
4883 687.442
4884 1470.538
4884 1287.34
4884 1986.592
4884 2874.016
4884 1755.774
4884 655.268
4884 390.444
4884 430.982
4884 339.3
4885 795.402
4885 1566.39
4885 935.77
4885 581.756
4885 845.618
4885 903.472
4885 645.24
4885 1588.116
4886 1023.968
4886 520.466
4886 888.884
4886 1446.682
4886 547.942
4886 1105.852
4886 323.822
4886 2865.972
4886 2061.246
4887 1406.838
4887 996.602
4887 463.112
4887 2212.842
4887 1347.92
4887 437.996
4887 806.134
4887 1885.106
4887 367.468
4887 405.714
4887 1247.574
4887 1195.014
4888 624.644
4888 1107.99
4888 1206.41
4888 1723.738
4888 1335.332
4888 1509.272
4888 2473.028
4888 1652.686
4888 3062.61
4888 764.1
4888 753.892
4889 481.866
4889 1932.662
4889 1385.736
4889 1979.676
4889 626.236
4889 272.568
4889 998.236
4890 1367.63
4890 741.352
4890 641.264
4890 412.192
4890 1293.642
4890 432.338
4890 579.836
4890 1141.106
4891 586.776
4891 887.302
4891 1505.598
4891 1458.926
4891 703.206
4891 1742.258
4891 412.292
4891 1149.012
4891 936.122
4891 475.986
4891 302.582
4892 498.928
4892 1016.126
4892 403.384
4892 886.346
4892 568.44
4892 839.994
4892 643.146
4893 579.296
4893 1306.788
4893 2498.614
4893 998.806
4893 761.702
4893 908.006
4893 1267.652
4893 424.814
4893 995.348
4893 583.764
4893 2226.192
4893 2352.708
4894 485.466
4894 1909.154
4894 2472.486
4894 1233.354
4894 274.496
4894 925.476
4894 649.142
4894 1721.534
4895 1431.102
4895 266.84
4895 1819.424
4895 746.694
4895 1145.168
4895 1038.736
4895 1811.934
4895 389.216
4895 407.546
4896 1667.976
4896 1440.614
4896 576.99
4896 456.226
4896 731.924
4896 2443.528
4896 1671.726
4896 957.822
4896 958.634
4896 2357.008
4896 836.904
4897 1780.322
4897 2885.672
4897 887.784
4897 1572.54
4897 376.14
4897 1363.162
4897 635.736
4898 449.918
4898 854.254
4898 3637.632
4898 809.488
4898 779.8
4898 492.746
4898 2544.882
4898 1135.464
4898 1143.076
4898 2200.578
4898 2180.764
4898 594.402
4898 1184.35
4899 526.932
4899 641.402
4899 631.546
4899 2798.034
4899 600.372
4899 304.154
4899 382.762
4899 713.512
4899 357.444
4899 1355.894
4900 1533.406
4900 716.974
4900 902.54
4900 861.898
4900 333.122
4900 1227.586
4900 1606.792
4900 1188.626
4901 995
4901 305.434
4901 627.032
4901 535.65
4901 690.08
4901 636.728
4901 1325.644
4901 546.118
4901 1139.02
4901 1119.016
4901 1741.084
4901 931.932
4901 449.954
4902 1019.67
4902 1828.368
4902 874.526
4902 814.71
4902 1762.456
4902 831.084
4902 1200.136
4902 647.988
4902 889.44
4902 964.98
4902 954.82
4902 2007.086
4903 1150.294
4903 949.308
4903 915.032
4903 550.44
4903 2019.698
4903 1934.15
4904 1324.398
4904 1552.71
4904 1101.066
4904 798.214
4904 475.052
4904 909.838
4904 1917.64
4904 2294.38
4904 1761.082
4904 629.758
4905 920.876
4905 691.306
4905 1371.206
4905 488.552
4905 518.704
4905 949.532
4905 478.652
4905 2861.71
4905 1557.824
4905 1051.972
4905 350.684
4906 2393.568
4906 873.746
4906 1027.876
4906 1217.24
4906 686.938
4906 930.196
4906 1027.872
4906 1734.984
4906 1041.184
4906 1451.94
4906 978.894
4907 1535.31
4907 794.628
4907 745.502
4907 762.428
4907 4304.052
4907 1813.88
4907 826.648
4907 1388.796
4908 645.728
4908 536.034
4908 852.502
4908 1591.078
4908 920.264
4908 858.946
4908 713.33
4908 2358.594
4908 269.586
4908 518.538
4908 1386.09
4908 3190.756
4908 1851.236
4908 1825.946
4908 691.118
4909 907.534
4909 618.14
4909 602.11
4909 648.98
4909 1989.612
4909 1081.112
4909 852.976
4909 1811.7
4909 409.168
4909 1775.522
4910 1369.804
4910 1273.292
4910 902.554
4910 1619.828
4910 1324.476
4910 587.862
4910 495.02
4910 818.59
4910 847.936
4910 652.338
4910 338.7
4910 1308.526
4910 626.034
4911 958.952
4911 867.75
4911 1972
4911 680.114
4911 601.626
4911 1813.874
4911 310.51
4912 876.366
4912 721.848
4912 717.508
4912 986.8
4912 1393.002
4913 355.486
4913 610.174
4913 621.368
4913 1403.494
4913 1509.482
4914 2666.508
4914 813.196
4914 1400.09
4914 612.38
4914 565.426
4914 778.294
4914 857.054
4914 258.728
4914 784.28
4915 1172.726
4915 1852.524
4915 596.842
4915 1211.664
4915 926.472
4916 2070.024
4916 427.116
4916 820.356
4916 1163.698
4916 317.13
4916 749.778
4916 661.94
4916 763.83
4916 766.212
4916 640.226
4916 971.154
4916 1306.602
4917 1144.132
4917 1193.048
4917 1246.954
4917 1309.072
4917 1575.842
4917 1165.808
4917 651.628
4917 976.574
4917 551.78
4917 551.984
4918 1133.436
4918 615.574
4918 919.658
4918 314.608
4918 1161.128
4918 965.108
4918 2135.41
4918 822.256
4918 470.664
4918 1577.026
4919 828.654
4919 1282.614
4919 1157.846
4919 996.06
4919 1102.714
4919 423.064
4919 477.574
4919 419.8
4919 922.856
4920 1687.998
4920 783.76
4920 2103.858
4920 1148.04
4920 1185.076
4920 3783.11
4920 476.308
4920 523.932
4920 1648.092
4920 910.34
4920 378.382
4921 1059.094
4921 992.136
4921 2981.6
4921 1018.812
4921 1529.862
4921 1401.906
4921 508.914
4921 669.232
4921 736.038
4921 1207.566
4922 421.31
4922 441.34
4922 1118.584
4922 1064.586
4922 1160.656
4922 804.156
4922 1769.236
4922 2104.846
4922 606.676
4922 1324.99
4922 2101.812
4922 920.628
4922 3626.414
4923 1026.71
4923 362.986
4923 824.814
4923 691.972
4923 1403.216
4923 448.49
4923 1185.534
4923 689.196
4923 1173.852
4923 802.406
4923 313.984
4923 642.876
4923 437.134
4924 1745.74
4924 1506.018
4924 431.046
4924 1333.252
4924 340.038
4924 4239.712
4924 711.652
4924 1784.606
4924 1654.822
4924 1257.072
4924 917.418
4924 1395.816
4924 432.032
4925 1248.75
4925 741.792
4925 1773.044
4925 330.358
4925 876.662
4925 2428.932
4925 1684.612
4925 648.002
4925 371.03
4925 417.536
4925 720.372
4925 741.208
4925 1060.336
4926 538.756
4926 428.078
4927 697.512
4927 1737.588
4927 1327.392
4927 1261.278
4927 471.948
4927 734.552
4927 267.854
4927 1833.348
4927 845.596
4927 1064.728
4927 367.62
4928 904.68
4928 1028.502
4928 298.972
4928 1424.474
4928 2013.082
4928 560.85
4928 624.496
4928 3560.06
4928 948.444
4928 432.244
4928 702.542
4929 1128.488
4929 1341.362
4929 1150.692
4929 1638.098
4929 593.572
4929 635.656
4929 1183.09
4930 716.47
4930 591.738
4930 1668.626
4930 1055.788
4930 486.368
4930 1093.232
4930 438.918
4930 1100.618
4930 3464.074
4930 1006.8
4931 2253.21
4931 1431.53
4931 1573.078
4931 934.656
4931 1293.572
4931 367.906
4931 2790.886
4931 1427.16
4931 835.58
4932 1134.582
4932 616.304
4932 1630.844
4932 976.426
4932 1090.77
4932 596.452
4932 544.248
4932 2495.518
4932 432.208
4933 2287.274
4933 494.174
4933 1815.854
4933 2498.79
4933 915.154
4933 347.332
4933 360.262
4933 553.228
4933 1539.816
4934 1088.942
4934 989.516
4934 1218.062
4934 378.63
4934 718.146
4934 2204.21
4934 460.694
4934 1334.822
4934 1831.858
4934 397.726
4934 921.964
4934 1821.146
4934 943.31
4935 2440.37
4935 1112.548
4935 746.958
4935 1284.786
4935 1406.98
4935 1216.34
4935 628.218
4935 874.768
4935 3453.4
4936 612.524
4936 643.912
4936 1848.126
4936 2149.924
4936 467.872
4936 1305.134
4936 814.788
4936 2155.586
4936 1012.184
4936 1109.248
4936 955.262
4936 367.818
4936 455.634
4936 3680.234
4936 611.686
4936 1004.306
4937 943.728
4937 1855.784
4937 725.024
4937 1103.616
4937 550.942
4937 632.878
4937 508.848
4937 1129.254
4937 452.814
4937 1282.174
4938 873.03
4938 1268.154
4938 890.242
4938 673.608
4938 424.654
4938 1547.294
4938 1925.48
4938 786.38
4938 445.182
4939 1351.55
4939 1184.888
4939 1689.312
4939 1255.022
4939 2029.564
4939 1346.154
4939 947.968
4940 2293.462
4940 530.572
4940 1188.12
4940 317.822
4940 2323.14
4940 1077.644
4940 355.372
4940 469.99
4940 2013.58
4940 1956.808
4940 630.04
4940 4485.258
4940 1191.094
4940 947.99
4940 390.922
4941 525.18
4941 562.65
4941 391.322
4941 320.186
4941 2239.222
4941 1817.708
4941 1305.73
4941 1898.62
4941 1384.88
4941 1050.018
4941 967.496
4941 1280.7
4941 497.598
4941 1001.52
4942 1897.69
4942 941.51
4942 2166.002
4942 528.9
4942 1647.298
4942 313.092
4943 685.888
4943 556.024
4943 769.558
4943 1200.008
4943 1026.162
4943 996.47
4944 1305.452
4944 156.874
4944 1710.954
4944 348.97
4944 1106.482
4944 535.238
4944 1622.14
4944 2813.81
4944 1034.036
4944 507.814
4944 549.78
4944 421.55
4944 1014.346
4944 2163.042
4945 697.21
4945 267.294
4945 1188.762
4945 690.32
4945 1253.73
4945 1239.39
4945 1534.27
4945 962.378
4945 2057.428
4945 224.006
4945 1819.97
4945 710.764
4945 669.29
4945 430.022
4945 913.84
4946 957.75
4946 558.504
4946 772.508
4946 1234.016
4946 971.89
4946 430.86
4946 867.006
4946 1340.264
4946 1101.644
4946 974.708
4947 830.292
4947 900.964
4947 2425.044
4947 542.584
4947 609.654
4947 553.542
4947 805.036
4947 291.048
4947 750.518
4947 1864.386
4948 529.39
4948 803.35
4948 1226.142
4948 1163.43
4948 748.526
4948 718.934
4948 1424.244
4948 259.63
4948 917.084
4948 855.576
4948 602.752
4948 604.556
4948 1657.834
4949 870.082
4949 519.472
4949 1124.494
4949 2052.5
4949 996.508
4950 604.884
4950 2367.936
4950 721.548
4950 272.722
4950 767.976
4950 628.156
4950 515.898
4950 3709.022
4951 1387.128
4951 1064.678
4951 1358.884
4951 669.998
4951 2266.084
4951 812.564
4951 1788.726
4951 1932.896
4951 744.624
4951 859.996
4951 2520.908
4951 714.64
4951 1165.03
4951 286.034
4951 2827.424
4951 652.914
4952 300.118
4952 322.298
4952 2861.592
4952 1003.56
4952 1868.924
4952 975.608
4952 358.59
4952 2214.02
4952 458.45
4952 1973.87
4952 942.366
4952 652.388
4952 417.078
4952 2890.46
4952 721.422
4953 3046.794
4953 1470.1
4953 621.462
4953 335.204
4953 1561.932
4953 557.57
4953 2499.016
4953 1259.166
4953 713.144
4953 1969.39
4953 532.43
4953 2417.158
4953 685.582
4953 526.576
4953 907.672
4953 438.316
4954 712.74
4954 442.79
4954 707.422
4954 1065.178
4954 418.924
4954 929.736
4954 1248.746
4954 2115.3
4954 448.944
4954 855.606
4955 1133.672
4955 2211.43
4955 534.258
4955 826.42
4955 3132.78
4955 1459.646
4955 837.412
4956 774.436
4956 1189.018
4956 1044.038
4956 396.712
4956 1362.794
4956 398.138
4956 835.058
4956 731.27
4956 978.228
4956 737.11
4956 2060.11
4956 1052.082
4956 717.088
4956 1563.636
4956 1177.832
4956 1272.996
4956 1833.388
4957 793.14
4957 1553.036
4957 773.88
4957 809.236
4957 1915.172
4957 1546.048
4957 1085.672
4957 990.094
4958 1922.056
4958 404.608
4958 627.168
4958 1021.46
4958 2175.972
4958 696.67
4958 2117.002
4958 668.16
4958 800.858
4958 2031.744
4959 2112.37
4959 666.974
4959 1624.716
4959 686.24
4959 1284.182
4959 3247.274
4959 4441.6
4960 637.964
4960 1160.754
4960 294.05
4960 715.508
4960 1044.668
4960 2160.128
4960 210.71
4960 1212.328
4960 624.622
4960 827.804
4961 470.322
4961 1205.92
4961 1238.506
4961 1078.318
4961 709.018
4961 1357.302
4961 1195.104
4961 637.42
4961 812.47
4961 692.636
4961 976.69
4962 584.114
4962 1821.966
4962 1117.61
4962 796.498
4962 1019.588
4963 522.46
4963 3132.758
4963 1250.134
4963 866.06
4963 1367.036
4963 1113.138
4963 1812.39
4963 734.422
4963 1086.046
4963 2323.95
4964 417.826
4964 1390.91
4964 523.396
4964 1374.388
4964 520.214
4964 1101.042
4964 2450.52
4964 1399.88
4964 296.96
4964 776.522
4964 346.304
4965 2868.366
4965 316.642
4965 2227.93
4965 295.772
4965 1769.11
4965 2667.884
4965 648.498
4965 1143.2
4965 697.472
4965 1606.112
4966 2308.09
4966 829.294
4966 1242.878
4966 922.348
4966 1909.02
4966 973.886
4966 2266.89
4966 1399.376
4966 693.27
4966 1243.678
4966 1166.046
4966 1154.946
4966 2902.004
4967 1566.57
4967 3368.456
4967 581.788
4967 434.092
4967 829.334
4967 1186.118
4967 1276.082
4967 1080.556
4967 642.664
4968 2110.754
4968 445.33
4968 595.07
4968 509.84
4968 1540.27
4968 767.664
4968 1138.336
4968 2176.866
4968 715.196
4968 1328.726
4968 1596.534
4969 1088.368
4969 987.51
4969 783.78
4969 804.076
4969 1196.538
4969 948.524
4969 614.672
4969 1096.172
4969 1169.646
4969 560.466
4969 3566.8
4969 1028.188
4969 2979.804
4969 888.79
4969 2531.732
4970 1460.09
4970 1417.354
4970 1266.118
4970 2149.062
4970 1659.714
4970 510.314
4970 1578.7
4970 905.432
4970 1483.666
4970 967.966
4970 626.046
4971 1544.492
4971 695.812
4971 659.872
4971 991.384
4971 553.748
4971 1344.158
4971 2653.136
4971 801.196
4971 990.434
4971 535.442
4971 423.982
4971 553.274
4972 906.234
4972 1268.16
4972 380.196
4972 933.37
4972 849.712
4972 486.99
4972 538.324
4972 1996.506
4972 509.7
4972 482.332
4972 581.494
4972 2967.374
4972 667.632
4972 710.572
4973 541.13
4973 977.222
4973 549.062
4973 1269.832
4973 848.916
4973 765.702
4973 754.8
4973 847.148
4973 929.54
4973 356.242
4973 1697.746
4973 3303.502
4973 816.686
4973 741.862
4973 1645.984
4973 307.464
4974 2362.09
4974 1432.15
4974 933.456
4974 964.006
4974 1404.494
4974 1858.082
4974 620.622
4974 900.582
4974 1016.024
4974 2152.24
4974 507.814
4974 641.922
4975 895.748
4975 1182.636
4975 1089.896
4975 530.358
4975 2240.436
4975 771.51
4975 2963.284
4975 1290.078
4975 465.8
4975 370.922
4975 913.352
4975 1435.006
4976 1277.924
4976 1485.552
4976 2268.156
4976 354.21
4976 840.65
4976 875.346
4976 629.924
4976 637.266
4976 8269.238
4977 804.548
4977 308.546
4977 652.702
4977 1058.15
4978 1451.966
4978 4278.518
4978 411.178
4978 842.764
4978 392.812
4978 3156.59
4978 820.836
4978 951.818
4978 158.548
4978 543.166
4978 2481.172
4978 1728.41
4978 1293.958
4979 519.432
4979 877.756
4979 863.884
4979 1278.754
4979 485.538
4980 942.896
4980 543.988
4980 405.638
4980 676.548
4980 762.728
4980 555.746
4980 1056.986
4980 560.076
4981 817.272
4981 1265.716
4981 948.128
4981 3751.666
4981 262.676
4981 2503.07
4981 526.004
4981 1030.378
4981 478.818
4981 1324.528
4981 804.03
4982 1111.662
4982 1955.396
4982 801.038
4982 1114.106
4982 849.686
4982 456.392
4982 1287.272
4982 880.06
4982 393.738
4983 869.908
4983 380.972
4983 1010.324
4983 446.622
4983 507.988
4983 283.738
4983 363.364
4983 1145.78
4983 1859.47
4984 948.04
4984 560.764
4984 1731.556
4984 1293.506
4984 790.18
4984 745.77
4984 2100.51
4984 1196.082
4984 1139.348
4985 428.824
4985 1479.384
4985 2374.248
4985 644.45
4985 469.716
4985 675.334
4985 1086.592
4986 1738.354
4986 720.164
4986 766.55
4986 1031.792
4986 1064.65
4986 1971.5
4986 813.178
4987 3329.136
4987 534.112
4987 368.334
4987 1510.322
4987 1956.334
4987 2018.084
4987 496.718
4987 2037.59
4987 1133.728
4987 566.666
4988 1020.43
4988 2367.566
4988 543.114
4988 850.886
4988 373.788
4988 2347.08
4988 835.76
4988 651.614
4988 804.178
4989 1135.734
4989 330.096
4989 2493.338
4989 592.452
4989 2061.71
4989 1175.618
4989 797.608
4989 442.66
4989 2499.984
4989 974.082
4989 2769.944
4990 286.728
4990 1673.24
4990 1892.446
4990 2845.414
4990 1628.166
4990 1981.792
4990 719.214
4990 1666.518
4990 1067.976
4990 788.264
4991 1996.956
4991 501.828
4991 900.036
4991 2593.152
4991 1392.954
4991 1175.06
4991 1081.92
4991 1910.134
4991 902.798
4991 3707.34
4991 3154.892
4991 3177.666
4991 603.834
4991 1516.252
4991 1167.356
4991 1496.766
4991 1376.536
4992 994.972
4992 1029.344
4992 2151.932
4992 2454.74
4992 3289.07
4992 303.366
4992 702.282
4992 961.652
4992 1821.446
4993 188.11
4993 1572.98
4993 627.692
4993 1370.804
4993 506.548
4993 1102.264
4993 1156.078
4993 804.928
4993 1691.862
4993 1106.134
4993 1969.672
4993 722.89
4993 977.856
4994 1677.826
4994 1195.534
4994 2133.31
4994 437.398
4994 1223
4994 1270.404
4994 818.874
4994 984.068
4994 323.718
4994 3230.41
4994 782.104
4994 618.068
4995 672.252
4995 5018.488
4995 555.628
4995 278.762
4995 1416.506
4995 1146.264
4995 1283.708
4995 1132.82
4995 1312.874
4995 1361.7
4995 546.572
4995 519.098
4995 1050.55
4996 778.322
4996 1092.244
4996 1036.56
4996 590.156
4996 433.02
4996 553.456
4996 1888.912
4996 844.844
4996 1669.734
4996 646.52
4996 1625.758
4997 4828.692
4997 1365.374
4997 698.694
4997 882.05
4997 526.81
4997 315.768
4997 780.974
4997 1034.472
4997 1587.55
4997 2411.108
4997 1207.58
4998 1074.342
4998 1379.372
4998 1705.03
4998 533.46
4998 1598.034
4999 1556.612
4999 315.59
4999 925.412
4999 900.788
4999 521.344
4999 2951.218
4999 592.486
4999 956.52
4999 2120.626
4999 814.276
4999 783.72
4999 863.608
4999 4809.196
4999 797.19
